regions,iso3,name,year,boreal,temperate,tropical,subtropical,1a_forestArea,1a_otherWoodedLand,1a_landArea,1b_naturallyRegeneratingForest,1b_plantedForest,1b_plantationForest,1b_plantationForestIntroduced,1b_otherPlantedForest,1c_primary,1c_tempUnstocked,1c_bamboos,1c_mangroves,1c_rubber,1f_palms,1f_treeOrchards,1f_agroforestry,1f_treesUrbanSettings,1f_other,2a_gs_ha_nat_reg,2a_gs_ha_planted,2a_gs_ha_plantation,2a_gs_ha_other_planted,2a_gs_ha_forest,2a_gs_ha_owl,2a_gs_tot_nat_reg,2a_gs_tot_planted,2a_gs_tot_plantation,2a_gs_tot_other_planted,2a_gs_tot_forest,2a_gs_tot_owl,2b_native_#1,2b_native_#2,2b_native_#3,2b_native_#4,2b_native_#5,2b_native_#6,2b_native_#7,2b_native_#8,2b_native_#9,2b_native_#10,2b_native_remaining,2b_native_total,2b_introduced_#1,2b_introduced_#2,2b_introduced_#3,2b_introduced_#4,2b_introduced_#5,2b_introduced_remaining,2b_introduced_total,2b_total_gs,2c_agb,2c_bgb,2c_dwb,2d_carbon_agb,2d_carbon_bgb,2d_carbon_dw,2d_carbon_litter,2d_carbon_soil,2d_soil_depth_cm,3a_prim_prod,3a_prim_prot,3a_prim_biodiv,3a_prim_socserv,3a_prim_multi,3a_prim_other,3a_prim_no_unknown,3a_tot_prod,3a_tot_prot,3a_tot_biodiv,3a_tot_socserv,3a_tot_other,3b_protected,3b_forMngt,3b_mngtProt,4a_priv_own,4a_individ,4a_bus_inst_fo,4a_indigenous_fo,4a_pub_own,4a_fo_unknown,4b_pub_admin,4b_individuals,4b_bus_inst_mr,4b_indigenous_mr,4b_unknown,5c_y_n,6a_policies_national,6a_policies_sub_national,6a_legislation_national,6a_legislation_sub_national,6a_platform_national,6a_platform_sub_national,6a_traceability_national,6a_traceability_sub_national,6b_pfe_y_n,6b_pfe_area,7a_employment_tot,7a_employment_fem,7a_employment_male,7a_emp_forestry_tot,7a_emp_forestry_fem,7a_emp_forestry_male,7a_emp_logging_tot,7a_emp_logging_fem,7a_emp_logging_male,7a_emp_nwfp_tot,7a_emp_nwfp_fem,7a_emp_nwfp_male,7a_emp_support_tot,7a_emp_support_fem,7a_emp_support_male,7b_phd_tot,7b_phd_fem,7b_phd_male,7b_msc_tot,7b_msc_fem,7b_msc_male,7b_ba_tot,7b_ba_fem,7b_ba_male,7b_tech_tot,7b_tech_fem,7b_tech_male,7b_total_tot,7b_total_fem,7b_total_male
Asia,ARE,United Arab Emirates,1990,0,0,100,0,245,4.1,7102,,,,,,0,,0,3.8,0,,,,,,,,,,48.89795918,,,,,,11.98,,,,,,,,,,,,,,,,,,,,,,74.33,31.96,14.9,34.94,15.02,6.98,2.08,,,0,0,0,0,245,0,0,,,,,,,,,0,0,0,0,245,0,245,0,0,0,0,no,,,,,,,,,yes,245,,,,,,,,,,,,,,,,,,,,,,,,,,,,,,
Asia,ARE,United Arab Emirates,2000,0,0,100,0,309.43,4.1,7102,,,,,,0,,0,4,0,,,,,,,,,,49.02562777,,,,,,15.17,,,,,,,,,,,,,,,,,,,,,,74.35,31.97,14.9,34.94,15.03,7,2.1,,,0,0,0,0,309.43,0,0,,,,,,,,,0,0,0,0,309.43,0,309.43,0,0,0,0,no,,,,,,,,,yes,310,,,,,,,,,,,,,,,,,,,,,,,,,,,,,,
Asia,ARE,United Arab Emirates,2010,0,0,100,0,317.3,4.35,7102,,,,,,0,,0,4.3,0,,,,,,,,,,48.91270091,,,,,,15.52,,,,,,,,,,,,,,,,,,,,,,74.31,31.96,14.88,34.92,15.03,7,2.11,,,0,0,0,0,317.3,0,0,,,,,,,,,0,0,0,0,317.3,0,371.3,0,0,0,-54,no,,,,,,,,,yes,317.3,,,,,,,,,,,,,,,,,,,,,,,,,,,,,,
Asia,ARE,United Arab Emirates,2015,0,0,100,0,317.3,4.6,7102,,,,,,0,,0,4.3,0,,,,,,,,,,49.79514655,,,,,,15.8,,,,,,,,,,,,,,,,,,,,,,74.43,31.43,14.63,34.97,15.07,7.01,2.11,,,0,0,0,0,317.3,0,0,,,,,,,,,0,0,0,0,317.3,0,317.3,0,0,0,0,no,,,,,,,,,yes,317.3,,,,,,,,,,,,,,,,,,,,,,,,,,,,,,
Asia,ARE,United Arab Emirates,2020,0,0,100,0,317.3,4.85,7102,,,,,,0,,0,4.3,0,,,,,,,,,,49.79514655,,,,,,15.8,,,,,,,,,,,,,,,,,,,,,,74.43,31.43,14.63,34.97,15.07,7.01,2.11,,,0,0,0,0,317.3,0,0,,,,,,,,,,,,,,,,,,,,no,,,,,,,,,yes,317.3,,,,,,,,,,,,,,,,,,,,,,,,,,,,,,
"Europe, UNECE, International Tropical Timber Organization, FOREST EUROPE",ALB,Albania,1990,0,40,0,60,788.8,256,2740,,,,,,84.8,,0,0,0,,,,,,,,,,95.39807302,,,,,,75.25,,37.77,15.07,10.37,3.93,,,,3.54,4.57,,,75.25,,,,,,,,75.25,,,,,,,,,,685,86.9,16.9,,,,0,,,,,,103.7,,,0,0,0,0,788.8,0,,,,,788.8,,yes,yes,yes,yes,,,,,yes,,,,,,,,,,,,,,,,,,,,,,,,,,,,,,,
"Europe, UNECE, International Tropical Timber Organization, FOREST EUROPE",ALB,Albania,2000,0,40,0,60,769.3,255,2740,,,,,,84.8,,0,0,0,,,,,,,,,,98.55712986,,,,,,75.82,,37.93,14.35,11.37,3.96,,,,3.81,4.41,,,75.83,,,,,,,,75.83,,,,,,,,,,620,96.8,52.4,,,,0.1,,,,,,149.2,,,6.8,0,0,0,762.5,0,,,,,762.5,,yes,yes,yes,yes,,,,,yes,,,,,,,,,,,,,,,,,,,,,,,,,,,,,,,
"Europe, UNECE, International Tropical Timber Organization, FOREST EUROPE",ALB,Albania,2010,0,40,0,60,782.07,260.69,2740,711.6837,70.39,70.3863,,0,84.8,,0,0,0,,,,,29.12,,,,,97.81733093,,,,,,76.5,,37.88,14.4,10.96,3.95,,,,3.57,4.24,,1.5,76.5,,,,,,,,76.5,,,,,,,,,,614.2,131.1,31,,,,,,,,,,162.1,776.3,,20.57,0,0,0,761.5,,,,,,761.5,,yes,yes,yes,yes,,,,,yes,776.3,,,,,,,,,,,,,,,,,,,,,,,,,,,,,,
"Europe, UNECE, International Tropical Timber Organization, FOREST EUROPE",ALB,Albania,2015,0,40,0,60,789.1875,263.0625,2740,,,,,,84.8,,0,0,0,,,,,25.32,,,,,70.00871149,,,,,,55.25,,24.5,11,6.54,2.32,2.09,1.98,0.07,2.81,2.87,1.07,0,55.25,,,,,,,,55.25,,,,,,,,,,629,130,31,,,,,,,,,,,,,21.62,0,0,0,767.57,,,,,,767.57,,yes,yes,yes,yes,,,,,yes,,,,,,,,,,,,,,,,,,,,,,,,,,,,,,,
"Europe, UNECE, International Tropical Timber Organization, FOREST EUROPE",ALB,Albania,2020,0,40,0,60,788.9,262.97,2740,,,,,,84.8,,0,0,0,,,,,,,,,,69.62859678,,,,,,54.93,,,,,,,,,,,,,,,,,,,,,,,,,,,,,,,628,130,31,,,,-0.1,,,,,,,,,,,,,,,,,,,,,yes,yes,yes,yes,,,,,yes,,,,,,,,,,,,,,,,,,,,,,,,,,,,,,,
"International Tropical Timber Organization, EU-27, Europe, FOREST EUROPE, UNECE",AUT,Austria,1990,0,100,0,0,3775.67,117.67,8252,2036.6,1739.4,0,0,1739.4,63,376,0,0,0,0,19.58,,,2.6,253.3634489,236.2883753,0,236.2883753,245.5193383,0,516,411,0,411,927,0,550,82,73,62,43,21,12,9,9,5,55,921,2,2,0.5,0.5,0,,5,926,143.5,37.1,1.6,70.37,18.29,0.78,15,106,50,2621.07,1119.11,0,35.49,0,0,0,3308,3775.67,,3495,,,1850,,2970.32,2152.13,461.39,356.8,805.35,0,805.35,0,0,0,0,yes,yes,yes,yes,yes,yes,no,yes,no,yes,3775.67,21.08,,,,,,,,,,,,,,,6,0,6,65,5,60,0,0,0,133,3,130,204,8,196
"International Tropical Timber Organization, EU-27, Europe, FOREST EUROPE, UNECE",AUT,Austria,2000,0,100,0,0,3838.14,116.71,8252,2154.3,1683.7,0,0,1683.7,63,380,0,0,0,0,17.39,,,3.37,275.7276145,280.9289066,0,280.9289066,277.9992392,0,594,473,0,473,1067,0,640,96,74,70,46,25,18,12,9,7,63,1060,3,2,0.5,0,0.5,,6,1066,157.4,40.8,2.1,76.89,19.97,1.03,,,50,2635.04,1137.62,30.24,35.24,0,0,0,3342,3838.14,116.6,3662,,,1881,,3085.48,2187.74,539.64,358.1,752.66,0,752.66,0,0,0,0,yes,yes,yes,yes,yes,yes,no,yes,no,yes,3838.14,18,,,,,,,,,,,,,,,13,2,11,52,6,46,0,0,0,95,10,85,159,18,142
"International Tropical Timber Organization, EU-27, Europe, FOREST EUROPE, UNECE",AUT,Austria,2010,0,100,0,0,3863.2,134.21,8252,2183.7,1679.3,0,0,1679.3,63,458,0,0,0,0,13.92,,,4.33,287.1273527,297.147621,0,297.147621,291.4682129,0,627,499,0,499,1126,0,672,106,73,71,48,27,23,15,9,8,68,1120,3,2,1,0,0,,6,1126,164.5,42.1,3.1,80.22,20.43,1.5,26,104,50,2309.19,1411.62,107.2,35.19,0,0,0,3336,3863.2,291.2,3761,,729.08,1932,,3130.35,2202.02,522.69,405.64,732.85,0,732.85,0,0,0,0,yes,yes,yes,yes,yes,yes,no,yes,no,yes,3863.2,20.25,,,,,,,,,,,,,,,11,3,8,38,10,28,32,8,24,100,6,94,181,27,154
"International Tropical Timber Organization, EU-27, Europe, FOREST EUROPE, UNECE",AUT,Austria,2015,0,100,0,0,3881.19,132.23,8252,2206.5,1674.5,0,0,1674.5,63,474,0,0,0,0,13.08,,,4.87,289.1457059,303.3741415,0,303.3741415,295.270265,0,638,508,0,508,1146,0,681,111,74,70,50,29,23,17,9,8,67.5,1139.5,3,2,1,0.5,0,,6.5,1146,168.4,42.3,3.4,82.03,20.67,1.7,,,50,2202.53,1446.52,188.01,44.13,0,0,0,3319,3881.19,501.59,3813,,852.23,1941,,3166.66,2212.28,575.58,378.8,714.53,0,677.53,0,37,0,0,yes,yes,yes,yes,yes,yes,no,yes,no,yes,3881.19,20.31,,,,,,,,,,,,,,,22,7,15,50,12,38,48,12,36,125,6,118,244,37,207
"International Tropical Timber Organization, EU-27, Europe, FOREST EUROPE, UNECE",AUT,Austria,2020,0,100,0,0,3899.15,130.24,8252,2227.5,1671.5,0,0,1671.5,63,490,0,0,0,0,13.08,,,4.87,289.1133558,312.2943464,0,312.2943464,299.0395343,0,644,522,0,522,1166,0,691,116,74,69,51,31,23,19,9,9,67.5,1159.5,3,2,1,0.5,0,,6.5,1166,172.3,42.7,3.7,83.84,20.91,1.79,,,50,2212.72,1453.21,188.89,44.33,0,0,0,3305,3899.15,521.04,3813,,878.4,1950,,,,,,,,,,,,,yes,yes,yes,yes,yes,yes,no,yes,no,yes,3899.15,,,,,,,,,,,,,,,,,,,,,,,,,,,,,,
North and Central America,BES,"Bonaire, Sint Eustatius and Saba",1990,0,0,100,0,1.91,18.98,32.2,1.91,0,0,0,0,,,0,0.35,0,,,,,,,,,,,,,,,,,,,,,,,,,,,,,,,,,,,,,,,,,,,,,,,,,0.32,,,,1.59,,,,,,0.32,,,,,,,,1.91,,,,,,no,,,,,,,,,,,,,,,,,,,,,,,,,,,,,,,,,,,,,,,,
North and Central America,BES,"Bonaire, Sint Eustatius and Saba",2000,0,0,100,0,1.91,18.98,32.2,1.91,0,0,0,0,,,0,0.35,0,,,,,,,,,,,,,,,,,,,,,,,,,,,,,,,,,,,,,,,,,,,,,,,,,0.32,,,,1.59,,,,,,0.32,,,,,,,,1.91,,,,,,no,,,,,,,,,,,,,,,,,,,,,,,,,,,,,,,,,,,,,,,,
North and Central America,BES,"Bonaire, Sint Eustatius and Saba",2010,0,0,100,0,1.91,18.98,32.2,1.91,0,0,0,0,,,0,0.35,0,,,,,,,,,,,,,,,,,,,,,,,,,,,,,,,,,,,,,,,,,,,,,,,,,0.32,,,,1.59,,,,,,0.32,,,,,,,,1.91,,,,,,no,,,,,,,,,,,,,,,,,,,,,,,,,,,,,,,,,,,,,,,,
North and Central America,BES,"Bonaire, Sint Eustatius and Saba",2015,0,0,100,0,1.91,18.98,32.2,1.91,0,0,0,0,,,0,0.35,0,,,,,,,,,,,,,,,,,,,,,,,,,,,,,,,,,,,,,,,,,,,,,,,,,0.32,,,,1.59,,,,,,0.32,,,,,,,,1.91,,,,,,no,,,,,,,,,,,,,,,,,,,,,,,,,,,,,,,,,,,,,,,,
North and Central America,BES,"Bonaire, Sint Eustatius and Saba",2020,0,0,100,0,1.91,18.98,32.2,1.91,0,0,0,0,,,0,0.35,0,,,,,,,,,,,,,,,,,,,,,,,,,,,,,,,,,,,,,,,,,,,,,,,,,0.32,,,,1.59,,,,,,0.32,,,,,,,,,,,,,,no,,,,,,,,,,,,,,,,,,,,,,,,,,,,,,,,,,,,,,,,
Africa,AGO,Angola,1990,0,0,100,0,79262.78,29620.59,124670,78302.22,960.56,960.56,0,0,,0,0,31.17,0,,,,,,35.54,254.8,254.8,0,38.2,,2782.860899,244.750688,244.750688,0,3027.838196,,,,,,,,,,,,,,,,,,,,,,30.3,6.13,2.6,14.4,2.88,1.2,,,,2422,1862,,,,,74978.78,2422,1862,,,,1862,0,0,0,0,0,0,79262.78,0,78302.22,0,0,0,960.56,no,yes,no,yes,no,yes,no,yes,no,yes,1862,,,,,,,,,,,,,,,,0,0,0,0,0,0,10,3,7,52,2,50,62,5,57
Africa,AGO,Angola,2000,0,0,100,0,77708.61,29039.79,124670,76766.88,941.73,941.73,0,0,,0,0,31.17,0,,,,,,35.54,254.8,254.8,0,38.2,,2728.294915,239.952804,239.952804,0,2968.468902,,,,,,,,,,,,,,,,,,,,,,30.3,6.13,2.6,14.4,2.88,1.2,,,,2369,1862,,,,,73477.61,2369,1862,,,,1862,0,0,0,0,0,0,77708.61,0,76766.88,0,0,0,941.73,no,yes,no,yes,no,yes,no,yes,no,yes,1862,,,,,,,,,,,,,,,,0,0,0,2,0,2,0,0,0,0,0,0,2,0,2
Africa,AGO,Angola,2010,0,0,100,0,72158,26965.52,124670,71283.53,874.46,874.46,0,0,,0,0,31.17,0,,,,,,35.54,254.8,254.8,0,38.2,,2533.416656,222.812408,222.812408,0,2756.4356,,,,,,,,,,,,,,,,,,,,,,30.3,6.13,2.6,14.4,2.88,1.2,,,,2317,1862,,,,,67979,2317,1862,,,,1862,0,0,0,0,0,0,72158,0,71283.53,0,0,0,874.47,no,yes,no,yes,no,yes,no,yes,no,yes,1862,,,,,,,,,,,,,,,,0,0,0,3,0,3,0,0,0,41,5,36,44,5,39
Africa,AGO,Angola,2015,0,0,100,0,69382.69,25928.38,124670,68541.86,840.83,840.83,0,0,26743,0,0,31.17,0,,,,,,35.54,254.8,254.8,0,38.2,,2435.977704,214.243484,214.243484,0,2650.418758,,,,,,,,,,,,,,,,,,,,,,30.3,6.13,2.6,14.4,2.88,1.2,,,,2291,1862,,,,,,2291,1862,,,,1862,0,0,0,0,0,0,69382.69,,68541.86,0,0,0,840.83,no,yes,no,yes,no,yes,no,yes,no,yes,1862,,,,,,,,,,,,,,,,0,0,0,1,0,1,18,5,13,20,2,18,39,7,42
Africa,AGO,Angola,2020,0,0,100,0,66607.38,24891.24,124670,65800.19,807.2,807.2,0,0,26743,0,0,31.17,0,,,,,,35.54,254.8,254.8,0,38.2,,2338.538753,205.67456,205.67456,0,2544.401916,,,,,,,,,,,,,,,,,,,,,,30.3,6.13,2.6,14.4,2.88,1.2,,,,2289.8,1862,,,,,62455.58,2289.8,1862,,,,1862,0,0,,,,,,,,,,,,no,yes,no,yes,no,yes,no,yes,no,yes,1862,,,,,,,,,,,,,,,,,,,,,,,,,,,,,,
"UNECE, FOREST EUROPE, EU-27, Europe, International Tropical Timber Organization",BEL,Belgium,1990,0,100,0,0,677.4,20.7,3028,231.1,446.3,446.3,306,0,0,,0,0,0,0,,,,,,,,,,,,,,,,,,,,,,,,,,,,,,,,,,,,,118.98,23.7,4.13,59.46,11.89,2.04,8.28,80.4,20,0,0,0,0,677.4,0,0,,,,677.4,,,,,383.4,,,,294,0,294,0,0,0,0,no,,yes,,yes,,yes,yes,yes,yes,,,,,,,,,,,,,,,,,,,,,,,,,,,,,,,
"UNECE, FOREST EUROPE, EU-27, Europe, International Tropical Timber Organization",BEL,Belgium,2000,0,100,0,0,667.3,27.1,3028,259.2,407.9,407.9,229.2,0,0,,0,0,0,0,,,,,,,,,,,,,,,,,28.9,18.7,11.5,4.8,4,,,,,,,67.9,53,7.9,3.3,,3.4,,67.6,135.5,148.48,30.56,4.14,74.24,15.27,2.1,8.29,84.42,20,0,0,0,0,667.3,0,0,,179.1,8.3,667.3,,27.2,,,377.3,,,,290,0,290,0,0,0,0,no,,yes,,yes,,yes,yes,yes,yes,,,,,,,,,,,,,,,,,,,,,,,,,,,,,,,
"UNECE, FOREST EUROPE, EU-27, Europe, International Tropical Timber Organization",BEL,Belgium,2010,0,100,0,0,689.87,32.8,3028,283.4,406.37,406.37,289.3,0,0,,0,0,0,0,,,,,,,,,,,,,,,,,32.8,23.5,15.3,5.4,5,,,,,,,82,52.2,7.1,7.5,,3.7,,70.5,152.5,164.54,31.82,5.22,82.26,16.87,2.65,8.21,89.29,20,0,0,0,0,681.2,0,8.67,,170.9,16,681.2,,26.3,,,376.8,320.3,56.5,,304.4,8.67,304.4,0,0,0,0,no,,yes,,yes,,yes,yes,yes,yes,,,,,,,,,,,,,,,,,,,,,,,,,,,,,,,
"UNECE, FOREST EUROPE, EU-27, Europe, International Tropical Timber Organization",BEL,Belgium,2015,0,100,0,0,689.3,32.9,3028,251.2,438.2,438.2,350.2,0,0,28.6,0,0,0,0,18.5,8.1,5.3,7.9,249.2038217,266.7731629,266.7731629,,260.4091107,,62.6,116.9,116.9,0,179.5,,35.2,23.2,13.5,6.2,5.3,3.3,3,2.8,1,0.8,4.5,98.8,49.8,6.9,6.8,4.9,3.8,8.5,80.7,179.5,172.3,35.6,6.4,86.4,17.8,3.2,8.2,87.6,20,0,0,12.4,0,676.9,0,0,,159.8,12.4,683.4,,180.3,307.7,,363.04,308.6,54.44,,326.26,0,324.92,0,0,0,1.34,no,,yes,,yes,,yes,yes,yes,yes,513.17,4.4,,,1.95,,,2.4,,,0,,,0.04,,,11,5,6,59,30,29,79,25,55,,,,149,60,89
"UNECE, FOREST EUROPE, EU-27, Europe, International Tropical Timber Organization",BEL,Belgium,2020,0,100,0,0,689.3,32.9,3028,251.2,438.2,438.2,350.2,0,0,28.6,0,0,0,0,18.5,8.1,5.3,7.9,,,,,,,,,,,,,,,,,,,,,,,,,,,,,,,,,,,,,,,,,20,0,0,12.4,0,676.9,0,0,,,,,,,,,,,,,,,,,,,,no,,yes,,yes,,yes,yes,yes,yes,,,,,,,,,,,,,,,,,,,,,,,,,,,,,,,
"International Tropical Timber Organization, Africa",BEN,Benin,1990,0,0,100,0,4835.15,1951.55,11276,4822.53,13,13,13,0,0,,,7.71,0,,,,,,60.99,34.75,34.75,0,60.92,,294.1261047,0.45175,0.45175,0,294.557338,,,,,,,,,,,,,,,,,,,,,,103.56,20.71,2.5,48.68,9.74,,2.1,47,30,1436,,1247,,,,2152.15,,2522,1093,18,,2522,,,18,,,,4817.15,0,2522,,,18,2277.15,no,yes,yes,yes,no,yes,yes,no,no,yes,,,,,,,,,,,,,,,,,,,,,,,,,,,,,,,
"International Tropical Timber Organization, Africa",BEN,Benin,2000,0,0,100,0,4135.15,1951.55,11276,4118.78,16,16,16,0,0,,,3.34,0,,,,,,60.99,34.75,34.75,0,60.92,,251.2043922,0.556,0.556,0,251.913338,,,,,,,,,,,,,,,,,,,,,,103.56,20.71,2.5,48.68,9.74,,2.1,47,30,1436,,1247,,,,1452.15,,2522,1093,18,,2522,,,18,,,,4117.15,0,2522,,,18,1577.15,no,yes,yes,yes,no,yes,yes,no,no,yes,,,,,,,,,,,,,,,,,,,,,,,,,,,,,,,
"International Tropical Timber Organization, Africa",BEN,Benin,2010,0,0,100,0,3635.15,1951.55,11276,3615.15,20,20,20,0,0,,,1.28,0,,,,,,60.99,34.75,34.75,0,60.92,,220.4879985,0.695,0.695,0,221.453338,,5.99,2.93,2.75,2.16,2.12,1.86,1.65,1.62,1.21,1.15,198.01,221.45,,,,,,,,221.45,103.56,20.71,2.5,48.68,9.74,,2.1,47,30,1436,,1247,,,,952.15,,2522,1093,18,,2522,1261,,44,26,,,3591.15,0,3017,,,,574.15,no,yes,yes,yes,no,yes,yes,no,no,yes,2522,,,,,,,,,,,,,,,,,,,,,,,,,,,,,,
"International Tropical Timber Organization, Africa",BEN,Benin,2015,0,0,100,0,3385.15,1951.55,11276,3363.15,22,22,22,0,0,,,1.41,0,,,,,,60.99,34.75,34.75,0,60.92,,205.1185185,0.7645,0.7645,0,206.223338,,,,,,,,,,,,,,,,,,,,,,103.56,20.71,2.5,48.68,9.74,,2.1,47,30,1436,,1247,,,,702.15,,2522,1093,18,,2522,1414.74,,,,,,,3385.15,,,,,,no,yes,yes,yes,no,yes,yes,no,no,yes,,,,,,,,,,,,,,,,,,,,,,,,,,198,,,,,
"International Tropical Timber Organization, Africa",BEN,Benin,2020,0,0,100,0,3135.15,1951.55,11276,3112.15,23,23,23,0,0,,,0.16,0,,,,,,60.99,34.75,34.75,0,60.92,,189.8100285,0.79925,0.79925,0,190.993338,,,,,,,,,,,,,,,,,,,,,,103.56,20.71,2.5,48.68,9.74,,2.1,47,30,,,,,,,3135.15,,,,,,2522,1414.74,,,,,,,,,,,,,no,yes,yes,yes,no,yes,yes,no,no,yes,,,,,,,,,,,,,,,,,,,,,,,,,,,,,,,
North and Central America,ATG,Antigua and Barbuda,1990,0,0,100,0,10.11,15.6,44,,,,,,0,,,1.21,0,,,,,,,,,,123,,,,,,1.24353,,,,,,,,,,,,,,,,,,,,,,210,59,,98.7,27.73,,,,,,,,,,,10.11,,,,,,,,,,,,,,10.11,,,,,,no,,,,,,,,,,,,,,,,,,,,,,,,,,,,,,,,,,,,,,,,
North and Central America,ATG,Antigua and Barbuda,2000,0,0,100,0,9.45,15.6,44,,,,,,0,,,0.85,0,,,,,,,,,,123,,,,,,1.16235,,,,,,,,,,,,,,,,,,,,,,210,59,,98.7,27.73,,,,,,,,,,,9.45,,,,,,,,,,,,,,9.45,,,,,,no,,,,,,,,,,,,,,,,,,,,,,,,,,,,,,,,,,,,,,,,
North and Central America,ATG,Antigua and Barbuda,2010,0,0,100,0,8.78,15.6,44,,,,,,0,,,0.67,0,,,,,,,,,,123,,,,,,1.07994,,,,,,,,,,,,,,,,,,,,,,210,59,,98.7,27.73,,,,,,,,,,,8.78,,,,,,,,,,,,,,8.78,,,,,,no,,,,,,,,,,,,,,,,,,,,,,,,,,,,,,,,,,,,,,,,
North and Central America,ATG,Antigua and Barbuda,2015,0,0,100,0,8.45,15.6,44,,,,,,0,,,0.67,0,,,,,,,,,,123,,,,,,1.03935,,,,,,,,,,,,,,,,,,,,,,210,59,,98.7,27.73,,,,,,,,,,,8.45,,,,,,,,,,,,,,8.45,,,,,,no,,,,,,,,,,,,,,,,,,,,,,,,,,,,,,,,,,,,,,,,
North and Central America,ATG,Antigua and Barbuda,2020,0,0,100,0,8.12,15.6,44,,,,,,0,,,0.67,0,,,,,,,,,,123,,,,,,0.99876,,,,,,,,,,,,,,,,,,,,,,210,59,,98.7,27.73,,,,,,,,,,,8.12,,,,,,,,,,,,,,,,,,,,no,,,,,,,,,,,,,,,,,,,,,,,,,,,,,,,,,,,,,,,,
"Asia, UNECE",ARM,Armenia,1990,0,39,0,61,334.73,41.18,2847,321,13.73,0,0,13.73,17,,0,0,0,,,,,,,,,,125.5041377,19.42690627,,,,,42.01,0.8,20.81,12.62,6.04,0.61,0.45,0.16,0.31,0.24,0.1,0.14,0.51,41.99,,,,,,,,41.99,82.69,19.04,,38.9,8.96,,28.18,36.84,30,0,205.7,0,71.6,0,57.4,0.03,,,,,,,,,0,0,0,0,334.73,0,334.73,0,0,0,0,,yes,no,yes,no,no,no,,,,,,,,,,,,,,,,,,,,,,,,,,,,,,,,,,
"Asia, UNECE",ARM,Armenia,2000,0,39,0,61,332.64,52.26,2847,322,10.64,0,0,10.64,17,,0,0,0,,,,,,,,,,126.6233766,15.30807501,,,,,42.12,0.8,20.62,11.74,6.28,0.6,0.45,0.17,0.29,0.18,0.23,0.18,0.37,41.11,,,,,,,,41.11,81.38,18.74,,38.29,8.8,,28.17,36.82,30,0,205,0,70.4,0,57.2,0.04,,,,,,,,,0,0,0,0,332.64,0,332.64,0,0,0,0,,yes,no,yes,no,no,no,,,,,,,,,,,,,,,,,,,,,,,,,,,,,,,,,,
"Asia, UNECE",ARM,Armenia,2010,0,39,0,61,330.56,63.34,2847,310,20.56,0,0,20.56,17,,0,0,0,,,,,,,,,,121.6723136,12.63024945,,,,,40.22,0.8,20.52,11.3,6.4,0.6,0.45,0.17,0.28,0.15,0.3,0.2,0.3,40.67,,,,,,,,40.67,80.06,18.46,,37.7,8.67,,28.16,36.8,30,0,133,0,0,0,130.4,67.16,,,,,,,,,0,0,0,0,330.56,0,330.56,0,0,0,0,,yes,no,yes,no,no,no,,,,,,,,,,,,,,,,,,,,,,,,,,,,,,,,,,
"Asia, UNECE",ARM,Armenia,2015,0,39,0,61,329.52,68.88,2847,310,19.52,0,0,19.52,17,,0,0,0,,,,,,,,,,123.4219471,11.61440186,,,,,40.67,0.8,20.52,11.3,6.4,0.6,0.45,0.17,0.28,0.15,0.3,0.2,0.3,40.67,,,,,,,,40.67,80.72,18.58,,38.01,8.83,,28.16,36.81,30,,,,,,,329.52,,,,,,,,,0,0,0,0,329.52,0,329.52,0,0,0,0,,yes,no,yes,no,no,no,,,,,,,,,,,,,,,,,,,,,,,,,,,,,,,,,,
"Asia, UNECE",ARM,Armenia,2020,0,39,0,61,328.47,74.43,2847,310,18.47,0,0,18.47,17,,0,0,0,,,,,,,,,,,,,,,,,,,,,,,,,,,,,,,,,,,,,,,,,,,,,,30,,,,,,,328.47,,,,,,,,,,,,,,,,,,,,,yes,no,yes,no,no,no,,,,,,,,,,,,,,,,,,,,,,,,,,,,,,,,,,
"UNECE, FOREST EUROPE, Europe",AND,Andorra,1990,0,100,0,0,16,0,47,16,0,0,0,0,0,,0,0,0,0,,,,,220,0,,,220,,3.52,0,0,0,3.52,0,,,,,,,,,,,,,,,,,,,,,154,30.8,,72.38,14.48,,,,,,,,,,,16,,,,,,,,,,,,,,16,,,,,,no,,yes,,,,yes,,yes,,,,,,,,,,,,,,,,,,,,,,,,,,,,,,,,
"UNECE, FOREST EUROPE, Europe",AND,Andorra,2000,0,100,0,0,16,0,47,16,0,0,0,0,0,,0,0,0,0,,,,,220,0,,,220,,3.52,0,0,0,3.52,0,,,,,,,,,,,,,,,,,,,,,154,30.8,,72.38,14.48,,,,,,,,,,,16,,,,,,,,,,,,,,16,,,,,,no,,yes,,,,yes,,yes,,,,,,,,,,,,,,,,,,,,,,,,,,,,,,,,
"UNECE, FOREST EUROPE, Europe",AND,Andorra,2010,0,100,0,0,16,0,47,16,0,0,0,0,0,,0,0,0,0,,,,,220,0,,,220,,3.52,0,0,0,3.52,0,,,,,,,,,,,,,,,,,,,,,154,30.8,,72.38,14.48,,,,,,,,,,,16,,,,,,,,,0.1,0,0,0,15.9,0,15.9,0,0,0,0,no,,yes,,,,yes,,yes,,,,,,,,,,,,,,,,,,,,,,,,,,,,,,,,
"UNECE, FOREST EUROPE, Europe",AND,Andorra,2015,0,100,0,0,16,0,47,16,0,0,0,0,0,,0,0,0,0,,,,,220,0,,,220,,3.52,0,0,0,3.52,0,,,,,,,,,,,,,,,,,,,,,154,30.8,,72.38,14.48,,,,,0.5,7,6.7,1.37,,,0.43,,,,,,,,,,,,,,16,,,,,,no,,yes,,,,yes,,yes,,,,,,,,,,,,,,,,,,,,,,,,,,,,,,,,
"UNECE, FOREST EUROPE, Europe",AND,Andorra,2020,0,100,0,0,16,0,47,16,0,0,0,0,0,,0,0,0,0,,,,,220,0,,,220,,3.52,0,0,0,3.52,0,,,,,,,,,,,,,,,,,,,,,154,30.8,,72.38,14.48,,,,,,,,,,,16,,,,,,,,,,,,,,,,,,,,no,,yes,,,,yes,,yes,,,,,,,,,,,,,,,,,,,,,,,,,,,,,,,,
North and Central America,BMU,Bermuda,1990,0,0,0,100,1,0,5,,,,,,,,,0.01,0,,,,,,,,,,,,,,,,,,,,,,,,,,,,,,,,,,,,,,,,,,,,,,,,,,,,,1,,,,,,,,,,,,,,1,,,,,,no,,,,,,,,,,,,,,,,,,,,,,,,,,,,,,,,,,,,,,,,
North and Central America,BMU,Bermuda,2000,0,0,0,100,1,0,5,,,,,,,,,0.01,0,,,,,,,,,,,,,,,,,,,,,,,,,,,,,,,,,,,,,,,,,,,,,,,,,,,,,1,,,,,,,,,,,,,,1,,,,,,no,,,,,,,,,,,,,,,,,,,,,,,,,,,,,,,,,,,,,,,,
North and Central America,BMU,Bermuda,2010,0,0,0,100,1,0,5,,,,,,,,,0.01,0,,,,,,,,,,,,,,,,,,,,,,,,,,,,,,,,,,,,,,,,,,,,,,,,,,,,,1,,,,,,,,,,,,,,1,,,,,,no,,,,,,,,,,,,,,,,,,,,,,,,,,,,,,,,,,,,,,,,
North and Central America,BMU,Bermuda,2015,0,0,0,100,1,0,5,,,,,,,,,0.01,0,,,,,,,,,,,,,,,,,,,,,,,,,,,,,,,,,,,,,,,,,,,,,,,,,,,,,1,,,,,,,,,,,,,,1,,,,,,no,,,,,,,,,,,,,,,,,,,,,,,,,,,,,,,,,,,,,,,,
North and Central America,BMU,Bermuda,2020,0,0,0,100,1,0,5,,,,,,,,,0.01,0,,,,,,,,,,,,,,,,,,,,,,,,,,,,,,,,,,,,,,,,,,,,,,,,,,,,,1,,,,,,,,,,,,,,,,,,,,no,,,,,,,,,,,,,,,,,,,,,,,,,,,,,,,,,,,,,,,,
"International Tropical Timber Organization, Montreal Process, Oceania",AUS,Australia,1990,0,35,15,50,133882.2,,768230,132859.3,1022.9,1022.9,926.44053,,,,,1045,,,,,,,,,,,,,,,,,,,,,,,,,,,,,,,,,,,,,,,,,,,,,,,30,1022.9,,14481.66,,11382.6,0,,12405.5,,25864.2,27091.9,106488.6,14481.66,,,36124.62,,,,96746.39,,40389.38,56357.01,,,0,no,yes,yes,yes,yes,yes,yes,yes,yes,yes,26281.28,,,,,,,,,,,,,,,,,,,,,,,,,,,,,,
"International Tropical Timber Organization, Montreal Process, Oceania",AUS,Australia,2000,0,35,15,50,131814.1,,768230,130329.4,1484.7,1484.7,972.18156,,4963,,,749,,,,,,,,,,,,,,,,,,,,,,,,,,,,,,,,,,,,,,,85.56,40.69,24.72,42.78,20.35,12.36,4.52,86.61,30,1484.7,,17594.47,,9129,0,,10613.7,,26723.5,26965.9,103983.1,17594.47,,,31773.37,,,,98058.21,,37495.26,60562.95,,,0,no,yes,yes,yes,yes,yes,yes,yes,yes,yes,26256.99,,,,,,,,,,,,,,,,,,,,,,,,,,,,,,
"International Tropical Timber Organization, Montreal Process, Oceania",AUS,Australia,2010,0,35,15,50,129546.1,,768230,127378.2,2167.9,2008.9,1023.53455,159,,,,913,,,,,,,,,,,,,,,,,,,,,,,,,,,,,,,,,,,,,,,86.36,40.97,24.98,43.18,20.49,12.49,4.55,87.71,30,2008.9,,22260.35,,10556.6,0,,12565.5,30961.5,40733.1,33330.6,94662.1,22260.35,28824.69,17911.85,36184.19,,,16847.83,92342.3,,39354.76,50495.29,,2492.25,0,no,yes,yes,yes,yes,yes,yes,yes,yes,yes,32763.7,7.57,,,,,,,,,,,,2.17,,,32,,,,,,28,,,437,,,499,,
"International Tropical Timber Organization, Montreal Process, Oceania",AUS,Australia,2015,0,35,15,50,133094.5,,768230,130676.7,2417.8,1973.4,1035.44298,444.4,4504,,,854,,,,,,,,,,,,,,,,,,,,,,,,,,,,,,,,,,,,,,,84.56,40.05,24.31,42.28,20.02,12.16,4.46,85.99,30,1973.4,,23899.97,,10440.8,0,,12414.2,36334.8,45736.9,32116.8,99401.5,23899.97,42965.58,19048.04,43018.03,,,17862.51,89217,,38104.8,46239.71,,4872.49,0,no,yes,yes,yes,yes,yes,yes,yes,yes,yes,31154.3,8.98,,,,,,,,,,,,2.96,,,52,,,,,,31,,,301,,,364,,
"International Tropical Timber Organization, Montreal Process, Oceania",AUS,Australia,2020,0,35,15,50,134005.1,,768230,131614.8,2390.3,1942.7,1037.01,447.6,,,,,,,,,,,,,,,,,,,,,,,,,,,,,,,,,,,,,,,,,,,83.98,39.77,24.15,41.99,19.89,12.07,4.43,85.41,30,1942.7,,24071.55,,10515.77,0,97475.08,12383.5,36053,46065.19,32347.37,100115.1,24071.55,43259.64,19178.43,,,,,,,,,,,,no,yes,yes,yes,yes,yes,yes,yes,yes,yes,,,,,,,,,,,,,,,,,,,,,,,,,,,,,,,
Asia,AFG,Afghanistan,1990,0,3,0,97,1208.44,571.61,65286,1208.44,0,0,0,0,,,,,,,20,0.11,,,,,,,,,,,,,,,,,,,,,,,,,,,,,,,,,,,,,,,,,,,,,,,,,,1208.44,,,,,,,,,0,0,0,0,1208.44,0,1208.44,0,0,0,0,yes,yes,yes,yes,yes,yes,yes,no,no,yes,1208.44,,,,,,,,,,,,,,,,,,,,,,220,20,200,,,,,,
Asia,AFG,Afghanistan,2000,0,3,0,97,1208.44,571.61,65286,1208.44,0,0,0,0,,,,,,,40,0.1,,,,,,,,,,,,,,,,,,,,,,,,,,,,,,,,,,,,,,,,,,,,,,5,,,,1203.44,,,5,,,,,,0,0,0,0,1208.44,0,1208.44,0,0,0,0,yes,yes,yes,yes,yes,yes,yes,no,no,yes,1208.44,,,,,,,,,,,,,,,,,,,,,,250,30,220,,,,,,
Asia,AFG,Afghanistan,2010,0,3,0,97,1208.44,571.61,65286,1208.44,0,0,0,0,,,,,,,45,0.15,,,,,,,,,,,,,,,,,,,,,,,,,,,,,,,,,,,,,,,,,,,,,,60,,,,1148.44,,,60,,,,,,0,0,0,0,1208.44,0,1208.44,0,0,0,0,yes,yes,yes,yes,yes,yes,yes,no,no,yes,1208.44,,,,,,,,,,,,,,,,,,,,,,250,30,220,180,20,160,,,
Asia,AFG,Afghanistan,2015,0,3,0,97,1208.44,571.61,65286,1208.44,0,0,0,0,,,,,,,117.64,0.14,,,,,,,,,,,,,,,,,,,,,,,,,,,,,,,,,,,,,,,,,,,,,,95,,,,1113.44,,,95,,,,,,0,0,0,0,1208.44,0,1208.44,0,0,0,0,yes,yes,yes,yes,yes,yes,yes,no,no,yes,1208.44,,,,,,,,,,,,,,,,,,,,,,300,50,250,400,100,300,,,
Asia,AFG,Afghanistan,2020,0,3,0,97,1208.44,571.61,65286,1208.44,0,0,0,0,,,,,,,120,0.62,,,,,,,,,,,,,,,,,,,,,,,,,,,,,,,,,,,,,,,,,,,,,,95,,,,1113.44,,,95,,,,18,,,,,,,,,,,,,yes,yes,yes,yes,yes,yes,yes,no,no,yes,1208.44,,,,,,,,,,,,,,,,,,,,,,,,,,,,,,
Asia,BHR,Bahrain,1990,0,0,0,100,0.22,0.09,77,0,0.22,0.22,0,0,,,0,0.09,0,,,,,,,,,,,,,,,,,,,,,,,,,,,,,,,,,,,,,,,,,,,,,,,0,0.22,0,0,0,0,0,,,,,,,,,0,0,0,0,0.22,0,,,,,0.22,no,,,,,,,,,,,,,,,,,,,,,,,,,,,,,,,,,,,,,,,,
Asia,BHR,Bahrain,2000,0,0,0,100,0.37,0.09,77,0,0.37,0.37,0,0,,,0,0.09,0,,,,,,,,,,,,,,,,,,,,,,,,,,,,,,,,,,,,,,,,,,,,,,,0,0.37,0,0,0,0,,,,,,,,,,0,0,0,0,0.37,,,,,,0.37,no,,,,,,,,,,,,,,,,,,,,,,,,,,,,,,,,,,,,,,,,
Asia,BHR,Bahrain,2010,0,0,0,100,0.52,0.09,77,0,0.52,0.52,0,0,,,0,0.09,0,,,,,,,,,,,,,,,,,,,,,,,,,,,,,,,,,,,,,,,,,,,,,,,0,0.52,0,0,0,0,0,,,,,,,,,0,0,0,0,0.52,0,,,,,0.52,no,,,,,,,,,,,,,,,,,,,,,,,,,,,,,,,,,,,,,,,,
Asia,BHR,Bahrain,2015,0,0,0,100,0.6,0.09,77,0,0.6,0.6,0,0,,,0,0.09,0,,,,,,,,,,,,,,,,,,,,,,,,,,,,,,,,,,,,,,,,,,,,,,,0,0.6,0,0,0,0,0,,,,,,,,,0,0,0,0,0.6,0,,,,,0.6,no,,,,,,,,,,,,,,,,,,,,,,,,,,,,,,,,,,,,,,,,
Asia,BHR,Bahrain,2020,0,0,0,100,0.7,0.09,77,0,0.7,0.7,0,0,,,0,0.09,0,,,,,,,,,,,,,,,,,,,,,,,,,,,,,,,,,,,,,,,,,,,,,,,0,0.6,0,0,0,0,0.1,,,,,,,,,,,,,,,,,,,,no,,,,,,,,,,,,,,,,,,,,,,,,,,,,,,,,,,,,,,,,
"Montreal Process, South America",ARG,Argentina,1990,0,8,83,9,35204,63580,273669,34438,766,766,751,0,,,,0,,,,,,,74.79,515.5,515.5,,84.37933189,12.76,2575.61802,394.873,394.873,0,2970.49,811.2808,658.57,405.41,262.38,156.26,95.39,47.4,54.05,55.71,45.55,44.98,749.91,2575.61,166,111,74,12,5,29,397,2972.61,172.98,44.85,,82.65,21.44,,3.67,45.42,30,766,,,,,,34438,766,,,,,1566,,,767,,,,2,34435,,,,,2,no,yes,yes,yes,yes,yes,yes,yes,no,yes,,,,,,,,,,,,,,,,,,,,,,,,,,,,,,,
"Montreal Process, South America",ARG,Argentina,2000,0,8,83,9,33378,63950,273669,32302,1076,1076,1054,0,,,,0,,,,,,,77.47,515.5,515.5,,91.59086824,12.68,2502.43594,554.678,554.678,0,3057.12,810.886,658.57,405.41,238.1,141.73,86.52,45.63,49.52,50.53,42.27,41.52,742.64,2502.44,233,156,104,17,7,41,558,3060.44,177.07,45.65,,84.58,21.82,,3.75,46.08,30,1076,,,,,,32302,1076,,,,,1738,,,1077,,,,3,32298,,,,,3,no,yes,yes,yes,yes,yes,yes,yes,no,yes,,10,,,,,,,,,,,,,,,46,,,570,,,835,,,,,,,,
"Montreal Process, South America",ARG,Argentina,2010,0,8,83,9,30214,63440,273669,29027,1187,1187,1163,0,,,,0,,,,,,,81.7,515.5,515.5,,98.74263586,12.56,2371.5059,611.8985,611.8985,0,2983.41,796.8064,658.57,405.41,206.76,123,75.09,44.09,43.81,43.86,40.01,36.7,694.2,2371.5,257,172,114,18,8,44,613,2984.5,182.12,46.67,,86.96,22.29,,3.85,46.9,30,1195.92,,208.08,0,258.68,409.7,28141.62,1328.83,,323.84,58.46,624.99,1747,,,1189,,,,3,29022,,,,,3,no,yes,yes,yes,yes,yes,yes,yes,no,yes,36225,12,,,,,,,,,,,,,,,725,,,1201,,,1158,,,,,,,,
"Montreal Process, South America",ARG,Argentina,2015,0,8,83,9,29097,63193,273669,27812,1285,1285,1259,0,,,,0,,,,30.34,,,83.36,515.5,515.5,,102.4445819,12.51,2318.40832,662.4175,662.4175,0,2980.83,790.54443,655.68,402.27,195.86,116.49,71.11,43.8,41.88,41.53,39.27,34.91,675.61,2318.41,278,186,124,20,9,48,665,2983.41,184.34,47.1,,88.01,22.5,,3.89,47.26,30,1299.22,,111.65,53.48,2810.9,371.62,24450.13,1440.83,,2415.63,555.83,3171.82,1856,,,1289,,,,4,27804,,,,,4,no,yes,yes,yes,yes,yes,yes,yes,no,yes,42554,9,,,,,,,,,,,,,,,1107,,,1431,,,1515,,,,,,,,
"Montreal Process, South America",ARG,Argentina,2020,0,8,83,9,28573,62964,273669,27137,1436,1436,1407,0,,,,0,,,,34.47,,,83.98,515.5,515.5,,105.6672383,12.43,2278.96526,740.258,740.258,0,3019.23,782.64252,648.44,394.4,190.1,113.04,69.01,43.74,40.87,40.31,38.19,34.02,666.83,2278.95,311,208,138,22,10,54,743,3021.95,185.74,47.35,,88.65,22.61,,3.89,47.49,30,1444.93,,982.46,3.2,3234.63,3531.03,19376.75,2957.17,,2646.03,2845.52,6700.87,1928,,,,,,,,,,,,,,no,yes,yes,yes,yes,yes,yes,yes,no,yes,43233,,,,,,,,,,,,,,,,,,,,,,,,,,,,,,
"International Tropical Timber Organization, FOREST EUROPE, EU-27, UNECE, Europe",BGR,Bulgaria,1990,0,98,0,2,3327,130,10856,2295,1032,0,0,1032,157,,0,0,0,0,,,,,122,122,0,122,122,,279.99,125.904,0,125.904,405.894,,107.3,85.2,63.9,22,35.1,25.8,23.9,10.4,6.3,3.7,19.19,402.79,1,2,0.1,,,,3.1,405.89,108.46,27.7,,50.98,13.02,,6.12,,,2365,430,132,222,178,0,0,2365,,132,7,,132,3327,132,0,0,0,0,3327,0,3327,0,0,0,0,no,yes,no,yes,no,no,no,yes,no,yes,3327,,,,,,,,,,,,,,,,,,,,,,,,,,,,,,
"International Tropical Timber Organization, FOREST EUROPE, EU-27, UNECE, Europe",BGR,Bulgaria,2000,0,98,0,2,3375,104,10856,2442,933,0,0,933,270,,0,0,0,0,99,,,,155.88,156,0,156,156,,380.65896,145.548,0,145.548,526.5,,130.1,114.4,76.9,53.6,42.6,32.5,20.5,10.8,8.2,4.1,29.36,523.06,1.5,1.8,0.12,,,,3.42,526.48,139.9,33.83,,65.75,15.9,,7.89,,,2258,433,245,222,217,0,0,2258,,245,,,245,3230,100,283,264,19,0,3092,0,3092,0,0,0,0,no,yes,no,yes,no,no,no,yes,no,yes,3375,26.18,6.6,19.58,,,,,,,,,,,,,,,,,,,,,,,,,,,
"International Tropical Timber Organization, FOREST EUROPE, EU-27, UNECE, Europe",BGR,Bulgaria,2010,0,98,0,2,3737,24,10856,2920,817,0,0,817,597,,0,0,0,0,73,,,,172.69,174,0,174,173,,504.2548,142.158,0,142.158,646.501,,154.6,138,93.2,70.2,55.3,44.8,24.8,13.2,11.2,4.4,31,640.7,2.8,2.8,0.14,,,,5.74,646.44,157.63,37.69,,74.09,17.71,,8.89,,,2387,439,572,219,120,0,0,2387,,572,,,572,3595,430,451,405,46,0,3286,0,3042,0,244,0,0,no,yes,no,yes,no,no,no,yes,no,yes,3737,20.14,4.25,15.89,,,,,,,,,,,,,,,,,,,,,,,,,,,
"International Tropical Timber Organization, FOREST EUROPE, EU-27, UNECE, Europe",BGR,Bulgaria,2015,0,98,0,2,3833,24,10856,3009,824,0,0,824,704,,0,0,0,0,83,,,,177.46,176.87,0,176.87,177.5,,533.97714,145.74088,0,145.74088,680.3575,,164.8,144,95.6,73.9,59.8,47.2,27.1,14.8,14.2,4.5,27.86,673.76,3.9,2.7,0.14,,,,6.74,680.5,161.84,38.65,,76.06,18.17,,9.13,,,1496,359,704,225,1049,0,0,1496,,704,,,704,3673,544,468,411,57,0,3365,0,3016,0,349,0,0,no,yes,no,yes,no,no,no,yes,no,yes,3833,28.6,4.6,24,,,,,,,,,,,,,,,,,,,,,,,,,,,
"International Tropical Timber Organization, FOREST EUROPE, EU-27, UNECE, Europe",BGR,Bulgaria,2020,0,98,0,2,3893,24,10856,3116,777,0,0,777,704,,0,0,0,0,,,,,196.99,196.99,0,196.99,197,,613.82084,153.06123,0,153.06123,766.921,,175,150,98,77.6,64.3,49.6,29.4,16.4,17.2,6.2,75,758.7,5,2.6,0.14,,,,7.74,766.44,180.5,42.98,,84.83,20.2,,10.18,,,1500,365,704,225,1099,0,0,1500,,704,,,704,3733,544,,,,,,,,,,,,no,yes,no,yes,no,no,no,yes,no,yes,3893,,,,,,,,,,,,,,,,,,,,,,,,,,,,,,
"Asia, UNECE",AZE,Azerbaijan,1990,0,71,0,29,944.74,31.56,8266,651.87,292.87,9.45,0,283.42,,,,,,,,,,,,,,,172,,,,,,162.49528,,,,,,,,,,,,,,,,,,,,,,,,,,,,,,,,,,,,,944.74,,,,,,70,,,0,0,0,0,944.74,0,944.74,0,0,0,0,no,yes,,yes,,no,,no,,no,,,,,,,,,,,,,,,,,,,,,,,,,,,,,,,
"Asia, UNECE",AZE,Azerbaijan,2000,0,71,0,29,987.22,31.56,8266,681.18,306.04,9.87,0.05,296.17,,,,,,,,,,,,,,,172,,,,,,169.80184,,,,,,,,,,,,,,,,,,,,,,,,,,,,,,,,,,,,,987.22,,,,,,371,,,0,0,0,0,987.22,0,987.22,0,0,0,0,no,yes,,yes,,no,,no,,no,,,,,,,,,,,,,,,,,,,,,,,,,,,,,,,
"Asia, UNECE",AZE,Azerbaijan,2010,0,71,0,29,1032.49459,31.5562,8266,743.3961048,289.1,10.3249459,0.05162473,278.7735393,,,,,,,,,,,,,,,172,,,,,,177.5890695,,,,,,,,,,,,,,,,,,,,,,,,,,,,,,,,,,,,,,,,,,,371,,,0,0,0,0,1032.49,,1032.49,0,0,0,0,no,yes,,yes,,no,,no,,no,,,,,,,,,,,,,,,,,,,,,,,,,,,,,,,
"Asia, UNECE",AZE,Azerbaijan,2015,0,71,0,29,1077.88697,29.49291,8266,754.520879,323.37,21.5577394,0.215577394,301.8083516,,,,,,,,,,,,,,,172,,,,,,185.3965588,,,,,,,,,,,,,,,,,,,,,,,,,,,,,,,,,,,,,,,,,,,371,,,0,0,0,0,1077.89,,1077.89,0,0,0,0,no,yes,,yes,,no,,no,,no,,,,,,,,,,,,,,,,,,,,,,,,,,,,,,,
"Asia, UNECE",AZE,Azerbaijan,2020,0,71,0,29,1131.77,26.72,8266,826.2,305.57,22.63,0.22,282.94,,,,,,,,,,,,,,,172,,,,,,194.66444,,,,,,,,,,,,,,,,,,,,,,,,,,,,,,,,,,,,,1131.77,,,,,,371,,,,,,,,,,,,,,no,yes,,yes,,no,,no,,no,,,,,,,,,,,,,,,,,,,,,,,,,,,,,,,
North and Central America,ABW,Aruba,1990,0,0,100,0,0.42,0,18,0.42,0,0,0,0,,,,0.42,0,,,,,,,,,,,,,,,,,,,,,,,,,,,,,,,,,,,,,,,,,,,,,,,,,,,,,0.42,,,,,,,,,,,,,,0.42,,,,,,,,,,,,,,,,,,,,,,,,,,,,,,,,,,,,,,,,,,,,,,
North and Central America,ABW,Aruba,2000,0,0,100,0,0.42,0,18,0.42,0,0,0,0,,,,0.42,0,,,,,,,,,,,,,,,,,,,,,,,,,,,,,,,,,,,,,,,,,,,,,,,,,,,,,0.42,,,,,,,,,,,,,,0.42,,,,,,,,,,,,,,,,,,,,,,,,,,,,,,,,,,,,,,,,,,,,,,
North and Central America,ABW,Aruba,2010,0,0,100,0,0.42,0,18,0.42,0,0,0,0,,,,0.42,0,,,,,,,,,,,,,,,,,,,,,,,,,,,,,,,,,,,,,,,,,,,,,,,,,,,,,0.42,,,,,,,,,,,,,,0.42,,,,,,,,,,,,,,,,,,,,,,,,,,,,,,,,,,,,,,,,,,,,,,
North and Central America,ABW,Aruba,2015,0,0,100,0,0.42,0,18,0.42,0,0,0,0,,,,0.42,0,,,,,,,,,,,,,,,,,,,,,,,,,,,,,,,,,,,,,,,,,,,,,,,,,,,,,0.42,,,,,,,,,,,,,,0.42,,,,,,,,,,,,,,,,,,,,,,,,,,,,,,,,,,,,,,,,,,,,,,
North and Central America,ABW,Aruba,2020,0,0,100,0,0.42,0,18,0.42,0,0,0,0,,,,0.42,0,,,,,,,,,,,,,,,,,,,,,,,,,,,,,,,,,,,,,,,,,,,,,,,,,,,,,0.42,,,,,,,,,,,,,,,,,,,,,,,,,,,,,,,,,,,,,,,,,,,,,,,,,,,,,,,,,,,,
North and Central America,BLZ,Belize,1990,0,0,100,0,1600.03,71.87,2281,1597.97,2.06,2.06,,0,,,,75.56,,,,,,,162.3,162.3,162.3,,162.3,,259.350531,0.334338,0.334338,0,259.684869,,,,,,,,,,,,,,,,,,,,,,211,50.6,,99.2,23.8,,,,,,,,,,,1600.03,,,,,,,,,,,,,,1600.03,,,,,,,,,,,,,,,,,,,,,,,,,,,,,,,,,,,,,,,,,,,,,,
North and Central America,BLZ,Belize,2000,0,0,100,0,1459.3,89.78,2281,1457.13,2.17,2.17,,0,,,,74.54,,,,,,,162.3,162.3,162.3,,162.3,,236.492199,0.352191,0.352191,0,236.84439,,,,,,,,,,,,,,,,,,,,,,211,50.6,,99.2,23.8,,,,,,,,,,,1459.3,,,,,,741.69,,,,,,,,1459.3,,,,,,,,,,,,,,,,,,,,,,,,,,,,,,,,,,,,,,,,,,,,,,
North and Central America,BLZ,Belize,2010,0,0,100,0,1391.39,107.7,2281,1389.11,2.28,2.28,,0,,,,72.67,,,,,,,162.3,162.3,162.3,,162.3,,225.452553,0.370044,0.370044,0,225.822597,,,,,,,,,,,,,,,,,,,,,,211,50.6,,99.2,23.8,,,,,,,,,,,1391.39,,,,,,756.15,,,,,,,,1391.39,,,,,,,,,,,,,,,,,,,,,,,,,,,,,,,,,,,,,,,,,,,,,,
North and Central America,BLZ,Belize,2015,0,0,100,0,1332.83,116.65,2281,1330.5,2.33,2.33,,0,,,,72.31,,,,,,,162.3,162.3,162.3,,162.3,,215.94015,0.378159,0.378159,0,216.318309,,,,,,,,,,,,,,,,,,,,,,211,50.6,,99.2,23.8,,,,,,,,,,,1332.83,,,,,,762.6,,,,,,,,1332.83,,,,,,,,,,,,,,,,,,,,,,,,,,,,,,,,,,,,,,,,,,,,,,
North and Central America,BLZ,Belize,2020,0,0,100,0,1277.05,125.61,2281,1274.67,2.39,2.39,,0,,,,71.96,,,,,,,162.3,162.3,162.3,,162.3,,206.878941,0.387897,0.387897,0,207.265215,,,,,,,,,,,,,,,,,,,,,,211,50.6,,99.2,23.8,,,,,,,,,,,1277.05,,,,,,757.23,,,,,,,,,,,,,,,,,,,,,,,,,,,,,,,,,,,,,,,,,,,,,,,,,,,,,,
"FOREST EUROPE, UNECE, Europe",BIH,Bosnia and Herzegovina,1990,0,94,0,6,2210,500,5120,,,,,,,,0,0,0,,,,,,,,,,131.6742081,,,,,,291,,,,,,,,,,,,,,,,,,,,,,,,,,,,,,,,,,,,,2210,,,,,,,,,403,,,,1807,0,,,,,1807,no,no,,no,,no,,,,no,,,,,,,,,,,,,,,,,,,,,,,,,,,,,,,
"FOREST EUROPE, UNECE, Europe",BIH,Bosnia and Herzegovina,2000,0,94,0,6,2111.65,685.99,5120,,,,,,,,0,0,0,,,,,,,,,,169.5356712,,,,,,358,,,,,,,,,,,,,,,,,,,,,,,,,,,,,,,,,,,,,2111.65,,,,,,,,,555.22,,,,1556.43,0,,,,,1556.43,no,no,,no,,no,,,,no,,,,,,,,,,,,,,,,,,,,,,,,,,,,,,,
"FOREST EUROPE, UNECE, Europe",BIH,Bosnia and Herzegovina,2010,0,94,0,6,2102.66,675.6,5120,,,,,,,,0,0,0,,,,,,,,,,185.1511894,,,,,,389.31,,,,,,,,,,,,,,,,,,,,,,,,,,,,,,,,,,,,,2102.66,,,,,,,,,555.22,,,,1547.44,0,,,,,1547.44,no,no,,no,,no,,,,no,,,,,,,,,,,,,,,,,,,,,,,,,,,,,,,
"FOREST EUROPE, UNECE, Europe",BIH,Bosnia and Herzegovina,2015,0,94,0,6,2160.5,636.64,5120,2041.19,119.31,0,0,119.31,,,0,0,0,,,,,,191.491238,73.67362333,0,73.67,184.9849572,,390.87,8.79,0,8.7895677,399.66,,,,,,,,,,,,,,,,,,,,,,156.36,32.63,,73.49,15.34,,,,,,,,,,,2160.5,,,,,,,,,571.42,,,,1589.08,0,,,,,1589.08,no,no,,no,,no,,,,no,,,,,,,,,,,,,,,,,,,,,,,,,,,,,,,
"FOREST EUROPE, UNECE, Europe",BIH,Bosnia and Herzegovina,2020,0,94,0,6,2187.91,625.37,5120,,,,,,,,0,0,0,,,,,,,,,,184.98,,,,,,404.7195918,,,,,,,,,,,,,,,,,,,,,,,,,,,,,,,,,,,,,2187.91,,,,,,,,,,,,,,,,,,,,no,no,,no,,no,,,,no,,,,,,,,,,,,,,,,,,,,,,,,,,,,,,,
"UNECE, Europe, FOREST EUROPE",BLR,Belarus,1990,0,100,0,0,7780,491,20297.8,6576.434,1203.57,0.778,0,1202.788,,,0,0,0,0,63.6,0,14.9,0,142.2959616,130.78,130.78,130.78,140.5141388,35.1,935.8,157.4023615,0.10174684,157.3006146,1093.2,17.2341,611.1,173.9,156.1,79.1,33.9,22.2,9.3,3.5,1.5,0,2.6,1093.2,,,,,,,,1093.2,87.4,11.6,1,43.7,5.9,0.3,7.3,92.6,30,4498,622,357,1234,0,1069,,5924.7,622.2,357,1234,1069,357,7780,357,0,0,0,0,7780,,7780,0,0,0,0,no,yes,yes,yes,yes,yes,yes,no,no,yes,7780,36.75,4.62,32.13,,,,,,,,,,,,,7,0,7,,,,148,32,116,,,,155,32,123
"UNECE, Europe, FOREST EUROPE",BLR,Belarus,2000,0,100,0,0,8273,490,20297.8,6413.2296,1860.6,0.8273,0,1859.7704,134.8,241.6,0,0,0,0,47.9,0,16.5,0,172.7990528,124.2,124.2,124.2,161.8868609,37.67,1108.2,231.0862343,0.10275066,230.9834837,1339.29,18.4583,738.2,232.6,167.9,27.4,97.5,43.2,21.2,5.1,2.3,0.5,3.3,1339.2,,,,,,,,1339.2,114.6,14.9,1,57.3,7.6,0.4,8.1,97.1,30,4183,1244,487,1261,0,1098,,6350.3,1244.5,487,1261,1098,487,8273,487,0,0,0,0,8273,,8272.9,0,0,0,0.1,no,yes,yes,yes,yes,yes,yes,no,no,yes,8273,52.06,7.36,44.7,33.46,4.66,28.8,,,,,,,,,,8,0,8,,,,139,19,120,194,10,184,341,29,312
"UNECE, Europe, FOREST EUROPE",BLR,Belarus,2010,0,100,0,0,8630,520,20297.8,6483.719,2146.28,1.726,0,2144.555,134.8,382.12,0,0,0,0,47.1,0,16.9,0,190.15,161.71,161.71,161.71,183.0776362,31.34615385,1232.879168,347.0751005,0.27911146,346.7959891,1579.96,16.3,888.1,295.4,180.7,31.5,122.3,47.5,21.8,5.1,2.5,0.4,2.2,1597.5,,,,,,,,1597.5,135.8,18.2,1,67.9,9.3,0.4,8.9,99.8,30,4317,1257,1094,1542,0,420,,6478.6,1257,1208,1638,420,1093.8,8630,1093,0,0,0,0,8630,,8630,0,0,0,0,no,yes,yes,yes,yes,yes,yes,no,no,yes,8630,45.85,7.54,38.31,37.97,6.01,31.96,5.82,0,5.82,,,,2.06,1.53,0.53,8,1,7,5,2,3,289,106,183,271,25,246,573,134,439
"UNECE, Europe, FOREST EUROPE",BLR,Belarus,2015,0,100,0,0,8633.5,595.3,20297.8,6421.5973,2211.9,6.04345,0,2205.85925,134.8,313.38,0,0,0,0,40.9,0,17.2,0,197.89,180.5,180.5,180.5,193.4348758,18.98202587,1270.76989,399.2484374,1.090842725,398.1575946,1670.02,11.3,931.9,308.1,184.1,34.6,125.7,50.6,22.6,4.3,2.8,0.9,3.7,1669.3,,,,,,,,1669.3,146.8,19.4,1,73.4,9.9,0.4,9.6,103.7,30,4294,1343,1116,1546,0,334.5,,6478.2,1343,1369,1651,335,1116,8633.5,1116,0,0,0,0,8633.5,,8633.5,0,0,0,0,no,yes,yes,yes,yes,yes,yes,no,no,yes,8633.5,42.01,7.29,34.72,37.72,6.46,31.26,3.01,0,3.01,,,,1.28,0.83,0.45,7,0,7,9,1,8,279,114,165,144,8,136,439,123,316
"UNECE, Europe, FOREST EUROPE",BLR,Belarus,2020,0,100,0,0,8767.6,629.5,20297.8,6555.6,2212,6.14,0,2205.86,134.8,346,0,0,0,0,40.9,0,17.4,0,212.62,186.83,186.83,186.83,206.1134176,30.02382844,1393.851672,413.26796,1.1471362,412.1208238,1807.12,18.9,1001,336.4,199.8,38,141.8,53,22.9,4.3,3,1,4.8,1806,,,,,,,,1806,156.1,20.9,1,77.1,11.7,0.4,10.6,107,30,4376,1430,1364,1290,0,307.6,0,6575.1,1430,1464,1290,308,1364,8767.6,1364,,,,,,,,,,,,no,yes,yes,yes,yes,yes,yes,no,no,yes,8767.6,,,,,,,,,,,,,,,,,,,,,,,,,,,,,,
"Espace COMIFAC, Africa",BDI,Burundi,1990,0,0,100,0,276.48,0,2568,115.1,161.38,161.38,161.38,0,92.08,,,0,0,,0,,,,100,145,145,0,126.2659144,,11.51,23.4001,23.4001,0,34.91,,,,,,,,,,,,,,,,,,,,,,113.99,32.1,,53.57,15.09,,,,,,11.51,16.38,,,,248.59,16.38,27.89,11.51,,,115,,,0,0,0,0,276.48,0,276.48,0,0,0,0,no,yes,no,yes,no,yes,no,no,no,yes,115,,,,,,,,,,,,,,,,0,0,0,0,0,0,,,,,,,,,
"Espace COMIFAC, Africa",BDI,Burundi,2000,0,0,100,0,193.94,0,2568,80.97,112.97,112.97,112.97,0,64.78,,,0,0,30,0,182,,,100,145,145,0,126.2246055,,8.097,16.38065,16.38065,0,24.48,,,,,,,,,,,,,,,,,,,,,,114.03,32.11,,53.59,15.09,,,,,,8.1,16.38,,,,169.46,16.38,24.48,8.1,,,115,,,0,0,0,0,193.94,0,193.94,0,0,0,0,no,yes,no,yes,no,yes,no,no,no,yes,115,,,,,,,,,,,,,,,,0,0,0,,,,,,,,,,,,
"Espace COMIFAC, Africa",BDI,Burundi,2010,0,0,100,0,193.94,0,2568,80.97,112.97,112.97,112.97,0,64.78,,,0,0,30,0,186.51,,,100,145,145,0,126.2246055,,8.097,16.38065,16.38065,0,24.48,,,,,,,,,,,,,,,,,,,,,,114.03,32.11,,53.59,15.09,,,,,,16.67,16.38,,,,160.89,16.38,33.05,16.67,,,115,,,0,0,0,0,193.94,0,193.94,0,0,0,0,no,yes,no,yes,no,yes,no,no,no,yes,115,,,,,,,,,,,,,,,,2,1,1,,,,30,,,,,,,,
"Espace COMIFAC, Africa",BDI,Burundi,2015,0,0,100,0,279.64,0,2568,166.67,112.97,112.97,112.97,0,64.78,,,0,0,30,0,195.41,,,100,145,145,0,118.1876699,,16.667,16.38065,16.38065,0,33.05,,,,,,,,,,,,,,,,,,,,,,119.38,33.25,,56.11,15.63,,,,,,16.67,16.38,,,,246.59,16.38,33.05,16.67,,,115,,,0,0,0,0,279.64,0,279.64,0,0,0,0,no,yes,no,yes,no,yes,no,no,no,yes,115,0.72,0.1,0.62,,,,,,,,,,,,,3,1,2,,,,70,11,59,160,55,105,233,67,166
"Espace COMIFAC, Africa",BDI,Burundi,2020,0,0,100,0,279.64,0,2568,166.67,112.97,112.97,112.97,0,64.78,,,0,0,30,0,210.36,,,100,145,145,0,118.1876699,,16.667,16.38065,16.38065,0,33.05,,,,,,,,,,,,,,,,,,,,,,119.38,33.25,,56.11,15.63,,,,,,16.67,16.38,,,,246.59,16.38,33.05,16.67,,,115,,,,,,,,,,,,,,no,yes,no,yes,no,yes,no,no,no,yes,115,,,,,,,,,,,,,,,,,,,,,,,,,,,,,,
"Espace COMIFAC, International Tropical Timber Organization, Africa",CMR,Cameroon,1990,0,0,100,0,22500,12714.95,47271,22481.9,18.1,18.1,18.1,0,0,,6,275,54,180,,,,,279,279,279,0,279,19,6272.4501,5.0499,5.0499,0,6277.5,241.58405,,,,,,,,,,,,,,,,,,,,,265.05,63.61,,124.57,29.9,,,,,8547.21,,12073.27,,,,,8547.21,,12073.27,,,3935.22,10998.1,3935.22,0,0,0,0,22500,,22500,0,0,0,0,yes,yes,no,yes,no,yes,no,yes,no,yes,,23,3,20,,,,,,,,,,,,,0,0,0,30,6,24,0,0,0,540,30,510,570,36,534
"Espace COMIFAC, International Tropical Timber Organization, Africa",CMR,Cameroon,2000,0,0,100,0,21597.49,12714.95,47271,21576.39,21.1,21.1,21.1,0,0,,6,275,54,180,,,,,279,279,279,0,279,19,6019.81281,5.8869,5.8869,0,6025.69971,241.58405,,,,,,,,,,,,,,,,,,,,,265.05,63.61,,124.57,29.9,,,,,8547.21,,12073.27,,,,977.01,8547.21,,12073.27,,,3935.22,10998.1,3935.22,0,0,0,0,21597.49,0,21597.49,0,0,0,0,yes,yes,no,yes,no,yes,no,yes,no,yes,,27,4,23,,,,,,,,,,,,,0,0,0,100,7,93,0,0,0,540,36,504,640,43,597
"Espace COMIFAC, International Tropical Timber Organization, Africa",CMR,Cameroon,2010,0,0,100,0,20900.48,12714.95,47271,20859.38,41.1,41.1,41.1,0,0,,6,275,54,180,,,,,279,279,279,0,279,19,5819.76702,11.4669,11.4669,0,5831.23392,241.58405,,,,,,,,,,,,,,,,,,,,,265.05,63.61,,124.57,29.9,,,,,8547.21,,12073.27,,,,280,8547.21,,12073.27,,,3935.22,10998.1,3935.22,0,0,0,0,20900.48,0,20900.48,0,0,0,0,yes,yes,no,yes,no,yes,no,yes,no,yes,,30,5,25,,,,,,,,,,,,,0,0,0,100,9,81,0,0,0,540,48,492,640,57,573
"Espace COMIFAC, International Tropical Timber Organization, Africa",CMR,Cameroon,2015,0,0,100,0,20620.48,12714.95,47271,20569.38,51.1,51.1,51.1,0,0,,6,275,54,180,,,,,279,279,279,0,279,19,5738.85702,14.2569,14.2569,0,5753.11392,241.58405,,,,,,,,,,,,,,,,,,,,,265.05,63.61,,124.57,29.9,,,,,8547.21,,12073.27,,,,0,8547.21,,12073.27,,,3935.22,10998.1,3935.22,0.55,0.55,0,0,20619.93,0,20612.87,0,5.57,1.49,0,yes,yes,no,yes,no,yes,no,yes,no,yes,14426,34,6,28,,,,,,,,,,,,,0,0,0,100,15,85,0,0,0,540,65,475,640,80,560
"Espace COMIFAC, International Tropical Timber Organization, Africa",CMR,Cameroon,2020,0,0,100,0,20340.48,12714.95,47271,20279.38,61.1,61.1,61.1,0,0,,6,275,54,230,,,,,279,279,279,0,279,19,5657.94702,17.0469,17.0469,0,5674.99392,241.58405,,,,,,,,,,,,,,,,,,,,,265.05,63.61,,124.57,29.9,,,,,8866.66,,11473.82,,,,0,8866.66,,11473.82,,,3942.59,12357.7,3942.59,,,,,,,,,,,,yes,yes,no,yes,no,yes,no,yes,no,yes,15932,,,,,,,,,,,,,,,,,,,,,,,,,,,,,,
Oceania,ASM,American Samoa,1990,0,0,100,0,18.07,0,20,18.07,0,0,0,0,7.9,0,,0.06,0,,,,,,101.8,0,,,101.8,,1.839526,0,0,0,1.839526,,,,,,,,,,,,,,,,,,,,,,109.57,26.3,,51.5,12.36,,,,,0,0,0.06,0,2.51,0,15.5,0,0,2.57,2.51,0,2.57,2.57,2.57,18.07,0.09,0,17.98,0,0,0,0,0,0,0,no,yes,yes,yes,yes,yes,yes,no,no,yes,2.57,,,,,,,,,,,,,,,,0,0,0,0,0,0,0,0,0,2,0,2,2,0,2
Oceania,ASM,American Samoa,2000,0,0,100,0,17.73,0,20,17.73,0,0,0,0,5.3,0,,0.05,0,,,,,,105.7,0,,,105.7,,1.874061,0,0,0,1.874061,,0.29,0.22,0.21,0.15,0.14,0.11,0.07,0.06,0.06,0.06,0.52,1.89,0,0,0,0,0,0,0,1.89,125.13,30.03,,58.81,14.11,,,,,0,0,0.06,0,2.51,0,15.16,0,0,2.57,2.51,0,2.57,2.57,2.57,17.73,0.09,0,17.64,0,0,0,0,0,0,0,no,yes,yes,yes,yes,yes,yes,no,no,yes,2.57,,,,,,,,,,,,,,,,0,0,0,0,0,0,0,0,0,1,0,1,1,0,1
Oceania,ASM,American Samoa,2010,0,0,100,0,17.43,0,20,17.43,0,0,0,0,2.69,0,,0.04,0,,,,,,109.6,0,,,109.6,,1.910328,0,0,0,1.910328,,0.28,0.15,0.12,0.12,0.13,0.07,0.02,0.06,0.06,0,0.93,1.94,0,0,0,0,0,0,0,1.94,137.85,33.08,,64.79,15.55,,,,,0,0,0.06,0,2.53,0,14.84,0,0,2.59,2.53,0,2.59,2.59,2.59,17.43,0.09,0,17.28,0,0,0,0,0,0,0,no,yes,yes,yes,yes,yes,yes,no,no,yes,2.59,0.01,0,0.01,0.01,0,0.01,0,0,0,0,0,0,0,0,0,0,0,0,0,0,0,0,0,0,6,4,2,6,4,2
Oceania,ASM,American Samoa,2015,0,0,100,0,17.28,0,20,17.28,0,0,0,0,1.38,0,,0.04,0,,,,,,111.6,0,,,111.6,,1.928448,0,0,0,1.928448,,,,,,,,,,,,,,,,,,,,,,143.91,34.54,,67.64,16.23,,,,,0,0,0.06,0,2.53,0,14.69,0,0,2.59,2.53,0,2.59,2.59,2.59,17.28,0.09,0,17.19,0,0,0,0,0,0,0,no,yes,yes,yes,yes,yes,yes,no,no,yes,2.59,0.01,0,0.01,0.01,0,0.01,0,0,0,0,0,0,0,0,0,0,0,0,0,0,0,0,0,0,9,6,3,9,6,3
Oceania,ASM,American Samoa,2020,0,0,100,0,17.13,0,20,17.13,0,0,0,0,0.09,0,,0.04,0,,,,,,113.5,0,,,113.5,,1.944255,0,0,0,1.944255,,,,,,,,,,,,,,,,,,,,,,150.79,36.19,,70.87,17.01,,,,,0,0,0.06,0,2.53,0,14.54,0,0,2.59,2.53,0,2.59,2.59,2.59,,,,,,,,,,,,no,yes,yes,yes,yes,yes,yes,no,no,yes,2.59,,,,,,,,,,,,,,,,,,,,,,,,,,,,,,
"South America, International Tropical Timber Organization",BRA,Brazil,1990,0,0,97,3,588898,46901.6,835814,585339.9,3558.1,3558.1,3441.8,,253129,,5773.51,1423.89,,,,,,,230.3284468,272.3307383,272.3307383,,230.5822231,22.48409436,134820.43,968.98,968.98,,135789.41,1054.54,,,,,,,,,,,,,,,,,,,,,163.6,39.07,10.42,80.54,19.13,5.09,2.16,41.82,,33383.42,9805.22,40659.19,143941.01,288020.47,2788.63,70300.06,,,,,,83651.37,4447.18,4447.18,278441.04,,,,290765.02,19691.94,290765.02,0,0,0,0,yes,yes,yes,yes,yes,yes,yes,yes,yes,yes,,,,,,,,,,,,,,,,,,,,,,,,,,,,,,,
"South America, International Tropical Timber Organization",BRA,Brazil,2000,0,0,97,3,551088.6,43812.2,835814,547436.4,3652.2,3652.2,3536.3,,239024,,5676.11,1413.92,,,,,,,234.4150846,272.3290072,272.3290072,,234.6663495,22.54440544,128327.35,994.6,994.6,,129321.95,987.72,,,,,,,,,,,,,,,,,,,,,166.3,39.66,10.48,81.95,19.42,5.12,2.15,41.65,,33161.46,9805.22,40207.3,142517.37,254379.33,2710.07,68307.85,,,,,,107148.13,9246.19,9246.19,262916.27,,,1972.84,288172.33,0,288172.33,0,0,0,0,yes,yes,yes,yes,yes,yes,yes,yes,yes,yes,302056.99,64.65,5.09,59.56,,,,,,,,,,33.31,2.24,31.07,25,,,126,,,380,,,,,,,,
"South America, International Tropical Timber Organization",BRA,Brazil,2010,0,0,97,3,511580.7,40577.4,835814,504252.4,7328.3,7328.3,7031.2,,218200,,5502.16,1323.58,,,,,,,238.9728239,272.3305542,272.3305542,,239.4506673,22.61726971,120502.62,1995.72,1995.72,,122498.34,917.75,,,,,,,,,,,,,,,,,,,,,169.44,40.26,10.49,83.62,19.71,5.12,2.27,41.25,,36422.12,9805.22,39545.47,140633.12,216498.51,2593.75,66082.51,,,,,,140002.64,23684.96,23684.96,229222.82,,,1588.09,282357.88,0,282357.88,0,0,0,0,yes,yes,yes,yes,yes,yes,yes,yes,yes,yes,298467.87,125.46,15.2,110.27,37.32,6.27,31.05,32.68,2.53,30.15,4.81,0.99,3.82,50.66,5.41,45.25,86,,,320,,,1220,,,,,,,,
"South America, International Tropical Timber Organization",BRA,Brazil,2015,0,0,97,3,503884.8,39511.7,835814,493946.8,9937.9,9937.9,9510.2,,217193,,5446.41,1318.93,,,,,,,240.7183122,272.3402328,272.3402328,,241.3419099,22.66062964,118902.04,2706.49,2706.49,,121608.52,895.36,,,,,,,,,,,,,,,,,,,,,171.08,40.61,10.45,84.33,19.87,5.1,2.38,41.38,,38963.14,9805.22,39508.46,140335.85,207387.35,2588.45,65296.33,,,,,,143329.05,31643.59,31643.59,222782.39,,,1579.45,281102.41,0,281102.41,0,0,0,0,yes,yes,yes,yes,yes,yes,yes,yes,yes,yes,297998.59,104.99,13.28,91.71,39.1,6.52,32.58,25.81,2.06,23.75,5.72,1.23,4.49,34.37,3.47,30.89,133,,,393,,,1580,,,,,,,,
"South America, International Tropical Timber Organization",BRA,Brazil,2020,0,0,97,3,496619.6,38713.3,835814,485396,11223.6,11223.6,10748.1,,216187,,5372.4,1314.58,,,,,,,241.6618802,272.3297338,272.3297338,,242.3549735,22.71544921,117301.71,3056.52,3056.52,,120358.23,879.39,,,,,,,,,,,,,,,,,,,,,171.92,40.79,10.43,84.71,19.96,5.09,2.44,41.37,,40041.09,9805.22,39177.55,139393.73,201488.12,2530.29,64183.6,,,,,,149577.21,45161.88,45161.88,,,,,,,,,,,,yes,yes,yes,yes,yes,yes,yes,yes,yes,yes,,,,,,,,,,,,,,,,,,,,,,,,,,,,,,,
North and Central America,BHS,Bahamas,1990,0,0,100,0,509.86,40.3,1001,509.86,0,0,0,0,0,0,0,141.96,0,,,,,,31.84,0,,,31.84,0,16.2339424,0,0,0,16.2339424,0,,,,,,,,,,,,,,,,,,,,,39.8,15.92,,18.71,7.48,,,,,,,,,,,509.86,,,,,,,,,101.97,0,0,0,407.89,0,407.89,0,0,0,0,no,no,yes,yes,yes,yes,yes,no,no,yes,,,,,,,,,,,,,,,,,,,,,,,,,,,,,,,
North and Central America,BHS,Bahamas,2000,0,0,100,0,509.86,40.3,1001,509.86,0,0,0,0,0,0,0,141.96,0,,,,,,31.84,0,,,31.84,0,16.2339424,0,0,0,16.2339424,0,,,,,,,,,,,,,,,,,,,,,39.8,15.92,,18.71,7.48,,,,,,,,,,,509.86,,,,,,,,,101.97,0,0,0,407.89,0,407.89,0,0,0,0,no,no,yes,yes,yes,yes,yes,no,no,yes,,,,,,,,,,,,,,,,,,,,,,,,,,,,,,,
North and Central America,BHS,Bahamas,2010,0,0,100,0,509.86,40.3,1001,509.86,0,0,0,0,0,0,0,141.96,0,,,,,,31.84,0,,,31.84,0,16.2339424,0,0,0,16.2339424,0,,,,,,,,,,,,,,,,,,,,,39.8,15.92,,18.71,7.48,,,,,,,,,,,509.86,,,,,,,,,101.97,0,0,0,407.89,0,407.89,0,0,0,0,no,no,yes,yes,yes,yes,yes,no,no,yes,,,,,,,,,,,,,,,,,,,,,,,,,,,,,,,
North and Central America,BHS,Bahamas,2015,0,0,100,0,509.86,40.3,1001,509.86,0,0,0,0,0,0,0,141.96,0,,,,,,31.84,0,,,31.84,0,16.2339424,0,0,0,16.2339424,0,,,,,,,,,,,,,,,,,,,,,39.8,15.92,,18.71,7.48,,,,,,,,,,,509.86,,,,,,,,,101.97,0,0,0,407.89,0,407.89,0,0,0,0,no,no,yes,yes,yes,yes,yes,no,no,yes,,,,,,,,,,,,,,0.01,,,,,,,,,,,,,,,,,
North and Central America,BHS,Bahamas,2020,0,0,100,0,509.86,40.3,1001,509.86,0,0,0,0,0,0,0,141.96,0,,,,,,31.84,0,,,31.84,0,16.2339424,0,0,0,16.2339424,0,,,,,,,,,,,,,,,,,,,,,39.8,15.92,,18.71,7.48,,,,,,,,,,,509.86,,,,,,,,,,,,,,,,,,,,no,no,yes,yes,yes,yes,yes,no,no,yes,,,,,,,,,,,,,,,,,,,,,,,,,,,,,,,
"Africa, International Tropical Timber Organization",CIV,Côte d'Ivoire,1990,0,0,100,0,7850.86,2675,31800,7844.16,6.7,6.7,6.7,0,1406.68,,,,80,107,,,,2276,46.07,46.07,46.07,0,46.07,0,361.3804512,0.308669,0.308669,0,361.6891202,0,,,,,,,,,,,,,,,,,,,,,94.45,28.25,26.38,44.39,12.76,12.93,2.1,,,2129.74,0,1406.68,0,4314.44,0,0,2129.74,,1406.68,,,1406.68,3536.42,1406.68,4314.45,0,0,44,3536.41,0,3536.41,0,0,0,0,no,yes,yes,yes,yes,yes,yes,yes,yes,yes,3536.42,,,,,,,,,,,,,,,,,,,,,,,,,,,,,,
"Africa, International Tropical Timber Organization",CIV,Côte d'Ivoire,2000,0,0,100,0,5094.45,2662,31800,5080.5,13.95,13.95,13.95,0,1390.21,,,,116,120,63.85,,,2513,46.07,46.07,46.07,0,46.07,0,234.058635,0.6426765,0.6426765,0,234.7013115,0,,,,,,,,,,,,,,,,,,,,,94.45,28.25,26.38,44.39,12.76,12.93,2.1,,,1585.64,0,1390.21,0,2118.6,0,0,1585.64,,1390.21,,,1390.21,2975.85,1390.21,2118.6,0,0,44,2975.85,0,2975.85,0,0,0,0,no,yes,yes,yes,yes,yes,yes,yes,yes,yes,2975.85,,,,,,,,,,,,,,,,,,,,,,,,,,,,,,
"Africa, International Tropical Timber Organization",CIV,Côte d'Ivoire,2010,0,0,100,0,3965.58,2590,31800,3951.3,13.95,13.95,13.95,0,1345.86,,,,480,172,99.72,,,5393,46.07,46.07,46.07,0,46.07,0,182.036391,0.6426765,0.6426765,0,182.6942706,0,,,,,,,,,,,,,,,,,,,,,94.45,28.25,26.38,44.39,12.76,12.93,2.1,,,1091.85,0,1345.86,0,1527.87,0,0,894.32,,1390.2,,,1345.86,2437.71,1345.86,1527.87,0,0,44,2437.71,0,2437.71,0,0,0,0,no,yes,yes,yes,yes,yes,yes,yes,yes,yes,2437.71,18.94,,,12.64,,,,,,6.3,,,,,,,,,,,,,,,,,,,,
"Africa, International Tropical Timber Organization",CIV,Côte d'Ivoire,2015,0,0,100,0,3401.15,2554,31800,3387.2,13.95,13.95,13.95,0,1323.69,,,,511,181,117.66,,,5615,46.07,46.07,46.07,0,46.07,0,156.048304,0.6426765,0.6426765,0,156.6909805,0,,,,,,,,,,,,,,,,,,,,,94.45,28.25,26.38,44.39,12.76,12.93,2.1,,,844.95,0,1323.69,0,1232.51,0,,844.95,,1323.69,,,1323.69,2168.64,1323.69,1232.51,0,0,44,2168.64,,2168.64,0,0,0,0,no,yes,yes,yes,yes,yes,yes,yes,yes,yes,2168.64,18.17,6.19,11.98,12.47,1.09,11.38,,,,5.7,5.1,0.6,,,,,,,,,,,,,,,,,,
"Africa, International Tropical Timber Organization",CIV,Côte d'Ivoire,2020,0,0,100,0,2836.71,2518,31800,2822.76,13.95,13.95,13.95,0,1301.51,,,,542,192,135.59,,,5837,46.07,46.07,46.07,0,46.07,0,130.0445532,0.6426765,0.6426765,0,130.6872297,0,,,,,,,,,,,,,,,,,,,,,94.45,28.25,26.38,44.39,12.76,12.93,2.1,,,598.05,0,1301.52,0,937.14,0,0,795.58,,1257.17,,,1301.51,1899.57,1301.51,,,,,,,,,,,,no,yes,yes,yes,yes,yes,yes,yes,yes,yes,1899.57,,,,,,,,,,,,,,,,,,,,,,,,,,,,,,
"International Tropical Timber Organization, FOREST EUROPE, UNECE, Europe",CHE,Switzerland,1990,0,100,0,0,1153.5,61.52,3952,971,182.3,0.82,0.19,181.48,42.86,28.31,0,0,0,0,,,,,,,,,341.8292154,,,,,,394.3,,188.31,68.58,57.21,19.09,11.22,8.27,12.22,4.76,4.31,3.39,14.88,392.24,0.73,0.45,0.19,0.27,0.11,0.31,2.06,394.3,,,,,,,,,100,,,,,,,1153.5,,,,,,,,,851.19,331.98,135.83,383.37,302.31,0,302.31,0,0,0,0,no,yes,yes,yes,yes,yes,yes,no,no,yes,1153.5,,,,,,,,,,,,,,,,,,,,,,,,,,,,,,
"International Tropical Timber Organization, FOREST EUROPE, UNECE, Europe",CHE,Switzerland,2000,0,100,0,0,1196.18,66.16,3952,1024.29,171.7,0.82,0.19,170.88,42.86,29.34,0,0,0,0,,,,413,338.0195062,405.416424,658.5365854,404.201779,347.6399873,8.313180169,346.23,69.61,0.54,69.07,415.84,0.55,188.9,74.53,60.84,22.04,14.03,9.95,11.95,5.33,4.8,3.61,17.44,413.42,1,0.49,0.21,0.27,0.13,0.34,2.44,415.86,185.6,49.8,15.46,92.8,24.9,7.73,16.73,125.8,100,374.56,646.84,54.28,50.78,0,32.06,37.66,744.77,927.52,132.41,249.6,120.39,,872.15,,877.23,337.45,144.31,395.47,318.95,0,318.95,0,0,0,0,no,yes,yes,yes,yes,yes,yes,no,no,yes,1196.18,4.2,,3.65,,,,,,,,,,,,,,,,,,,,,,,,,,,
"International Tropical Timber Organization, FOREST EUROPE, UNECE, Europe",CHE,Switzerland,2010,0,100,0,0,1234.72,70.63,3952,1074,160.53,0.82,0.19,159.71,42.86,23.9,0,0,0,0,,,,357.34,338.6126629,414.8134305,646.3414634,413.6246948,348.4676688,11.32663174,363.67,66.59,0.53,66.06,430.26,0.8,186.82,77.99,64.52,25.19,16.11,11.5,11.08,5.61,4.86,3.55,20.18,427.41,1.29,0.54,0.31,0.27,0.15,0.31,2.87,430.28,189.33,50.44,16.58,94.67,25.22,8.29,16.73,125.8,100,368.77,671.04,80.75,35.95,0,36.14,42.07,674.32,1093.3,187.24,230.93,144.71,,987.98,,890.79,335.86,156.05,398.88,343.92,0.01,343.92,0,0,0,0,no,yes,yes,yes,yes,yes,yes,no,no,yes,1234.72,7.8,2.2,5.77,,,,,,,,,,,,,,,,18,10,8,15,2,13,,,,,,
"International Tropical Timber Organization, FOREST EUROPE, UNECE, Europe",CHE,Switzerland,2015,0,100,0,0,1251.91,72.77,3952,1097,154.71,0.81,0.19,153.9,42.86,20.34,0,0,0,0,,,,329.52,341.1485871,423.0495766,654.3209877,421.8323587,351.215343,12.64257249,374.24,65.45,0.53,64.92,439.69,0.92,188.25,79.71,66.88,26.86,16.7,12.26,10.43,5.86,4.72,3.46,21.54,436.67,1.45,0.54,0.41,0.26,0.16,0.2,3.02,439.69,191.2,50.76,17.14,95.6,25.38,8.57,16.73,125.8,100,365.23,682.03,93.89,28.44,0,38.13,44.19,637.81,1174.58,214.42,221.16,156.66,222,1063.33,222,892.36,332.62,162.45,397.3,359.55,0,359.55,0,0,0,0,no,yes,yes,yes,yes,yes,yes,no,no,yes,1251.91,12.1,3.67,8.43,,,,,,,,,,,,,,,,18,11,7,18,3,15,,,,,,
"International Tropical Timber Organization, FOREST EUROPE, UNECE, Europe",CHE,Switzerland,2020,0,100,0,0,1269.11,74.92,3952,1119.96,148.95,0.81,0.19,148.14,42.86,20.61,0,0,0,0,,,,301.69,343.5926283,431.7556227,654.3209877,430.5386796,353.885794,13.88147357,384.81,64.31,0.53,63.78,449.12,1.04,189.62,81.44,69.25,28.56,17.3,13.04,9.75,6.11,4.57,3.37,22.92,445.93,1.62,0.55,0.5,0.25,0.17,0.08,3.17,449.1,193.06,51.08,17.7,96.53,25.54,8.85,16.73,125.8,100,361.69,693.01,107.04,20.94,0,40.12,46.31,601.29,1255.86,241.61,211.39,168.61,222,1077.93,222,,,,,,,,,,,,no,yes,yes,yes,yes,yes,yes,no,no,yes,1269.11,,,,,,,,,,,,,,,,,,,,,,,,,,,,,,
North and Central America,BLM,Saint Barthélemy,1990,0,0,100,0,0.17,0.21,2,0.17,0,0,0,0,0,,0,0,0,0,0,0,0.21,0,83,0,0,0,83,,0.01411,0,0,0,0.01411,,,,,,,,,,,,,,,,,,,,,,124.5,34.86,,58.52,16.38,,,,,0,,0,,,,0.17,0,,0,,,0,0,0,,,,,,0.17,,,,,,no,,,,,,,,,no,,0,0,0,0,0,0,0,0,0,0,0,0,0,0,0,0,0,0,0,0,0,0,0,0,0,0,0,0,0,0
North and Central America,BLM,Saint Barthélemy,2000,0,0,100,0,0.17,0.21,2,0.17,0,0,0,0,0,,0,0,0,0,0,0,0.21,0,83,0,0,0,83,,0.01411,0,0,0,0.01411,,,,,,,,,,,,,,,,,,,,,,124.5,34.86,,58.52,16.38,,,,,0,,0,,,,0.17,0,,0,,,0,0,0,,,,,,0.17,,,,,,no,,,,,,,,,no,,0,0,0,0,0,0,0,0,0,0,0,0,0,0,0,0,0,0,0,0,0,0,0,0,0,0,0,0,0,0
North and Central America,BLM,Saint Barthélemy,2010,0,0,100,0,0.17,0.21,2,0.17,0,0,0,0,0,,0,0,0,0,0,0,0.21,0,83,0,0,0,83,,0.01411,0,0,0,0.01411,,,,,,,,,,,,,,,,,,,,,,124.5,34.86,,58.52,16.38,,,,,0,,0,,,,0.17,0,,0,,,0,0,0,,,,,,0.17,,,,,,no,,,,,,,,,no,,0,0,0,0,0,0,0,0,0,0,0,0,0,0,0,0,0,0,0,0,0,0,0,0,0,0,0,0,0,0
North and Central America,BLM,Saint Barthélemy,2015,0,0,100,0,0.17,0.21,2,0.17,0,0,0,0,0,,0,0,0,0,0,0,0.21,0,83,0,0,0,83,,0.01411,0,0,0,0.01411,,,,,,,,,,,,,,,,,,,,,,124.5,34.86,,58.52,16.38,,,,,0,,0,,,,0.17,0,,0,,,0,0,0,,,,,,0.17,,,,,,no,,,,,,,,,no,,0,0,0,0,0,0,0,0,0,0,0,0,0,0,0,0,0,0,0,0,0,0,0,0,0,0,0,0,0,0
North and Central America,BLM,Saint Barthélemy,2020,0,0,100,0,0.17,0.21,2,0.17,0,0,0,0,0,,0,0,0,0,0,0,0.21,0,83,0,0,0,83,,0.01411,0,0,0,0.01411,,,,,,,,,,,,,,,,,,,,,,124.5,34.86,,58.52,16.38,,,,,0,,0,,,,0.17,0,,0,,,0,0,0,,,,,,,,,,,,no,,,,,,,,,no,,,,,,,,,,,,,,,,,,,,,,,,,,,,,,,
"Asia, ASEAN",BRN,Brunei Darussalam,1990,0,0,100,0,413,43,527,412,0.67,0,0,0.67,313,,,18.42,,,,,,,190,190,0,190,190,25.75,78.28,0.1273,0,0.1273,78.47,1.10725,,,,,,,,,,,,,,,,,,,,,247,59.28,,116.09,27.86,,2.42,58.16,30,138.03,18.56,28.51,50.42,0,,177.48,,,,,,19,,,0,0,0,0,413,0,413,0,0,0,0,,,,,,,,,,,,,,,,,,,,,,,,,,,,,,,,,,,,,,,,,
"Asia, ASEAN",BRN,Brunei Darussalam,2000,0,0,100,0,397,47,527,396,1.31,0,0,1.31,288,,,18.42,,,,,,,190,190,0,190,190,25.75,75.24,0.2489,0,0.2489,75.43,1.21025,,,,,,,,,,,,,,,,,,,,,247,59.28,,116.09,27.86,,2.01,52.86,30,138.03,18.56,28.51,50.42,0,,161.48,,,,,,19,,,0,0,0,0,397,0,397,0,0,0,0,,,,,,,,,,,,,,,,,,,,,,,,,,,,,,,,,,,,,,,,,
"Asia, ASEAN",BRN,Brunei Darussalam,2010,0,0,100,0,380,50,527,376.29,3.71,0,0,3.71,263,,,18.42,,,,,,,190,190,0,190,190,25.75,71.4951,0.7049,0,0.7049,72.2,1.2875,,,,,,,,,,,,,,,,,,,,,247,59.28,,116.09,27.86,,2.11,52.68,30,138.03,18.56,28.51,50.81,0,,144.09,,,,,,19,,,0,0,0,0,380,0,380,0,0,0,0,,,,,,,,,,,,,,,,,,,,,,,,,,,,,,,,,,,,,,,,,
"Asia, ASEAN",BRN,Brunei Darussalam,2015,0,0,100,0,380,50,527,374.91,5.09,0,0,5.09,263,,,18.42,,,,,,,190,190,0,190,190,25.75,71.2329,0.9671,0,0.9671,72.2,1.2875,,,,,,,,,,,,,,,,,,,,,247,59.28,,116.09,27.86,,2.11,52.68,30,138.03,18.56,28.51,50.81,0,,144.09,,,,,,19,,,0,0,0,0,380,0,380,0,0,0,0,,,,,,,,,,,,,,,,,,,,,,,,,,,,,,,,,,,,,,,,,
"Asia, ASEAN",BRN,Brunei Darussalam,2020,0,0,100,0,380,50,527,374.74,5.26,0,0,5.26,263,,,18.42,,,,,,,190,190,0,190,190,25.75,71.2006,0.9994,0,0.9994,72.2,1.2875,,,,,,,,,,,,,,,,,,,,,247,59.28,,116.09,27.86,,2.11,52.68,30,138.03,18.56,28.51,50.81,0,,144.09,,,,,,19,,,,,,,,,,,,,,,,,,,,,,,,,,,,,,,,,,,,,,,,,,,,,,,,,,,,,,
Asia,BGD,Bangladesh,1990,0,0,100,0,1920.33,0,13017,1845.16,75.17,75.17,75.17,0,,,,,,,,,,,46.57,72.61,72.61,0,47.59,,85.9291012,5.4580937,5.4580937,0,91.3885047,,,,,,,,,,,,,,,,,,,,,,62.82,24.18,1.7,31.44,12.09,1.7,0.27,80.4,100,,,618.25,,,,1302.08,,,,,,618.25,312,,0,0,0,0,1920.33,0,1920.33,0,0,0,0,no,yes,yes,yes,yes,yes,no,no,no,yes,618.25,,,,,,,,,,,,,,,,,,,,,,,,,,,,,,
Asia,BGD,Bangladesh,2000,0,0,100,0,1920.328094,0,13017,1845.158094,75.17,75.17,75.17,0,,,,459.49,12.2,,92.01,,,478.75,46.57,72.61,72.61,0,47.59,,85.92901244,5.4580937,5.4580937,0,91.38841399,,,,,,,,,,,,,,,,,,,,,,62.82,24.18,1.7,31.44,12.09,1.7,0.27,80.4,100,,,618.25,,,,,,,,,,618.25,312,,0,0,0,0,1920.32,,1920.33,0,0,0,-0.01,no,yes,yes,yes,yes,yes,no,no,no,yes,618.25,,,,,,,,,,,,,,,,,,,,,,,,,,,,,,
Asia,BGD,Bangladesh,2010,0,0,100,0,1888.342042,0,13017,1816.412042,71.93,71.93,71.93,0,,,,446.85,17.17,,94.37,,,480.78,46.57,72.61,72.61,0,47.56,,84.5903088,5.2228373,5.2228373,0,89.80954752,,,,,,,,,,,,,,,,,,,,,,62.82,24.18,1.7,31.44,12.09,1.7,0.27,80.4,100,,,618.25,,,,,,,,,,618.25,312,,0,0,0,0,1888.34,,1888.34,0,0,0,0,no,yes,yes,yes,yes,yes,no,no,no,yes,618.25,,,,,,,,,,,,,,,,,,,,,,,,,,,,,,
Asia,BGD,Bangladesh,2015,0,0,100,0,1883.4,0,13017,1725.33,158.07,158.07,78.77,0,,,5.69,457.27,23.68,,180.7,,,484.29,46.57,72.61,72.61,0,48.76,,80.3486181,11.4774627,11.4774627,0,91.834584,,11.65,9.71,7.22,3.49,2.69,1.9,0.73,0.5,0.43,0.4,69.63,108.35,6.68,5.95,2.64,2.58,2.39,65.62,85.86,194.21,62.82,24.18,1.7,31.44,12.09,1.7,0.27,80.4,100,,,618.25,,,,,,,,,,618.25,312,,0,0,0,0,1883.4,,1883.4,0,0,0,0,no,yes,yes,yes,yes,yes,no,no,no,yes,618.25,20.3,6.9,13.4,0,0,0,0,0,0,0,0,0,20.3,6.9,13.4,3,0,3,100,32,68,120,45,75,25,0,25,248,77,171
Asia,BGD,Bangladesh,2020,0,0,100,0,1883.4,0,13017,1725.33,158.07,158.07,78.77,0,,,,,,,,,,,46.57,72.61,72.61,0,48.76,,80.3486181,11.4774627,11.4774627,0,91.834584,,,,,,,,,,,,,,,,,,,,,,62.82,24.18,1.7,31.44,12.09,1.7,0.27,80.4,100,,,618.25,,,,1265.15,,,,,,618.25,312,,,,,,,,,,,,,no,yes,yes,yes,yes,yes,no,no,no,yes,618.25,,,,,,,,,,,,,,,,,,,,,,,,,,,,,,
"International Tropical Timber Organization, Asia, Montreal Process",CHN,China,1990,7,22,4,67,157140.59,101497.68,942470,112988.6,44151.98,35321.58,4385.84,8830.4,11646,12114.16,3855.8,24.47,,97.82,3947.02,,,,86.23914271,16.72903458,11.50118426,37.64042399,66.70879879,7.448643161,9744.04,738.62,406.24,332.38,10482.66,756.02,1187.34,1020.14,885.59,1082.29,657.75,327.82,274.67,425.6,242.86,85.95,4040.32,10230.33,,,,,,252.33,252.33,10482.66,51.64,13.43,10.16,25.31,6.49,4.78,,,,78357.18,17340.12,3233.68,730.84,45833.44,655.26,10990.07,108330.52,17340.12,3233.68,730.84,16515.36,4638,78570,,27495.89,,,,129644.7,0,129644.7,0,0,0,0,no,yes,yes,yes,yes,yes,yes,no,no,no,,2517.2,,,707.3,,,1076.7,,,,,,232.8,,,14,,,301,,,4590,,,8759,,,,,
"International Tropical Timber Organization, Asia, Montreal Process",CHN,China,2000,7,22,4,67,177000.55,99775.98,942470,122170.29,54830.25,38880.53,7162.59,15949.72,11453,9216.06,4868.54,22.3,,171,8421.24,,,,89.06797225,26.74363148,19.02288883,45.56443624,69.76147814,7.110929905,10881.46,1466.36,739.62,726.74,12347.82,709.5,1324.28,1175.53,924.62,1084.74,831.67,682.57,412.63,649.08,470.42,342.1,4029.33,11926.97,14.08,,,,7.72,399.04,420.84,12347.81,54.54,14.3,10.65,26.73,6.91,5.01,,,,77796.11,28657.28,4357.68,1044.98,56550.31,1046.84,7547.35,107381.14,28657.28,4357.68,1044.98,28012.12,16478,97351,,31868.83,,,,145131.72,0,145131.72,0,0,0,0,no,yes,yes,yes,yes,yes,yes,no,no,no,,2004.6,633.1,1371.5,614,197.1,416.9,703,214.4,488.6,,,,363,91.1,271.9,101,,,158,,,6025,,,27376,,,,,
"International Tropical Timber Organization, Asia, Montreal Process",CHN,China,2010,7,22,4,67,200610.38,105098.22,942470,127286.23,73324.15,42186.99,10276.64,31137.16,11453.33,11633.3,6033.54,24.93,,244.18,8876.08,,,,98.36617834,33.28753214,25.7441927,43.50782152,74.57959055,7.424673796,12520.66,2440.78,1086.07,1354.71,14961.44,780.32,1263.73,1159.97,992.05,999.51,893.89,727.63,582.68,616.65,495.57,350.6,6219.7,14301.98,137.45,50.27,22.22,11.27,3.88,434.36,659.45,14961.43,55.72,14.31,11.22,27.31,6.91,5.28,,,,61795.94,46723.04,9732.88,2127.42,67709.68,2375.8,10145.62,85147.2,46723.04,9732.88,2127.42,46734.22,27483,120366,,74964.92,,,,125645.46,0,125645.46,0,0,0,0,no,yes,yes,yes,yes,yes,yes,no,no,no,,1325.2,358.7,966.5,491,139.7,351.3,430.1,112.3,317.9,,,,341.9,87.8,254.1,611,,,4618,,,33428,,,61342,,,,,
"International Tropical Timber Organization, Asia, Montreal Process",CHN,China,2015,7,22,4,67,210294.25,107321.76,942470,131284.06,79010.22,42961.8,11780.43,36048.42,11453.33,10260.5,6451,29.3,,280.77,9653.7,,,,105.8198535,41.57107777,32.99303102,51.79422566,81.68078775,8.015336312,13892.46,3284.54,1417.44,1867.1,17177,860.22,1364.77,1293.23,1098.62,977.93,921.78,826.82,679.94,625.62,501.26,335.87,7707.55,16333.39,204.58,63.22,47.23,14.14,2.6,511.84,843.61,17177,60.75,15.51,12.28,29.77,7.49,5.77,,,,64836.9,46329.32,11975.04,2567.86,72830.4,2348.12,9406.61,89568.7,46329.32,11975.04,2567.86,50446.72,28605,136691,,86866.33,,,,123427.92,0,123427.92,0,0,0,0,no,yes,yes,yes,yes,yes,yes,no,no,no,,1147.3,321.1,826.2,563.4,164.9,398.5,240.5,61.7,178.8,,,,287.7,73.8,213.9,757,,,6491,,,46070,,,99680,,,,,
"International Tropical Timber Organization, Asia, Montreal Process",CHN,China,2020,7,22,4,67,219978.18,109545.3,942470,135281.88,84696.3,45736,14178.16,38960.3,11453.33,9682.5,6816.5,31.78,,317.36,10178.75,,,,111.9319158,47.79736541,38.06082736,59.22721334,87.23874341,8.499862614,15142.36,4048.26,1740.75,2307.51,19190.62,931.12,1457.83,1400.79,1190.05,961.09,972.21,899.19,763.29,641.34,513.92,323.67,9052.42,18175.8,283.56,71.16,73.13,17.46,1.41,568.1,1014.82,19190.62,64.72,16.43,12.07,31.72,7.94,5.67,,,,67877.87,45935.6,14217.2,3008.3,77951.11,2320.44,8667.66,93990.2,45935.6,14217.2,3008.3,54159.22,30350,153985,,,,,,,,,,,,,no,yes,yes,yes,yes,yes,yes,no,no,no,,,,,,,,,,,,,,,,,,,,,,,,,,,,,,,
Africa,BFA,Burkina Faso,1990,0,0,100,0,7716.6,7743.8,27360,7702.6,14,0.7,0,13.3,0,0,,0,,,8.5,9131.5,,,30.23,30.23,30.23,30.23,30.23,22,232.849598,0.42322,0.021161,0.402059,233.272818,170.3636,,,,,,,,,,,,,,,,,,,,,63.8,17.86,,30,8,,2.1,35,30,50,,318,0,7271.6,,77,,7639.6,318,0,0,1032,25,,0,0,0,0,7716.6,0,7716.6,0,0,0,0,no,yes,yes,yes,yes,yes,yes,yes,yes,yes,3900,,,,,,,,,,,,,,,,,,,,,,,,,,,,,,
Africa,BFA,Burkina Faso,2000,0,0,100,0,7216.5,8639.4,27360,7148.2,68.3,3.4,0,64.9,0,0,,0,,,41.6,9727.8,,,28.09,28.09,28.09,28.09,28.09,16,200.792938,1.918547,0.095506,1.823041,202.711485,138.2304,,,,,,,,,,,,,,,,,,,,,59.27,16.6,,28,8,,2.1,35,30,390,,318,0.26,6431.24,,77,,7139.5,318,0.26,0,1012,259,,0,0,0,0,7216.5,0,7216.5,0,0,0,0,no,yes,yes,yes,yes,yes,yes,yes,yes,yes,3900,1.8,,,,,,,,,,,,,,,,,,,,,,,,,,,,,
Africa,BFA,Burkina Faso,2010,0,0,100,0,6716.5,9535,27360,6593.8,122.7,6.1,0,116.6,0,0,,0,,,74.8,10324,,,25.58,25.58,25.58,25.58,25.58,12,168.669404,3.138666,0.156038,2.982628,171.80807,114.42,,,,,,,,,,,,,,,,,,,,,53.98,15.11,,25,7,,2.1,35,30,603,0,318,0.38,5795.12,0,0,,67165,318,0.38,0,992,600,,0,0,0,0,6716.5,0,6716.5,0,0,0,0,no,yes,yes,yes,yes,yes,yes,yes,yes,yes,3900,13.6,,,1.6,,,12,,,,,,,,,4,,,49,,,55,,,101,,,,,
Africa,BFA,Burkina Faso,2015,0,0,100,0,6466.4,9982.8,27360,6316.6,149.9,7.5,0,142.4,0,0,,0,,,93.3,10622.2,,,24.74,24.74,24.74,24.74,24.74,10,156.272684,3.708526,0.18555,3.522976,159.978736,99.828,26.38,12.59,9.58,6.34,6.17,6.04,5.48,5.22,4.42,4.41,58.38,145.01,1.1,8.87,2.16,0.52,0.33,2,14.98,159.99,52.21,14.62,,25,7,,2.1,35,30,882,0,573,0.38,5011.02,0,0,,6466.4,573,0.38,0,983,668.2,,0,0,0,0,6466.4,0,6466.4,0,0,0,0,no,yes,yes,yes,yes,yes,yes,yes,yes,yes,3900,50.9,,,35.9,,,14,,,,,,,,,1,,,55,,,78,,,135,,,,,
Africa,BFA,Burkina Faso,2020,0,0,100,0,6216.4,10430.6,27360,6039.3,177.1,8.9,0,168.2,0,0,,0,,,107.9,,,,22.65,22.65,22.65,22.65,22.65,8,136.790145,4.011315,0.201585,3.80973,140.80146,83.4448,,,,,,,,,,,,,,,,,,,,,47.79,13.38,,22,6,,2.1,35,30,746,0,573.5,0.38,4896.52,0,0,,6216.4,573.5,0.38,0,974,882.4,,,,,,,,,,,,,no,yes,yes,yes,yes,yes,yes,yes,yes,yes,3900,,,,,,,,,,,,,,,,,,,,,,,,,,,,,,
"International Tropical Timber Organization, Espace COMIFAC, Africa",COG,Congo,1990,0,0,100,0,22315,4678,34150,22255.5,59.5,59.5,59.5,0,,,,,,,,,,,196,196,196,0,196,2.5,4362.078,11.662,11.662,0,4373.74,11.695,,,,,,,,,,,,,,,,,,,,,198.8,73.6,0.7,97.4,36,0.35,,,,,,,,3910,,18405,,3910,3910,3910,,3910,0,,0,0,0,0,22315,0,22315,0,0,0,0,yes,yes,no,yes,no,yes,no,yes,no,yes,3910,7.3,,,,,,,,,,,,,,,,,,,,,,,,,,,,,
"International Tropical Timber Organization, Espace COMIFAC, Africa",COG,Congo,2000,0,0,100,0,22195,4558,34150,22135.5,59.5,59.5,59.5,0,,,,,,,,,,,196,196,196,0,196,2.5,4338.558,11.662,11.662,0,4350.22,11.395,,,,,,,,,,,,,,,,,,,,,198.8,73.6,0.7,97.4,36,0.35,,,,,,,,3910,,18285,,3910,3910,3910,,3910,0,,0,0,0,0,22195,0,22195,0,0,0,0,yes,yes,no,yes,no,yes,no,yes,no,yes,3910,10.4,,,,,,,,,,,,,,,,,,,,,,,,,,,,,
"International Tropical Timber Organization, Espace COMIFAC, Africa",COG,Congo,2010,0,0,100,0,22075,4438,34150,22015.5,59.5,59.5,59.5,0,,,,,,,,,,,196,196,196,0,196,2.5,4315.038,11.662,11.662,0,4326.7,11.095,,,,,,,,,,,,,,,,,,,,,198.8,73.6,0.7,97.4,36,0.35,,,,5417,,,,3910,,12748,,3910,3910,3910,,3910,5417,,0,0,0,0,22075,0,22075,0,0,0,0,yes,yes,no,yes,no,yes,no,yes,no,yes,3910,11.4,,,,,,,,,,,,,,,,,,,,,,,,,,,,,
"International Tropical Timber Organization, Espace COMIFAC, Africa",COG,Congo,2015,0,0,100,0,22015,4378,34150,21955.5,59.5,59.5,59.5,0,,,,,,,,,,,196,196,196,0,196,2.5,4303.278,11.662,11.662,0,4314.94,10.945,124.26,75.83,63.98,53.49,47.98,46.41,42.1,37.99,37.92,33.8,3739.92,4303.68,11.66,,,,,,11.66,4315.34,198.8,73.6,0.7,97.4,36,0.35,,,,6653.65,,,,3910,,11451.35,,3910,3910,3910,,3910,6653.65,,0,0,0,0,22015,0,22015,0,0,0,0,yes,yes,no,yes,no,yes,no,yes,no,yes,3910,12,,,,,,,,,,,,,,,,,,,,,,,,,,,,,
"International Tropical Timber Organization, Espace COMIFAC, Africa",COG,Congo,2020,0,0,100,0,21946,4309,34150,21886.5,59.5,59.5,59.5,0,,,,,,,,,,,196,196,196,0,196,2.5,4289.754,11.662,11.662,0,4301.416,10.7725,,,,,,,,,,,,,,,,,,,,,198.8,73.6,0.7,97.4,36,0.35,,,,7890.3,,,,3910,,10145.7,,3910,3910,3910,,3910,7890.3,,,,,,,,,,,,,yes,yes,no,yes,no,yes,no,yes,no,yes,3910,,,,,,,,,,,,,,,,,,,,,,,,,,,,,,
Oceania,COK,Cook Islands,1990,0,0,100,0,14.91,0,24,14.4,0.51,0.51,0,0,0,,,0,0,,,,,,,,,,,,,,,,,,,,,,,,,,,,,,,,,,,,,,,,,,,,,,,0,0.51,0,0,14.4,0,0,0,14.4,14.4,0,0,,,,,,,,,14.91,,,,,,no,yes,,no,,no,,no,,,,0,0,0,0,0,0,0,0,0,0,0,0,0,0,0,0,0,0,0,0,0,0,0,0,0,0,0,0,0,0
Oceania,COK,Cook Islands,2000,0,0,100,0,15.57,0,24,14.4,1.1,1.1,0,0,0,,,0,0,,,,,,,,,,,,,,,,,,,,,,,,,,,,,,,,,,,,,,,,,,,,,,,0,1.17,0,0,14.4,0,0,0,14.4,14.4,0,0,,,,,,,,,15.57,,,,,,no,yes,,no,,no,,no,,,,0,0,0,0,0,0,0,0,0,0,0,0,0,0,0,0,0,0,0,0,0,0,0,0,0,0,0,0,0,0
Oceania,COK,Cook Islands,2010,0,0,100,0,15.59,0,24,14.4,1.1,1.1,0,0,0,,,0,0,,,,,,,,,,,,,,,,,,,,,,,,,,,,,,,,,,,,,,,,,,,,,,,0,1.19,0,0,14.4,0,0,0,14.4,14.4,0,0,,,,,,,,,15.59,,,,,,no,yes,,no,,no,,no,,,,0,0,0,0,0,0,0,0,0,0,0,0,0,0,0,0,0,0,0,0,0,0,0,0,0,0,0,0,0,0
Oceania,COK,Cook Islands,2015,0,0,100,0,15.59,0,24,14.4,1.1,1.1,0,0,0,,,0,0,,,,,,,,,,,,,,,,,,,,,,,,,,,,,,,,,,,,,,,,,,,,,,,0,1.19,0,0,14.4,0,0,0,14.4,14.4,0,0,,,,,,,,,15.59,,,,,,no,yes,,no,,no,,no,,,,0,0,0,0,0,0,0,0,0,0,0,0,0,0,0,0,0,0,0,0,0,0,0,0,0,0,0,0,0,0
Oceania,COK,Cook Islands,2020,0,0,100,0,15.59,0,24,14.4,1.1,1.1,0,0,0,,,0,0,,,,,,,,,,,,,,,,,,,,,,,,,,,,,,,,,,,,,,,,,,,,,,,0,1.19,0,0,14.4,0,0,0,14.4,14.4,0,0,,,,,,,,,,,,,,,no,yes,,no,,no,,no,,,,,,,,,,,,,,,,,,,,,,,,,,,,,,,,,
Africa,BWA,Botswana,1990,0,0,100,0,18803.7,26490.6,56673,18803.7,0,0,0,0,,,0,0,0,,,,,,103.5,0,0,0,103.5,,1946.18295,0,0,0,1946.18295,,,,,,,,,,,,,,,,,,,,,,155.25,43.47,,72.97,20.43,,,,,0,0,0,0,18803.7,0,0,18803.7,,18803.7,18803.7,,1713.11,1713.11,1713.11,14290.81,0,940.19,13350.63,4512.89,0,4512.89,0,0,0,0,no,yes,yes,yes,yes,yes,yes,yes,yes,yes,3806.9,,,,,,,,,,,,,,,,0,0,0,0,0,0,0,0,0,3,1,2,3,1,2
Africa,BWA,Botswana,2000,0,0,100,0,17620.7,26490.6,56673,17620.7,0,0,0,0,,,0,0,0,,,,,,103.5,0,0,0,103.5,,1823.74245,0,0,0,1823.74245,,,,,,,,,,,,,,,,,,,,,,155.25,43.47,,72.97,20.43,,,,,0,0,0,0,17620.7,0,0,17620.7,,17620.7,17620.7,,1713.11,1713.11,1713.11,13391.73,0,881.04,12510.7,4228.97,0,4228.97,0,0,0,0,no,yes,yes,yes,yes,yes,yes,yes,yes,yes,3806.9,,,,0.48,0.11,0.36,,,,,,,,,,6,1,5,3,1,2,15,4,11,29,6,23,53,12,41
Africa,BWA,Botswana,2010,0,0,100,0,16437.7,26490.6,56673,16437.7,0,0,0,0,,,0,0,0,,,,,,103.5,0,0,0,103.5,,1701.30195,0,0,0,1701.30195,,,,,,,,,,,,,,,,,,,,,,155.25,43.47,,72.97,20.43,,,,,0,0,0,0,16437.7,0,0,16437.7,,16437.7,16437.7,,1713.11,1713.11,1713.11,12492.65,0,821.89,11670.77,3945.05,0,3945.05,0,0,0,0,no,yes,yes,yes,yes,yes,yes,yes,yes,yes,3806.9,1.65,,,0.42,0.01,0.41,,,,1.23,,,,,,3,0,3,9,3,6,23,3,20,35,14,21,70,20,50
Africa,BWA,Botswana,2015,0,0,100,0,15846.2,26490.6,56673,15846.2,0,0,0,0,,,0,0,0,,,,,,103.5,0,0,0,103.5,,1640.0817,0,0,0,1640.0817,,,,,,,,,,,,,,,,,,,,,,155.25,43.47,,72.97,20.43,,,,,0,0,0,0,15846.2,0,0,15846.2,,15846.2,15846.2,,1713.11,1713.11,1713.11,12043.11,0,792.31,11250.8,3803.09,0,3803.09,0,0,0,0,no,yes,yes,yes,yes,yes,yes,yes,yes,yes,3806.9,7.94,,,0.52,0.15,0.37,,,,7.42,,0.3,,,,2,1,1,12,5,7,7,1,6,13,6,7,34,13,21
Africa,BWA,Botswana,2020,0,0,100,0,15254.7,26490.6,56673,15254.7,0,0,0,0,,,0,0,0,,,,,,103.5,0,0,0,103.5,,1578.86145,0,0,0,1578.86145,,,,,,,,,,,,,,,,,,,,,,155.25,43.47,,72.97,20.43,,,,,0,0,0,0,15254.7,0,0,15254.7,,15254.7,15254.7,,1713.11,1713.11,1713.11,,,,,,,,,,,,no,yes,yes,yes,yes,yes,yes,yes,yes,yes,3806.9,,,,,,,,,,,,,,,,,,,,,,,,,,,,,,
North and Central America,AIA,Anguilla,1990,0,0,100,0,5.5,0,9,,,,,,0,,,0.09,0,,,,,,,,,,123,,,,,,0.6765,,,,,,,,,,,,,,,,,,,,,,210,59,,98.7,27.73,,,,,,,,,,,5.5,,,,,,,,,,,,,,5.5,,,,,,,,,,,,,,,,,,,,,,,,,,,,,,,,0,0,0,0,0,0,0,0,0,0,0,0,0,0,0
North and Central America,AIA,Anguilla,2000,0,0,100,0,5.5,0,9,,,,,,0,,,0.09,0,,,,,,,,,,123,,,,,,0.6765,,,,,,,,,,,,,,,,,,,,,,210,59,,98.7,27.73,,,,,,,,,,,5.5,,,,,,,,,,,,,,5.5,,,,,,,,,,,,,,,,,,,,,,,,,,,,,,,,0,0,0,0,0,0,0,0,0,0,0,0,0,0,0
North and Central America,AIA,Anguilla,2010,0,0,100,0,5.5,0,9,,,,,,0,,,0.09,0,,,,,,,,,,123,,,,,,0.6765,,,,,,,,,,,,,,,,,,,,,,210,59,,98.7,27.73,,,,,,,,,,,5.5,,,,,,,,,,,,,,5.5,,,,,,,,,,,,,,,,,,,,,,,,,,,,,,,,0,0,0,0,0,0,0,0,0,0,0,0,0,0,0
North and Central America,AIA,Anguilla,2015,0,0,100,0,5.5,0,9,,,,,,0,,,0.09,0,,,,,,,,,,123,,,,,,0.6765,,,,,,,,,,,,,,,,,,,,,,210,59,,98.7,27.73,,,,,,,,,,,5.5,,,,,,,,,,,,,,5.5,,,,,,,,,,,,,,,,,,,,,,,,,,,,,,,,0,0,0,0,0,0,0,0,0,0,0,0,0,0,0
North and Central America,AIA,Anguilla,2020,0,0,100,0,5.5,0,9,,,,,,0,,,0.09,0,,,,,,,,,,123,,,,,,0.6765,,,,,,,,,,,,,,,,,,,,,,210,59,,98.7,27.73,,,,,,,,,,,5.5,,,,,,,,,,,,,,,,,,,,,,,,,,,,,,,,,,,,,,,,,,,,,,,,,,,,,,,,,,,,
Africa,COM,Comoros,1990,0,0,100,0,46.06,22.41,186,42.55,3.51,3.51,0,0,,,,0.14,,,,,,,,,,,87.8,7.3,,,,,4.044068,0.163593,0.99,0.75,0.51,0.38,0.33,0.3,0.27,0.24,0.23,0.23,,4.23,,,,,,,,4.23,66,13.3,,31.02,6.25,,,,,7,0,0,0,39.06,0,0,,39.06,,,,0,,,0,0,0,0,46.06,0,46.06,0,0,0,0,yes,yes,yes,yes,yes,yes,yes,yes,yes,yes,46.06,,,,,,,,,,,,,,,,,,,,,,,,,,,,,,
Africa,COM,Comoros,2000,0,0,100,0,41.68,22.41,186,39.27,2.41,2.41,0,0,,,,0.14,,,,,,,,,,,87.8,7.3,,,,,3.659504,0.163593,0.9,0.69,0.47,0.35,0.3,0.27,0.25,0.22,0.21,0.21,,3.87,,,,,,,,3.87,66,13.3,,31.02,6.25,,,,,3,0,0,0,38.68,0,0,,38.68,,,,0,,,0,0,0,0,41.68,0,41.68,0,0,0,0,yes,yes,yes,yes,yes,yes,yes,yes,yes,yes,41.68,,,,,,,,,,,,,,,,,,,,,,,,,,,,,,
Africa,COM,Comoros,2010,0,0,100,0,37.3,22.41,186,36,1.31,1.31,0,0,,,,0.14,,,,,,,,,,,87.8,7.3,,,,,3.27494,0.163593,0.79,0.6,0.41,0.31,0.26,0.24,0.22,0.19,0.18,0.18,,3.38,,,,,,,,3.38,66,13.3,,31.02,6.25,,,,,1.31,0,0,0,35.99,0,,,36.3,,,,0,5.91,,0,0,0,0,37.3,,37.3,0,0,0,0,yes,yes,yes,yes,yes,yes,yes,yes,yes,yes,37.3,,,,,,,,,,,,,,,,,,,,,,,,,,,,,,
Africa,COM,Comoros,2015,0,0,100,0,35.11,22.41,186,34.35,0.76,0.76,0,0,,,,0.14,,,,,,,,,,,87.8,7.3,,,,,3.082658,0.163593,,,,,,,,,,,,,,,,,,,,,66,13.3,,31.02,6.25,,,,,0.76,0,0,0,34.35,0,0,,34.11,,,,0,,,0,0,0,0,35.11,0,35.11,0,0,0,0,yes,yes,yes,yes,yes,yes,yes,yes,yes,yes,35.11,,,,,,,,,,,,,,,,,,,,,,,,,,,,,,
Africa,COM,Comoros,2020,0,0,100,0,32.92,22.41,186,32.71,0.21,0.21,0,0,,,,0.14,,,,,,,,,,,87.8,7.3,,,,,2.890376,0.163593,,,,,,,,,,,,,,,,,,,,,66,13.3,,31.02,6.25,,,,,,,,,,,32.92,,,,,,0,,,,,,,,,,,,,,yes,yes,yes,yes,yes,yes,yes,yes,yes,yes,32.92,,,,,,,,,,,,,,,,,,,,,,,,,,,,,,
North and Central America,CUB,Cuba,1990,0,0,100,0,2058,254,10402,1711,347,347,65.93,0,0,0,4,535,0,2.6,0,,,,90,90,90,0,90,0,153.99,31.23,31.23,0,185.22,0,,,,,,,,,,,,,,,,,,,,,113.1,27.12,,53.16,12.75,,,,,741,802,515,0,0,0,,741,802,515,0,0,333,1201.17,333,0,0,0,0,2058,,1358,206,144,0,350,no,yes,no,yes,no,yes,no,yes,no,yes,0,,,,,,,,,,,,,,,,,,,0,0,0,1084,549,535,,,,,,
North and Central America,CUB,Cuba,2000,0,0,100,0,2435,264,10402,2093,342,342,87,0,0,0,4.83,539,0,2.75,0,100,,,90,90,90,0,90,0,188.37,30.78,30.78,0,219.15,0,,,,,,,,,,,,,,,,,,,,,116.32,28.01,,54.67,13.16,,,,,725,1039,570,0,0,101,,725,1039,570,0,101,394,1312.91,394,0,0,0,0,2435,,1607,244,170,0,414,no,yes,no,yes,no,yes,no,yes,no,yes,0,,,,,,,,,,,,,,,,,,,56,20,36,577,247,330,,,,,,
North and Central America,CUB,Cuba,2010,0,0,100,0,2932,277,10402,2436,496,496,104,0,0,0,4.82,530,0,2.75,0,118,,,90,90,90,0,90,0,219.24,44.64,44.64,0,263.88,0,,,,,,,,,,,,,,,,,,,,,113.04,27.1,,53.13,12.74,,,,,905,1379,633,15,0,0,,905,1379,633,15,0,576,1788.3,576,0,0,0,0,2932,,2622,48,54,0,208,no,yes,no,yes,no,yes,no,yes,no,yes,170,42.94,9.09,33.03,38.19,6.37,31.11,1.26,0.1,1.16,3,2.33,0.68,0.49,0.3,0.09,,,,130,55,75,384,137,247,,,,,,
North and Central America,CUB,Cuba,2015,0,0,100,0,3184,229,10402,2656,528,528,104,0,0,0,4.87,629,0,2.8,0,119.04,,,90,90,90,0,90,0,239.04,47.52,47.52,0,286.56,0,,,,,,,,,,,,,,,,,,,,,113.42,27.21,,53.31,12.79,,,,,997,1476,698,13,0,0,,997,1476,698,13,0,648,1955.2,648,0,0,0,0,3184,,2554,202,113,0,315,no,yes,no,yes,no,yes,no,yes,no,yes,167,42.6,14.58,28.02,37.27,11.37,25.89,2.5,1.3,1.2,2.34,1.59,0.75,0.49,0.32,0.18,,,,12,3,9,333,109,224,,,,,,
North and Central America,CUB,Cuba,2020,0,0,100,0,3242,244,10402,2709.34,532.66,532.66,102.96,0,0,0,5,650,0,2.85,0,125,,,90,90,90,0,90,0,243.8406,47.9394,47.9394,0,291.78,0,,,,,,,,,,,,,,,,,,,,,113.59,27.25,,53.39,12.81,,,,,1000,1476,751,15,0,0,0,1000,1476,751,15,0,648,2563.89,1253.7,,,,,,,,,,,,no,yes,no,yes,no,yes,no,yes,no,yes,200,,,,,,,,,,,,,,,,,,,,,,,,,,,,,,
"Espace COMIFAC, Africa, International Tropical Timber Organization",COD,Democratic Republic of the Congo,1990,0,0,100,0,150629,11512,226705,150573.5,55.5,55.5,55.5,0,98813.86,,,30.8,,,,,,,244,244,244,,244,,36739.934,13.542,13.542,0,36753.476,,,,,,,,,,,,,,,,,,,,,,231,85.5,,108.6,40.17,,,,,22380,,26314,,,,101935,,,,,,,,,0,0,0,0,150629,0,150629,0,0,0,0,no,yes,no,yes,no,yes,no,yes,no,yes,,,,,,,,,,,,,,,,,,,,,,,,,,,,,,,
"Espace COMIFAC, Africa, International Tropical Timber Organization",COD,Democratic Republic of the Congo,2000,0,0,100,0,143899,11512,226705,143842.3,56.7,56.7,56.7,0,94396.51,,,19.5,,,,,,,244,244,244,,244,,35097.5212,13.8348,13.8348,0,35111.356,,,,,,,,,,,,,,,,,,,,,,231,85.5,,108.6,40.17,,,,,22380,,26314,,,,95205,,,,,,16297,,,0,0,0,0,143899,0,143899,0,0,0,0,no,yes,no,yes,no,yes,no,yes,no,yes,16297,,,,,,,,,,,,,,,,,,,,,,,,,,,,,,
"Espace COMIFAC, Africa, International Tropical Timber Organization",COD,Democratic Republic of the Congo,2010,0,0,100,0,137169,11512,226705,137111.3,57.7,57.7,57.7,0,89979.29,,,19.5,,,,,,,244,244,244,,244,,33455.1572,14.0788,14.0788,0,33469.236,,,,,,,,,,,,,,,,,,,,,,231,85.5,,108.6,40.17,,,,,12215,,26314,,,,,,,,,,16297,,,0,0,0,0,137169,,137169,0,0,0,0,no,yes,no,yes,no,yes,no,yes,no,yes,16297,,,,,,,,,,,,,,,,,,,,,,,,,,,,,,
"Espace COMIFAC, Africa, International Tropical Timber Organization",COD,Democratic Republic of the Congo,2015,0,0,100,0,131662.12,11512,226705,131604.4,57.7,57.7,57.7,0,86365.4,,,19.5,,,,,,,244,244,244,,244,,32111.4736,14.0788,14.0788,0,32125.55728,,,,,,,,,,,,,,,,,,,,,,231,85.5,,108.6,40.17,,,,,12184,,26314,,1143,,92021.12,,,,,,24297,,,0,0,0,0,131662.12,0,131662.12,0,0,0,0,no,yes,no,yes,no,yes,no,yes,no,yes,24297,,,,,,,,,,,,,,,,,,,,,,,,,,,,,,
"Espace COMIFAC, Africa, International Tropical Timber Organization",COD,Democratic Republic of the Congo,2020,0,0,100,0,126155.24,11512,226705,126097.5,57.7,57.7,57.7,0,82751.51,,,19.5,,,,,,,244,244,244,,244,,30767.79,14.0788,14.0788,0,30781.87856,,,,,,,,,,,,,,,,,,,,,,231,85.5,,108.6,40.17,,,,,12184,,26314,,1143,,86514.24,,,,,,24297,10715,,,,,,,,,,,,,no,yes,no,yes,no,yes,no,yes,no,yes,24297,,,,,,,,,,,,,,,,,,,,,,,,,,,,,,
"International Tropical Timber Organization, North and Central America",CRI,Costa Rica,1990,0,0,100,0,2907.4,0,5106,2880.8,26.6,26.6,,0,,,,36.25,0,,,,,,267,86.2,86.2,0,265.35,,769.1736,2.29292,2.29292,0,771.47859,,,,,,,,,,,,,,,,,,,,,,196,52.4,11.7,97.8,26.2,5.9,1.5,110,30,,,,,,,2907.4,,,,,,,,,,,,,,2907.4,,,,,,no,yes,no,yes,no,yes,no,yes,no,yes,,,,,,,,,,,,,,,,,,,,,,,,,,,,,,,
"International Tropical Timber Organization, North and Central America",CRI,Costa Rica,2000,0,0,100,0,2857.22,0,5106,2810.62,46.6,46.6,,0,,,,36.25,0,,,,,,267,86.2,86.2,0,264.05,,750.43554,4.01692,4.01692,0,754.448941,,,,,,,,,,,,,,,,,,,,,,196,52.4,11.7,97.8,26.2,5.9,1.5,110,30,,,,,,,2857.22,,,,,,,,,,,,,,2857.22,,,,,,no,yes,no,yes,no,yes,no,yes,no,yes,,,,,,,,,,,,,,,,,,,,,,,,,,,,,,,
"International Tropical Timber Organization, North and Central America",CRI,Costa Rica,2010,0,0,100,0,2871.2,0,5106,2804.2,66.6,66.6,,0,,,,36.25,0,,,536.84,,,267,86.2,86.2,0,262.81,,748.7214,5.74092,5.74092,0,754.580072,,,,,,,,,,,,,,,,,,,,,,196,52.4,11.7,97.8,26.2,5.9,1.5,110,30,,,,,,,2871.2,,,,,,,,,,,,,,2871.2,,,,,,no,yes,no,yes,no,yes,no,yes,no,yes,,,,,,,,,,,,,,,,,,,,,,,,,,,,,,,
"International Tropical Timber Organization, North and Central America",CRI,Costa Rica,2015,0,0,100,0,2953.03,0,5106,2876.43,76.6,76.6,,0,,,,36.25,0,,,462.54,,,267,86.2,86.2,0,262.31,,768.00681,6.60292,6.60292,0,774.6092993,,,,,,,,,,,,,,,,,,,,,,196,52.4,11.7,97.8,26.2,5.9,1.5,110,30,908.5,0,1301.72,0,742.81,0,0,908.5,,1301.7,,742.83,1265.7,1063.93,623.4,1402.93,,,284.4,1265.7,284.4,1265.7,0,0,0,0,no,yes,no,yes,no,yes,no,yes,no,yes,1265.7,14.81,,,3.32,,,1.62,,,,,,9.87,,,,,,,,,,,,,,,,,
"International Tropical Timber Organization, North and Central America",CRI,Costa Rica,2020,0,0,100,0,3034.87,0,5106,2948.27,86.6,86.6,,0,,,,36.25,0,,,,,,267,86.2,86.2,0,261.84,,787.18809,7.46492,7.46492,0,794.6503608,,,,,,,,,,,,,,,,,,,,,,196,52.4,11.7,97.8,26.2,5.9,1.5,110,30,908.5,0,1301.72,0,824.65,0,0,908.5,,1301.7,,824.67,1301.72,1109.75,623.4,,,,,,,,,,,,no,yes,no,yes,no,yes,no,yes,no,yes,1301.72,,,,,,,,,,,,,,,,,,,,,,,,,,,,,,
North and Central America,BRB,Barbados,1990,0,0,100,0,6.3,1.08,43,6.3,0,0,0,0,,,0,0,0,,,,,,,,,,,,,,,,,,,,,,,,,,,,,,,,,,,,,,,,,,,,,,,,,,,,,6.3,,,,,,,,,,,,,0.07,6.23,0.07,0,0,0,0,no,no,no,no,no,no,no,no,no,no,,,,,,,,,,,,,,,,,,,,,,,,,,,,,,,
North and Central America,BRB,Barbados,2000,0,0,100,0,6.3,1.08,43,6.3,0,0,0,0,,,0,0,0,0.25,,,,,,,,,,,,,,,,,,,,,,,,,,,,,,,,,,,,,,,,,,,,,,,,,,,,6.3,,,,,,,,,,,,,0.07,6.23,0.07,0,0,0,0,no,no,no,no,no,no,no,no,no,no,,,,,,,,,,,,,,,,,,,,,,,,,,,,,,,
North and Central America,BRB,Barbados,2010,0,0,100,0,6.3,1.08,43,6.3,0,0,0,0,,,0,0,0,0.25,,,,,,,,,,,,,,,,,,,,,,,,,,,,,,,,,,,,,,,,,,,,,,,,0.3,,,,6,,,,,,0.3,,,,,,,0.07,6.23,0.07,0,0,0,0,no,no,no,no,no,no,no,no,no,no,,,,,,,,,,,,,,,,,,,,,,,,,,,,,,,
North and Central America,BRB,Barbados,2015,0,0,100,0,6.3,1.08,43,6.3,0,0,0,0,,,0,0,0,0.25,,,,,,,,,,,,,,,,,,,,,,,,,,,,,,,,,,,,,,,,,,,,,,,,0.3,,,,6,,,,,,0.3,,,,,,,0.07,6.23,0.07,0,0,0,0,no,no,no,no,no,no,no,no,no,no,,,,,,,,,,,,,,,,,,,,,,,,,,,,,,,
North and Central America,BRB,Barbados,2020,0,0,100,0,6.3,1.08,43,6.3,0,0,0,0,,,0,0,0,0.25,,,,,,,,,,,,,,,,,,,,,,,,,,,,,,,,,,,,,,,,,,,,,,,,0.3,,,,6,,,,,,0.3,,,,,,,,,,,,,,no,no,no,no,no,no,no,no,no,no,,,,,,,,,,,,,,,,,,,,,,,,,,,,,,,
North and Central America,CYM,Cayman Islands,1990,0,0,100,0,13.13,2.8,24,13.13,0,0,0,0,,,0,7.49,0,,,,,,,,,,,,,,,,,,,,,,,,,,,,,,,,,,,,,,,,,,,,,,,0,,0,,,,13.13,,,,,,1.54,0,0,1.54,0,1.54,0,,11.59,,,,,,no,yes,no,yes,no,no,no,no,no,,,,,,,,,,,,,,,,,,,,,,,,,,,,,,,,
North and Central America,CYM,Cayman Islands,2000,0,0,100,0,12.93,2.8,24,12.93,0,0,0,0,,,0,7.19,0,,,,,,,,,,,,,,,,,,,,,,,,,,,,,,,,,,,,,,,,,,,,,,,0,,1.54,,,,11.39,,,,,,1.54,0,0,1.54,0,1.54,0,,11.39,,,,,,no,yes,no,yes,no,no,no,no,no,,,,,,,,,,,,,,,,,,,,,,,,,,,,,,,,
North and Central America,CYM,Cayman Islands,2010,0,0,100,0,12.72,2.8,24,12.72,0,0,0,0,,,0,6.89,0,,,,,,,,,,,,,,,,,,,,,,,,,,,,,,,,,,,,,,,,,,,,,,,0,,1.54,,,,11.18,,,,,,1.54,12.72,1.54,1.57,0,1.57,0,,11.15,,,,,,no,yes,no,yes,no,no,no,no,no,,,,,,,,,,,,,,,,,,,,,,,,,,,,,,,,
North and Central America,CYM,Cayman Islands,2015,0,0,100,0,12.72,2.8,24,12.72,0,0,0,0,,,0,6.74,0,,,,,,,,,,,,,,,,,,,,,,,,,,,,,,,,,,,,,,,,,,,,,,,0,,1.57,,,,11.15,,,,,,1.57,12.72,1.57,1.57,0,1.57,0,,11.15,,,,,,no,yes,no,yes,no,no,no,no,no,,,,,,,,,,,,,,,,,,,,,,,,,,,,,,,,
North and Central America,CYM,Cayman Islands,2020,0,0,100,0,12.72,2.8,24,12.72,0,0,0,0,,,0,6.59,0,,,,,,,,,,,,,,,,,,,,,,,,,,,,,,,,,,,,,,,,,,,,,,,0,,1.57,,,,11.15,,,,,,1.57,12.72,1.57,,,,,,,,,,,,no,yes,no,yes,no,no,no,no,no,,,,,,,,,,,,,,,,,,,,,,,,,,,,,,,,
"Espace COMIFAC, Africa, International Tropical Timber Organization",CAF,Central African Republic,1990,0,0,100,0,23203,10122,62298,23201,2,2,2,0,3900,0,0,0,0,,,,,,167,167,167,0,167,,3874.567,0.334,0.334,0,3874.901,,91,86,71,39,28,17,10,9,8,6,3509.9,3874.9,,,,,,,,3874.9,217.09,52.1,,102.03,24.49,,,,,4826,0,167,0,18210,0,0,4993,0,167,,,167,167,167,5076,0,0,5076,18127,0,18127,0,0,0,0,no,yes,yes,yes,yes,yes,yes,yes,yes,yes,5073,3.2,,,,,,,,,,,,,,,1,1,0,2,2,0,0,0,0,0,0,0,3,3,0
"Espace COMIFAC, Africa, International Tropical Timber Organization",CAF,Central African Republic,2000,0,0,100,0,22903,10122,62298,22901,2,2,2,0,3135,0,0,0,0,,,,,,167,167,167,0,167,,3824.467,0.334,0.334,0,3824.801,,91,86,71,39,28,17,10,9,8,6,3459.8,3824.8,,,,,,,,3824.8,217.09,52.1,,102.03,24.49,,,,,4826,0,167,0,17910,0,0,5073,0,167,,,167,191,167,1635,0,0,1635,21268,0,17827,0,3441,0,0,no,yes,yes,yes,yes,yes,yes,yes,yes,yes,5073,4.4,,,,,,,,,,,,,,,1,0,1,2,0,2,0,0,0,0,0,0,3,0,3
"Espace COMIFAC, Africa, International Tropical Timber Organization",CAF,Central African Republic,2010,0,0,100,0,22603,10122,62298,22601,2,2,2,0,2752,0,0,0,0,,,,,,167,167,167,0,167,,3774.367,0.334,0.334,0,3774.701,,91,76,66,39,26,15,6,7,8,6,3434.7,3774.7,,,,,,,,3774.7,217.09,52.1,,102.03,24.49,,,,,4826,0,167,0,17610,0,0,5073,0,167,,,167,667,167,1967,0,0,1967,20636,0,17527,0,3109,0,0,no,yes,yes,yes,yes,yes,yes,yes,yes,yes,5073,5.8,,,,,,,,,,,,,,,1,0,1,79,3,76,63,1,62,86,6,80,229,10,219
"Espace COMIFAC, Africa, International Tropical Timber Organization",CAF,Central African Republic,2015,0,0,100,0,22453,10122,62298,22451,2,2,2,0,2370,0,0,0,0,,,,,,167,167,167,0,167,,3749.317,0.334,0.334,0,3749.651,,91,76,66,39,26,15,6,7,8,6,3409.65,3749.65,,,,,,,,3749.65,217.09,52.1,,102.03,24.49,,,,,4826,0,167,0,17460,0,0,5073,0,167,,,167,3714,167,1967,0,0,1967,20486,0,16709,0,3777,0,0,no,yes,yes,yes,yes,yes,yes,yes,yes,yes,5073,3.5,,,,,,,,,,,,,,,1,0,1,76,2,74,69,6,63,92,4,88,238,12,226
"Espace COMIFAC, Africa, International Tropical Timber Organization",CAF,Central African Republic,2020,0,0,100,0,22303,10122,62298,22301,2,2,2,0,1988,0,0,0,0,,,,,,167,167,167,0,167,,3724.267,0.334,0.334,0,3724.601,,91,76,66,39,26,15,6,7,8,6,3384.6,3724.6,,,,,,,,3724.6,217.09,52.1,,102.03,24.49,,,,,4826,0,167,0,17310,0,0,5073,0,167,,,167,3778,167,,,,,,,,,,,,no,yes,yes,yes,yes,yes,yes,yes,yes,yes,5073,,,,,,,,,,,,,,,,,,,,,,,,,,,,,,
"UNECE, North and Central America, Montreal Process",CAN,Canada,1990,77,23,0,0,348272.93,40865.66,909351,343654.68,4618.25,0,0,4618.25,205838.13,,0,0,0,0,,,,,137.8461367,54.98,,54.98,136.7472918,,47371.47,253.911385,0,253.911385,47625.38,,,,,,,,,,,,,,,,,,,,,,95.09,23.47,41.35,47.54,11.73,20.68,47.85,82.21,55,131139,15039,19942,14643,115254,937,,170105,92830,78497,71524,38090,13546,185013,,28524.59,,,,318289.05,,266635,0,46133,1988,3533.05,no,yes,yes,yes,yes,yes,yes,yes,yes,yes,318365.68,107.13,12.86,94.28,,,,,,,,,,,,,546,110,436,2342,954,1392,5284,2164,3118,8234,2375,5856,16406,5603,10802
"UNECE, North and Central America, Montreal Process",CAN,Canada,2000,77,23,0,0,347801.97,40865.66,909351,338415.86,9386.11,0,0,9386.11,205559.78,25249.43,0,0,0,0,,,,,138.3044518,54.98,,54.98,136.0557848,,46804.42,516.0483278,0,516.0483278,47320.47,,14819.65,4148.63,3210.09,2689.95,2041.52,1612.7,1546.57,1382.68,1256.36,1223.09,13383.07,47314.31,3.96,2.19,0.01,,,,6.16,47320.47,94.64,23.34,39.96,47.32,11.67,19.98,48.4,82.5,55,131465,15188,21564,14694,114782,937,,169911,94704,79842,70290,38036,18174,188103,,28486.02,,,,317858.64,,255167,0,57165,2130,3396.64,no,yes,yes,yes,yes,yes,yes,yes,yes,yes,317935.16,81.8,10.63,71.17,,,,,,,,,,21.42,3.85,17.56,612,216,398,3020,1590,1424,10129,5398,4709,13590,5353,8102,27351,12557,14633
"UNECE, North and Central America, Montreal Process",CAN,Canada,2010,77,23,0,0,347322.21,40865.66,909351,333306.46,14015.75,0,0,14015.75,205276.23,,0,0,0,0,26.26,,3104.1,,134.2273114,54.98,,54.98,131.0293977,,44738.83,770.585935,0,770.585935,45509.42,,,,,,,,,,,,,,,,,,,,,,91.16,22.57,40.89,45.58,11.28,20.44,48.73,82.79,55,131636,15165,24397,14682,112627,936,,169475,96648,81481,71787,37987,28206,187844,,28446.72,,,,317420.18,,255172,0,55087,3764,3397.18,no,yes,yes,yes,yes,yes,yes,yes,yes,yes,317496.6,56.42,8.46,47.96,,,,,,,,,,20.72,4.56,16.16,774,340,436,4564,2768,1792,9770,5499,4269,15038,6389,8578,30146,14996,15075
"UNECE, North and Central America, Montreal Process",CAN,Canada,2015,77,23,0,0,347115.71,40865.66,909351,331086.98,16028.73,0,0,16028.73,205154.18,,0,0,0,0,25.26,,,,133.688676,54.98,,54.98,130.054154,,44262.58,881.2595754,0,881.2595754,45143.84,,,,,,,,,,,,,,,,,,,,,,90.49,22.39,40.27,45.25,11.19,20.13,48.5,82.94,55,130331,15079,28137,14683,110229,946,,169064,99229,84758,74852,37975,29507,188656,,28429.81,,,,317231.47,,254319,0,54732,5540,2640.47,no,yes,yes,yes,yes,yes,yes,yes,yes,yes,317307.84,53.05,9.55,43.5,,,,,,,,,,20.51,5.13,15.39,916,432,486,5320,3228,2094,12084,7097,4985,18478,8201,10265,36798,18958,17830
"UNECE, North and Central America, Montreal Process",CAN,Canada,2020,77,23,0,0,346928.1,40865.66,909351,328764.71,18163.39,0,0,18163.39,205130.73,,0,0,0,0,,,,,134.1657686,54.98,,54.98,130.0199955,,44108.97,998.6231822,0,998.6231822,45107.59,,,,,,,,,,,,,,,,,,,,,,90.43,22.37,40.09,45.22,11.19,20.04,48.47,82.96,55,130611,15115,29306,14700,108566,945,47685.1,168751,100334,85874,75968,37955,29507,211110,,,,,,,,,,,,,no,yes,yes,yes,yes,yes,yes,yes,yes,yes,317271.57,,,,,,,,,,,,,,,,,,,,,,,,,,,,,,
Africa,CPV,Cabo Verde,1990,0,0,100,0,15.38,32.82,403,13.68,1.7,1.7,1.7,0,0,0,0,0,0,,,,,,144,144,144,,144,,1.96992,0.2448,0.2448,0,2.21472,,,,,,,,,,,,,,,,,,,,,,95,26.6,,44.7,12.5,,,50,30,,,,,,,15.38,,,,,,0,,,0,0,0,0,15.38,0,15.38,0,0,0,0,no,yes,no,yes,no,yes,yes,no,no,yes,,,,,,,,,,,,,,,,,,,,,,,,,,,,,,,
Africa,CPV,Cabo Verde,2000,0,0,100,0,39.72,32.82,403,13.68,26.04,26.04,26.04,0,0,0,0,0,0,,,,,,144,144,144,,144,,1.96992,3.74976,3.74976,0,5.71968,,,,,,,,,,,,,,,,,,,,,,95,26.6,,44.7,12.5,,,50,30,,,,,,,39.72,,,,,,3.45,,,0,0,0,0,39.72,0,39.72,0,0,0,0,no,yes,no,yes,no,yes,yes,no,no,yes,,,,,,,,,,,,,,,,,,,,,,,,,,,,,,,
Africa,CPV,Cabo Verde,2010,0,0,100,0,42.72,32.82,403,13.68,29.04,29.04,29.04,0,0,0,0,0,0,,,,,,144,144,144,,144,,1.96992,4.18176,4.18176,0,6.15168,,,,,,,,,,,,,,,,,,,,,,95,26.6,,44.7,12.5,,,50,30,,,,,,,42.72,,,,,,3.45,,,0,0,0,0,42.72,0,42.72,0,0,0,0,no,yes,no,yes,no,yes,yes,no,no,yes,,,,,,,,,,,,,,,,,,,,,,,,,,,,,,,
Africa,CPV,Cabo Verde,2015,0,0,100,0,44.22,32.82,403,13.68,30.54,30.54,30.54,0,0,0,0,0,0,0.21,,13.46,,,144,144,144,,144,,1.96992,4.39776,4.39776,0,6.36768,,,,,,,,,,,,,,0.76,0.03,0.04,0.01,0.05,5.48,6.37,6.37,95,26.6,,44.7,12.5,,,50,30,0,43.97,0,0,0,0.25,0,44.97,44.68,0,0,0.25,3.45,,,0,0,0,0,44.22,0,41.47,0,0,0,2.75,no,yes,no,yes,no,yes,yes,no,no,yes,43.61,,,,0.09,0.04,0.05,,,,,,,,,,,,,,,,,,,,,,,,
Africa,CPV,Cabo Verde,2020,0,0,100,0,45.72,32.82,403,13.68,32.04,32.04,32.04,0,0,0,0,0,0,0.21,,13.46,,,144,144,144,,144,,1.96992,4.61376,4.61376,0,6.58368,,,,,,,,,,,,,,0.76,0.03,0.04,0.01,0.05,5.48,6.37,6.37,95,26.6,,44.7,12.5,,,50,30,,44.68,0,0,0,0.25,0.79,44.97,44.68,0,0,0.25,3.45,,,,,,,,,,,,,,no,yes,no,yes,no,yes,yes,no,no,yes,43.61,,,,,,,,,,,,,,,,,,,,,,,,,,,,,,
"EU-27, International Tropical Timber Organization, FOREST EUROPE, Europe, UNECE",CZE,Czechia,1990,0,100,0,0,2629.42,0,7721,31.07,2598.35,0,0,2598.35,9.99,40.55,0,0,0,,,,,,,,,,237.4782271,,,,,,624.43,,403.26,101.15,34.34,18.74,27.94,,5.91,10.74,3.39,3.77,13.07,622.31,1.55,0.38,0.18,,,0.01,2.12,624.43,129.01,31.65,15.74,60.64,14.87,7.4,3.87,64,,1548.74,81.84,132.91,85.2,,734.09,,,,,,,,2629.42,,110.44,,,0,2518.98,,2518.98,0,0,0,0,yes,yes,yes,yes,yes,yes,yes,yes,no,yes,2629.42,55.73,,,,,,,,,,,,,,,,,,,,,,,,,,,,,
"EU-27, International Tropical Timber Organization, FOREST EUROPE, Europe, UNECE",CZE,Czechia,2000,0,100,0,0,2637.29,0,7721,47.24,2590.05,0,0,2590.05,9.99,30.96,0,0,0,,49,,,,,,,,264.9234631,,,,,,698.68,,439.4,104.28,42.94,25.25,32.12,,9.52,8.48,5.5,5.22,18.61,691.32,2.03,0.87,0.61,0.81,0.84,2.2,7.36,698.68,145.14,36.1,15.74,68.21,16.97,7.4,4.31,64,,2015.66,166.83,145.15,255.19,,,,,,,,,121.27,2637.29,121.27,606.58,,,0,2030.71,,2030.71,0,0,0,0,yes,yes,yes,yes,yes,yes,yes,yes,no,yes,2637.29,30.32,6.23,24.09,,,,,,,,,,,,,,,,,,,,,,,,,,,
"EU-27, International Tropical Timber Organization, FOREST EUROPE, Europe, UNECE",CZE,Czechia,2010,0,100,0,0,2657.38,0,7721,87.73,2569.64,0,0,2569.64,9.99,28.12,0,0,0,,46.56,,,,,,,,283.9676674,,,,,,754.61,,462.18,110.48,49.7,32.19,27.72,9.48,9.95,8.81,6.69,6.58,22.18,745.96,2.1,1.41,1.06,0.87,0.89,2.32,8.65,754.61,156.19,39.1,15.74,73.41,18.38,7.4,4.62,64,,1980.3,245.42,231.84,137.38,,,,,,,,,129.77,2657.38,129.77,620.66,517.72,102.94,0,2036.72,,2036.72,0,0,0,0,yes,yes,yes,yes,yes,yes,yes,yes,no,yes,2647.42,14.71,2.16,12.56,,,,,,,,,,,,,,,,,,,,,,,,,,,
"EU-27, International Tropical Timber Organization, FOREST EUROPE, Europe, UNECE",CZE,Czechia,2015,0,100,0,0,2668.39,0,7721,114.96,2553.44,0,0,2553.44,9.99,31.4,0,0,0,,45.61,,,,,,,,287.8702139,,,,,,768.15,,461.68,113.07,52.54,34.67,23.87,15.08,10.26,9.02,7.15,7.15,24.41,758.9,2.06,1.7,1.25,0.88,0.88,2.48,9.25,768.15,158.7,39.87,15.74,74.59,18.74,7.4,4.68,64,,1968.63,252.3,242.76,140.94,,,,,,,,,146.68,2668.39,146.68,649.68,514.43,135.25,0,2018.71,,2018.71,0,0,0,0,yes,yes,yes,yes,yes,yes,yes,yes,no,yes,2668.39,12.94,1.87,11.08,,,,,,,,,,,,,,,,,,,,,,,,,,,
"EU-27, International Tropical Timber Organization, FOREST EUROPE, Europe, UNECE",CZE,Czechia,2020,0,100,0,0,2677.09,0,7721,137.66,2539.43,0,0,2539.43,9.99,31.09,0,0,0,,45.25,,,,,,,,295.3505485,,,,,,790.68,,469.47,115.74,55.55,37.45,20.87,20.93,10.42,9.23,7.7,7.77,25.7,780.83,2.04,1.57,1.16,0.87,0.88,3.33,9.85,790.68,163.23,41.12,15.74,76.72,19.33,7.4,4.81,64,,1975.05,253.12,243.55,141.4,,,63.97,,,,,,146.29,2677.09,146.29,,,,,,,,,,,,yes,yes,yes,yes,yes,yes,yes,yes,no,yes,2677.09,,,,,,,,,,,,,,,,,,,,,,,,,,,,,,
North and Central America,CUW,Curaçao,1990,0,0,100,0,0.07,21.69,44.4,0.07,0,0,0,0,,,,0.07,,,,,,,,0,0,0,,,,0,0,0,,,,,,,,,,,,,,,,,,,,,,,79,23,,35.6,10.3,,,,,,,,,,,0.07,,,,,,,,,,,,,,0.07,,,,,,,,,,,,,,,,,,,,,,,,,,,,,,,,,,,,,,,,,,,,,,
North and Central America,CUW,Curaçao,2000,0,0,100,0,0.07,21.69,44.4,0.07,0,0,0,0,,,,0.07,,,,,,,,0,0,0,,,,0,0,0,,,,,,,,,,,,,,,,,,,,,,,79,23,,35.6,10.3,,,,,,,,,,,0.07,,,,,,,,,,,,,,0.07,,,,,,,,,,,,,,,,,,,,,,,,,,,,,,,,,,,,,,,,,,,,,,
North and Central America,CUW,Curaçao,2010,0,0,100,0,0.07,21.69,44.4,0.07,0,0,0,0,,,,0.07,,,,,,,,0,0,0,,,,0,0,0,,,,,,,,,,,,,,,,,,,,,,,79,23,,35.6,10.3,,,,,,,,,,,0.07,,,,,,,,,,,,,,0.07,,,,,,,,,,,,,,,,,,,,,,,,,,,,,,,,,,,,,,,,,,,,,,
North and Central America,CUW,Curaçao,2015,0,0,100,0,0.07,21.69,44.4,0.07,0,0,0,0,,,,0.07,,,,,,,,0,0,0,,,,0,0,0,,,,,,,,,,,,,,,,,,,,,,,79,23,,35.6,10.3,,,,,,,,,,,0.07,,,,,,,,,,,,,,0.07,,,,,,,,,,,,,,,,,,,,,,,,,,,,,,,,,,,,,,,,,,,,,,
North and Central America,CUW,Curaçao,2020,0,0,100,0,0.07,21.69,44.4,0.07,0,0,0,0,,,,0.07,,,,,,,,0,0,0,,,,0,0,0,,,,,,,,,,,,,,,,,,,,,,,79,23,,35.6,10.3,,,,,,,,,,,0.07,,,,,,,,,,,,,,,,,,,,,,,,,,,,,,,,,,,,,,,,,,,,,,,,,,,,,,,,,,,,
South America,BOL,Bolivia (Plurinational State of),1990,0,0,100,0,57804.72,5.35,108330,57784.72,20,20,,0,,,,0,,,,,,,77.21,77.21,77.21,77.21,77.21,,4461.558231,1.5442,1.5442,0,4463.102431,,612.81,294.3,278.46,212.01,136.55,122.97,121.81,118.34,104.13,92.98,2368.75,4463.11,,,,,,,,4463.11,131.26,32.55,,61.69,15.3,,,,,,,,,,,57804.72,,,,,,,,,20,,,,57784.72,0,,,,,57784.72,no,yes,no,yes,yes,yes,yes,yes,no,yes,,2,,,,,,,,,,,,,,,,,,,,,,,,,,,,,
South America,BOL,Bolivia (Plurinational State of),2000,0,0,100,0,55101.39,5.35,108330,55066.33,35.06,27.06,,8,,,,0,,,,,,,77.21,77.21,77.21,77.21,77.21,,4251.671339,2.7069826,2.0893026,0.61768,4254.378322,,583.98,280.45,265.36,202.04,130.12,117.18,116.08,112.78,99.23,88.6,2258.56,4254.38,,,,,,,,4254.38,131.26,32.55,,61.69,15.3,,,,,28190.63,,10680.19,,,,,,,,,,,3897.4,,35.06,,,,55066.33,,51056.92,140.04,3349.52,519.85,0,no,yes,no,yes,yes,yes,yes,yes,no,yes,41236,2,,,,,,,,,,,,,,,,,,,,,,,,,,,,,
South America,BOL,Bolivia (Plurinational State of),2010,0,0,100,0,53086.01,5.29,108330,53035.88,50.13,34.12,,16.01,,,,0,,,,,,,77.21,77.21,77.21,77.21,77.21,,4094.900295,3.8705373,2.6344052,1.2361321,4098.770832,,562.45,270.11,255.58,194.59,125.32,112.86,111.8,108.62,95.57,85.33,2176.54,4098.77,,,,,,,,4098.77,131.26,32.55,,61.69,15.3,,,,,28190.63,,10680.19,,,,,,,,,,,8762.12,,50.13,,,,53035.88,,44048.35,1470.99,4196.3,3320.24,0,no,yes,no,yes,yes,yes,yes,yes,no,yes,40240,3,,,,,,,,,,,,,,,,,,,,,1091,336,755,,,,,,
South America,BOL,Bolivia (Plurinational State of),2015,0,0,100,0,52027.22,5.25,108330,51970.27,56.95,36.94,,20.01,,,,0,,,,4.05,2.01,,77.21,77.21,77.21,77.21,77.21,,4012.624547,4.3971095,2.8521374,1.5449721,4017.021656,,551.14,264.68,250.44,190.68,122.81,110.59,109.55,106.44,93.65,83.62,2133.41,4017.01,,,,,,,,4017.01,131.26,32.55,,61.69,15.3,,,,,28190.63,,10680.19,,,,,,,,,,,11519.41,,56.95,,,,51970.27,,40225.46,1679.11,4338.6,5727.1,0,no,yes,no,yes,yes,yes,yes,yes,no,yes,34300,3,,,,,,,,,,,,,,,,,,,,,1346,456,890,,,,,,
South America,BOL,Bolivia (Plurinational State of),2020,0,0,100,0,50833.76,5.25,108330,50771.16,62.6,38.79,,23.81,,,,0,,,,5.42,2.79,,77.21,77.21,77.21,77.21,77.21,,3920.041264,4.833346,2.9949759,1.8383701,3924.87461,,538.43,258.58,244.67,186.28,119.97,108.04,107.03,103.98,91.49,81.69,2084.72,3924.88,,,,,,,,3924.88,131.26,32.55,,61.69,15.3,,,,,28190.63,,10680.19,,,,11962.94,,,,,,12431.69,12039,,,,,,,,,,,,,no,yes,no,yes,yes,yes,yes,yes,no,yes,34300,,,,,,,,,,,,,,,,,,,,,,,,,,,,,,
"South America, International Tropical Timber Organization",COL,Colombia,1990,0,0,100,0,64958.14,11671.9,110950,64861.14,97,97,,0,,,,42.6,6.79,104,106.01,14,,,251.34,171.12,171.12,0,251.2202474,,16302.19893,16.59864,16.59864,0,16318.8,,,,,,,,,,,,,,,,,,,,,,184.13,41.63,,92.06,20.81,,,91.99,30,,,9092.8,,,,55865.34,,9092.8,9092.8,,,9092.8,9092.8,9092.8,21395,,,,41485,2078.14,41485,0,0,0,0,yes,yes,no,yes,yes,no,no,yes,no,yes,8692.08,35,,,,,,,,,,,,,,,,,,,,,,,,,,,,,
"South America, International Tropical Timber Organization",COL,Colombia,2000,0,0,100,0,62735.5,10583.3,110950,62569.8,165.7,165.7,,0,,,,30.4,6.79,159,127.23,18,,,251.34,171.12,171.12,0,251.1279897,,15726.29353,28.354584,28.354584,0,15754.64,,,,,,,,,,,,,,,,,,,,,,184.13,41.63,,92.06,20.81,,,91.99,30,,,9123.18,,,,53612.32,,9123.18,9123.18,,,9123.18,9123.18,9123.18,19919,,,,40785,2031.5,40785,0,0,0,0,yes,yes,no,yes,yes,no,no,yes,no,yes,8466.83,29.5,,,,,,,,,,,,,,,,,,,,,94,35,59,98,53,45,192,88,104
"South America, International Tropical Timber Organization",COL,Colombia,2010,0,0,100,0,60807.79,9495.8,110950,60426.49,381.3,381.3,,0,,,,37,39.63,380,252.87,23,1.05,,251.34,171.12,171.12,0,250.8369405,,15187.594,65.248056,65.248056,0,15252.84,,,,,,,,,,,,,,,,,,,,,,184.13,41.63,,92.06,20.81,,,91.99,30,2028.02,1143.29,12019.87,,,2363.82,43252.79,2028.02,13417.18,13417.18,,2363.82,12019.87,17555,12019.87,18760,,,,40137,1910.79,40137,0,0,0,0,yes,yes,no,yes,yes,no,no,yes,no,yes,8243.87,45.8,2.6,43.2,,,,,,,,,,,,,,,,8,3,5,262,125,137,19,9,9,289,137,151
"South America, International Tropical Timber Organization",COL,Colombia,2015,0,0,100,0,60134.66,8950.5,110950,59710.66,424,424,,0,,,,44.4,58.33,471,330.32,24,1.02,,251.34,171.12,171.12,0,250.7743454,,15007.67728,72.55488,72.55488,0,15080.23,,,,,,,,,,,,,,,,,,,,,,184.13,41.63,,92.06,20.81,,,91.99,30,5274.53,2666.69,12273.89,,,1539.31,38380.24,5274.53,14940.58,14940.58,,3903.13,12273.89,24118.23,12273.89,18294,,,,39667,2173.66,39667,0,0,0,0,yes,yes,no,yes,yes,no,no,yes,no,yes,8128.58,31.9,1.5,30.4,,,,,,,,,,,,,3,1,2,9,2,7,304,149,155,50,28,21,366,181,185
"South America, International Tropical Timber Organization",COL,Colombia,2020,0,0,100,0,59141.91,8732.8,110950,58714.51,427.4,427.4,,0,,,,51.7,,,,,,,251.34,171.12,171.12,0,250.7602477,,14757.30494,73.136688,73.136688,0,14830.44,,,,,,,,,,,,,,,,,,,,,,184.13,41.63,,92.06,20.81,,,91.99,30,6314.98,3874.73,12445.31,,,4144.66,32362.23,6314.98,18760.29,18760.29,,8286.94,12445.31,26428.59,12445.31,,,,,,,,,,,,yes,yes,no,yes,yes,no,no,yes,no,yes,8099.66,,,,,,,,,,,,,,,,,,,,,,,,,,,,,,
Africa,ERI,Eritrea,1990,0,0,100,0,1150.06,5954.86,10100,1140.06,10,0,0,10,0,,,6.4,0,,,,,,27,61,61,61,27.29422813,,30.78162,0.61,0,0.61,31.39,,,,,,,,,,,,,,,,,,,,,,71.65,19.85,,33.67,9.33,,,,,,,,,,,1150.06,,,,,,,,,,,,,,1150.06,,,,,,,yes,no,yes,no,yes,no,yes,no,no,,,,,,,,,,,,,,,,,,,,,,,,,,,,,,,
Africa,ERI,Eritrea,2000,0,0,100,0,1118.46,5954.86,10100,1097.46,21,6,4,15,0,,,6.4,0,,,,,,27,61,61,61,27.63621408,,29.63142,1.281,0.366,0.915,30.91,,,,,,,,,,,,,,,,,,,,,,71.92,19.93,,33.8,9.37,,,,,,,,,,,1118.46,,,,,,,,,,,,,,1118.46,,,,,,,yes,no,yes,no,yes,no,yes,no,no,,,,,,,,,,,,,,,,,,,,,,,,,,,,,,,
Africa,ERI,Eritrea,2010,0,0,100,0,1086.86,5954.86,10100,1058.36,28.5,8.5,6.5,20,0,,,6.4,0,,,,,,27,61,61,61,27.88767643,,28.57572,1.7385,0.5185,1.22,30.31,,,,,,,,,,,,,,,,,,,,,,72.12,19.99,,33.9,9.39,,,,,,,,,,,1086.86,,,,,,107,,,,,,,,1086.86,,,,,,,yes,no,yes,no,yes,no,yes,no,no,,,,,,,,,,,,,,,,,,,,,,,,,,,,,,,
Africa,ERI,Eritrea,2015,0,0,100,0,1071.06,5954.86,10100,1032.46,38.6,14.6,11,24,0,,,6.4,0,,,,,,27,61,61,61,28.22437585,,27.87642,2.3546,0.8906,1.464,30.23,,,,,,,,,,,,,,,,,,,,,,72.38,20.06,,34.02,9.43,,,,,,,,,,,1071.06,,,,,,107,,,,,,,,1071.06,,,,,,,yes,no,yes,no,yes,no,yes,no,no,,,,,,,,,,,,,,,,,,,,,,,,,,,,,,,
Africa,ERI,Eritrea,2020,0,0,100,0,1055.26,5954.86,10100,1011.86,43.4,16.4,14,27,0,,,6.4,0,,,,,,27,61,61,61,28.40058374,,27.32022,2.6474,1.0004,1.647,29.97,,,,,,,,,,,,,,,,,,,,,,72.52,20.1,,34.08,9.45,,,,,,,,,,,1055.26,,,,,,107,,,,,,,,,,,,,,,yes,no,yes,no,yes,no,yes,no,no,,,,,,,,,,,,,,,,,,,,,,,,,,,,,,,
"FOREST EUROPE, International Tropical Timber Organization, UNECE, EU-27, Europe",EST,Estonia,1990,0,100,0,0,2205.9,196.23,4347,2010.73,195.17,6.14,1.92,189.03,39.6,117.44,0,0,0,0,9.2,,,,180.879581,150.5354307,99.3485342,152.6741787,178.2945736,32.10518269,363.7,29.38,0.61,28.86,393.3,6.3,111.4,87.5,96.8,31.8,32.2,17.6,5.3,4.1,2.4,1,2.78,392.88,0.39,0.03,,,,,0.42,393.3,101.94,24.02,2.41,47.91,11.29,1.13,,155.97,55,1628.71,153.29,126.9,0,297,0,0,2079,153.29,576.9,,,127,1916,127,0,0,0,0,2205.9,0,2205.9,0,0,0,0,no,yes,no,yes,no,yes,no,yes,no,yes,907,10,2.08,7.92,,,,,,,,,,,,,,,,,,,34,12,22,71,9,62,105,21,84
"FOREST EUROPE, International Tropical Timber Organization, UNECE, EU-27, Europe",EST,Estonia,2000,0,100,0,0,2238.89,153.71,4347,2040.8,198.09,6.23,1.95,191.86,56.7,160.72,0,0,0,0,8.46,,,,197.7410819,126.7605634,105.9390048,127.4366726,191.4609472,44.49938195,403.55,25.11,0.66,24.45,428.66,6.84,129.44,110.87,93.74,34.56,32.6,17.78,3.48,1.58,1.44,0.43,2.32,428.24,0.39,0.03,,,,,0.42,428.66,109.47,25.79,2.43,50.98,12.01,1.14,,155.97,55,1741.85,256.04,137,0,104,0,0,2101.89,256.04,497,,,141,1230,,951.25,791.55,159.71,0,897.35,390.29,896.35,1,0,0,0,no,yes,no,yes,no,yes,no,yes,no,yes,907,9.17,1,8.17,,,,,,,,,,,,,1,,1,2,1,1,27,5,22,64,2,62,94,8,86
"FOREST EUROPE, International Tropical Timber Organization, UNECE, EU-27, Europe",EST,Estonia,2010,0,100,0,0,2336.02,108.04,4347,2129.34,206.68,6.5,2.03,200.18,59.16,148.32,0,0,0,0,4.58,,,,201.5366264,130.4431972,107.6923077,131.1819363,195.246616,40.63309885,429.14,26.96,0.7,26.26,456.1,4.39,144.62,117.17,98.87,34.5,30.19,18.92,3.9,2.49,2.22,0.87,1.85,455.6,0.39,0.11,,,,,0.5,456.1,111.64,26.3,3.65,52.47,12.36,1.71,,155.97,55,1702.97,136.38,260.21,0,236.46,0,0,2075.81,162.25,633.05,,,486.09,1650.9,157.6,1058.5,799.76,258.74,0,931.24,346.28,930.24,1,0,0,0,no,yes,no,yes,no,yes,no,yes,no,yes,907,5.6,0.58,5.02,,,,,,,,,,,,,3,1,2,22,4,18,50,4,46,38,2,36,113,11,102
"FOREST EUROPE, International Tropical Timber Organization, UNECE, EU-27, Europe",EST,Estonia,2015,0,100,0,0,2421.01,99.9,4347,2206.8,214.2,6.74,2.11,207.46,51.43,171.39,0,0,0,0,3.6,,,,209.674642,135.7142857,112.7596439,136.4600405,203.1309376,44.24424424,462.71,29.07,0.76,28.31,491.78,4.42,153.22,126.43,110.31,34.3,31.51,21.98,4.04,3.21,2.55,0.82,2.99,491.36,0.31,0.11,,,,,0.42,491.78,116.14,27.36,4.05,54.59,12.86,1.91,,155.97,55,1777.09,113.88,310.52,0,219.52,0,0,2110.49,136.99,643.92,,,498.34,1544.16,,1133.33,732.62,400.71,0,1176.85,110.83,1175.85,1,0,0,0,no,yes,no,yes,no,yes,no,yes,no,yes,907,7.09,1.01,6.08,,,,,,,,,,,,,3,1,2,19,3,16,33,4,29,35,6,29,90,14,76
"FOREST EUROPE, International Tropical Timber Organization, UNECE, EU-27, Europe",EST,Estonia,2020,0,100,0,0,2438.4,94.44,4347,2222.66,215.74,6.79,2.12,208.95,52.09,181.24,0,0,0,0,3.6,,,,209.1817912,135.3944563,111.9293078,136.1569754,202.6533793,42.14315968,464.94,29.21,0.76,28.45,494.15,3.98,150.95,127.26,112.07,32.93,32.91,22.37,4.07,3.27,2.89,0.91,4.15,493.78,0.24,0.13,,,,,0.37,494.15,115.87,27.3,3.98,54.46,12.83,1.87,,155.97,55,1776.35,110.88,332.36,0,218.81,0,0,2106.04,137.47,662.05,,,532.41,1690.02,284.64,,,,,,,,,,,,no,yes,no,yes,no,yes,no,yes,no,yes,907,,,,,,,,,,,,,,,,,,,,,,,,,,,,,,
Africa,EGY,Egypt,1990,0,0,18,82,43.81,0,99545,0,43.81,0,0,43.81,,,,0.39,,,,,,,0,120,0,120,120,,0,5.2572,0,5.2572,5.2572,0,,,,,,,,,,,,,,,,,,,,,120,34.2,,56.4,16.07,,,,,,,,,,,43.81,,,,,,,,,,,,,,43.81,,,,,,no,,,,,,,,,,,,,,,,,,,,,,,,,,,,,,,,,,,,,,,,
Africa,EGY,Egypt,2000,0,0,18,82,59.21,0,99545,0,59.21,0,0,59.21,,,,0.39,,,,,,,0,120,0,120,120,,0,7.1052,0,7.1052,7.1052,0,,,,,,,,,,,,,,,,,,,,,120,34.2,,56.4,16.07,,,,,,,,,,,59.21,,,,,,,,,,,,,,59.21,,,,,,no,,,,,,,,,,,,,,,,,,,,,,,,,,,,,,,,,,,,,,,,
Africa,EGY,Egypt,2010,0,0,18,82,65.64,0,99545,0,65.64,0,0,65.64,,,,0.39,,,,,,,0,120,0,120,120,,0,7.8768,0,7.8768,7.8768,0,,,,,,,,,,,,,,,,,,,,,120,34.2,,56.4,16.07,,,,,,,,,,,65.64,,,,,,,,,,,,,,65.64,,,,,,no,,,,,,,,,,,,,,,,,,,,,,,,,,,,,,,,,,,,,,,,
Africa,EGY,Egypt,2015,0,0,18,82,48.42,0,99545,0,48.42,0,0,48.42,,,,0.5,,,,,739.8,,0,120,0,120,120,,0,5.8104,0,5.8104,5.8104,0,,,,,,,,,,,,,,,,,,,,,120,34.2,,56.4,16.07,,,,,,,,,,,48.42,,,,,,,,,,,,,,48.42,,,,,,no,,,,,,,,,,,,,,,,,,,,,,,,,,,,,,,,,,,,,,,,
Africa,EGY,Egypt,2020,0,0,18,82,44.98,0,99545,0,44.98,0,0,44.98,,,,0.5,,,,,739.8,,0,120,0,120,120,,0,5.3976,0,5.3976,5.3976,0,,,,,,,,,,,,,,,,,,,,,120,34.2,,56.4,16.07,,,,,,,,,,,44.98,,,,,,,,,,,,,,,,,,,,no,,,,,,,,,,,,,,,,,,,,,,,,,,,,,,,,,,,,,,,,
"International Tropical Timber Organization, EU-27, UNECE, FOREST EUROPE, Europe",ESP,Spain,1990,0,32,0,68,13904.66,12079.4,49966.1,11959.48,1945.19,758.54,700.67,1186.65,,,0,0,0,,,,,,36.20475138,65.39206967,93.13945211,47.6551637,40.28721306,0.144874745,432.99,127.2,70.65,56.55,560.18,1.75,85.71,103.98,36.02,42.07,50.66,30.23,16.83,17.9,16.16,12.9,85.25,497.71,22.07,33.56,,1.09,0.37,5.37,62.46,560.17,,,,,,,,,,1269.19,2861.71,1200.42,0,8573.33,0,0.01,,3260.19,1341.76,,,1341.76,,,9545.32,9373.36,0,171.96,4359.34,0,4359.34,0,0,0,0,no,yes,yes,yes,yes,yes,yes,no,no,yes,13904.66,29.01,3.4,26.71,,,,,,,,,,,,,8,3,5,61,17,44,79,16,63,74,2,72,,,
"International Tropical Timber Organization, EU-27, UNECE, FOREST EUROPE, Europe",ESP,Spain,2000,0,32,0,68,17093.93,10431.42,49966.1,14702.58,2391.34,932.52,861.37,1458.82,,,0,0,0,,,,,,47.608651,86.18180602,123.04,62.62,53.00419506,0.170638322,699.97,206.09,114.7372608,91.3513084,906.05,1.78,137.64,134.85,73.48,67.13,66.7,54.48,38.54,28.05,24.53,21.37,121.77,768.54,62.11,52.4,9.4,4.55,1.67,7.4,137.53,906.07,,,,,,,,,,3495.44,3370.42,1975.24,0,8252.84,0,-0.01,,4328.99,2350.37,,,2350.37,,,11205.96,10906.64,0,299.33,4962.44,925.53,4962.44,0,0,0,0,no,yes,yes,yes,yes,yes,yes,no,no,yes,17093.93,34.94,2.19,32.75,,,,,,,,,,,,,11,4,7,341,138,203,565,205,360,869,168,701,,,
"International Tropical Timber Organization, EU-27, UNECE, FOREST EUROPE, Europe",ESP,Spain,2010,0,32,0,68,18545.34,9250.07,49966.1,15948.85,2596.49,1015,938.12,1581.49,,,0,0,0,9.85,3686.19,,,,50.3584898,89.42071797,128.73,64.19,55.82750168,0.210809215,803.16,232.18,130.66095,101.5158431,1035.34,1.95,157.26,155.72,84.68,77.02,75.33,62.64,43.65,32.45,28.35,24.59,139.11,880.8,71.32,56.67,10.71,5.26,1.68,8.91,154.55,1035.35,53.49,21.94,,26.15,10.68,,,,,3412.25,3395.77,3499.45,0,8237.87,0,0,4178.08,4608.7,3499.45,,,7360.79,,,12944.06,12608.18,0,335.88,5369.56,231.72,5369.56,0,0,0,0,no,yes,yes,yes,yes,yes,yes,no,no,yes,18545.34,30.77,3.31,27.46,,,,,,,,,,,,,19,7,12,404,157,247,667,248,419,1890,308,1582,,,
"International Tropical Timber Organization, EU-27, UNECE, FOREST EUROPE, Europe",ESP,Spain,2015,0,32,0,68,18551.18,9403.94,49966.1,15931.65,2619.53,1016.68,939.36,1602.85,,,0,0,0,9.51,3745.5,,,,50.9934627,94.306994,135.65,68.08497364,57.1095747,0.224374039,812.41,247.04,137.912642,109.13,1059.45,2.11,161.65,156.95,85.45,78.35,78.32,63.47,45.25,32.58,28.51,24.91,142.35,897.79,72.13,62.82,10.96,5.26,2.04,8.43,161.64,1059.43,54.4,22.24,2.22,26.6,10.83,1.09,3.06,,,3548.41,3270.72,4115.68,0,7616.37,0,0,4487.79,4642.51,4115.68,,,7400.43,,,13259.64,12831.17,0,428.47,5255.26,36.28,5255.26,0,0,0,0,no,yes,yes,yes,yes,yes,yes,no,no,yes,18551.18,25.7,2.3,23.4,,,,,,,,,,,,,45,27,18,318,120,198,576,207,369,2522,321,2201,,,
"International Tropical Timber Organization, EU-27, UNECE, FOREST EUROPE, Europe",ESP,Spain,2020,0,32,0,68,18572.17,9381.82,49966.1,15982.08,2590.1,1004.3,926.5,1585.8,,,0,0,0,9.57,3867.2,,,,53.66135071,96.99625497,138.3949019,70.78,59.70492409,,857.62,251.23,138.99,112.242924,1108.85,,162.14,157.21,85.91,78.57,78.8,63.75,45.42,32.71,28.61,24.97,187.65,945.74,72.99,63.2,11.08,5.32,2.1,8.44,163.13,1108.87,55.87,22.83,,27.32,11.12,,,,,3552.43,3274.42,4120.33,0,7624.99,0,0,4492.87,4647.77,4120.33,,,,,,,,,,,,,,,,,no,yes,yes,yes,yes,yes,yes,no,no,yes,18572.17,,,,,,,,,,,,,,,,,,,,,,,,,,,,,,
Africa,DZA,Algeria,1990,0,0,0,100,1667,2063,238174,1334,333,0,0,333,0,1,0,0,0,205,500,,,,44.15,46.3,0,46.3,44.57708458,3.7,58.8961,15.4179,0,15.4179,74.31,7.6331,42,2.2,0.85,0.9,5,2,,,,,21.36,74.31,,,,,,,,74.31,29.06,10.69,,13.66,5.02,,,38,30,596,895,173,2.8,,,0.2,,969,,,,119,,,392,,,,1275,0,1275,0,0,0,0,yes,yes,yes,yes,yes,yes,yes,yes,yes,yes,1492,48,8,40,12,2,10,10,0,10,16,6,10,10,0,10,,,,,,,,,,,,,,,
Africa,DZA,Algeria,2000,0,0,0,100,1579,2374,238174,1234,345,0,0,345,0,1,0,0,0,212,495,,,,44.15,46.3,0,46.3,44.61684611,3.7,54.4811,15.9735,0,15.9735,70.45,8.7838,46,2,1.1,0.86,5,2,,,,,13.49,70.45,,,,,,,,70.45,29.16,10.69,,13.7,5.03,,,38,30,562,842,173,2,0,0,0,,1017,,,,119,,,371,,,,1208,0,1208,0,0,0,0,yes,yes,yes,yes,yes,yes,yes,yes,yes,yes,1492,49,9,40,13,3,10,10,0,10,16,6,10,10,0,10,,,,,,,,,,,,,,,
Africa,DZA,Algeria,2010,0,0,0,100,1918,2457,238174,1420,498,0,0,498,0,2,0,0,0,247,489,,,,44.15,46.3,0,46.3,44.7080292,3.7,62.693,23.0574,0,23.0574,85.75,9.0909,53,1.57,1.51,0.81,6.1,1.9,,,,,20.86,85.75,,,,,,,,85.75,29.38,10.71,,13.81,5.03,,,38,30,527,790,173,2.8,,,425.2,,1392,,,,119,152,,361,,,,1557,0,1557,0,0,0,0,yes,yes,yes,yes,yes,yes,yes,yes,yes,yes,1492,59,11,48,18,3,15,10,0,10,21,8,13,10,0,10,,,,,,,,,,,,,,,
Africa,DZA,Algeria,2015,0,0,0,100,1956,2569,238174,1400,556,0,0,556,0,1,0,0,0,230,485,,,,44.15,46.3,0,46.3,44.7597137,3.7,61.81,25.7428,0,25.7428,87.55,9.5053,,,,,,,,,,,,,,,,,,,,,29.51,10.71,,13.87,5.04,,,38,30,526,780,470,1.5,,,178.5,,1430,,,,119,152,,361,,,,1557,38,1557,0,0,0,0,yes,yes,yes,yes,yes,yes,yes,yes,yes,yes,1918,62,10,52,18,3,15,10,0,10,22,7,15,12,0,12,,,,,,,,,,,,,,,
Africa,DZA,Algeria,2020,0,0,0,100,1949,2590,238174,1439,510,0,0,510,0,1,0,0,0,232,487,,,,44.15,46.3,0,46.3,44.71010775,3.7,63.53185,23.613,0,23.613,87.14,9.583,,,,,,,,,,,,,,,,,,,,,29.39,10.71,,13.81,5.03,,,38,30,526,785,465,1.6,,,171.4,,1430,,,,119,264,,,,,,,,,,,,,yes,yes,yes,yes,yes,yes,yes,yes,yes,yes,1918,,,,,,,,,,,,,,,,,,,,,,,,,,,,,,
North and Central America,DMA,Dominica,1990,0,0,100,0,50.31,0,75,49.5,0.81,0.81,0.81,0,28.42,,,,0,,,,,,,,,,,,,,,,,,,,,,,,,,,,,,,,,,,,,,,,,,,,,,,5.88,0,0,0,44.43,0,0,5.88,21.4,21.4,,0,21.4,21.4,21.4,25,24,0,1,25.31,0,20.74,0,0,1.5,3.07,yes,yes,yes,yes,yes,no,no,no,no,yes,50.31,,,,,,,,,,,,,,,,,,,,,,,,,,,,,,
North and Central America,DMA,Dominica,2000,0,0,100,0,47.87,0,75,47.06,0.81,0.81,0.81,0,27.57,,,,0,,,,,,,,,,,,,,,,,,,,,,,,,,,,,,,,,,,,,,,,,,,,,,,5.88,0,0,0,41.99,0,,5.88,21.4,21.4,,0,21.4,21.4,21.4,25,24,0,1,22.87,,20.74,0,0,1.5,0.63,yes,yes,yes,yes,yes,no,no,no,no,yes,47.87,,,,,,,,,,,,,,,,,,,,,,,,,,,,,,
North and Central America,DMA,Dominica,2010,0,0,100,0,47.87,0,75,47.06,0.81,0.81,0.81,0,26.72,,,,0,,,,,,,,,,,,,,,,,,,,,,,,,,,,,,,,,,,,,,,,,,,,,,,5.88,0,0,0,41.99,0,0,5.88,21.4,21.4,,0,21.4,21.4,21.4,25,24,0,1,22.87,0,20.74,0,0,1.5,0.63,yes,yes,yes,yes,yes,no,no,no,no,yes,47.87,,,,,,,,,,,,,,,,,,,,,,,,,,,,,,
North and Central America,DMA,Dominica,2015,0,0,100,0,47.87,0,75,47.06,0.81,0.81,0.81,0,26.3,,,,0,,,,,,,,,,,,,,,,,,,,,,,,,,,,,,,,,,,,,,,,,,,,,,,5.88,0,0,0,41.99,0,0,5.88,21.4,21.4,,0,21.4,21.4,21.4,25,24,0,1,22.87,0,20.74,0,0,1.5,0.63,yes,yes,yes,yes,yes,no,no,no,no,yes,47.87,,,,,,,,,,,,,,,,,,,,,,,,,,,,,,
North and Central America,DMA,Dominica,2020,0,0,100,0,47.87,0,75,47.06,0.81,0.81,0.81,0,26.3,,,,0,,,,,,,,,,,,,,,,,,,,,,,,,,,,,,,,,,,,,,,,,,,,,,,5.88,0,0,0,41.99,0,0,5.88,21.4,21.4,,0,21.4,21.4,21.4,,,,,,,,,,,,yes,yes,yes,yes,yes,no,no,no,no,yes,47.87,,,,,,,,,,,,,,,,,,,,,,,,,,,,,,
"EU-27, International Tropical Timber Organization, Asia, FOREST EUROPE, UNECE",CYP,Cyprus,1990,0,0,0,100,161.11,50.67,924,136.76542,24.34,0,,24.34458,0,0,0,0,0,0,,,,,,,,,45.93135125,,,,,,7.4,,,,,,,,,,,,,,,,,,,,,,27.58,7.72,,12.96,3.63,,,22.5,,43.22,,0.76,2.3,59.51,,,43.22,105.8,105.8,61.81,,3.06,105.8,3.06,55.31,,,,105.8,,105.8,0,0,0,0,no,yes,no,yes,no,yes,no,no,no,yes,105.8,0.56,,,0.08,,,0.09,,,0,,,0.18,,,0,0,0,0,0,0,0,0,0,9,0,9,9,0,9
"EU-27, International Tropical Timber Organization, Asia, FOREST EUROPE, UNECE",CYP,Cyprus,2000,0,0,0,100,171.61,213.86,924,144.0491,27.56,0,,27.5609,0,0,0,0,0,0,,,,,,,,,46.20942835,,,,,,7.93,,,,,,,,,,,,,,,,,,,,,,27.73,7.76,,13.03,3.65,,,22.5,,43.17,,3.39,10.58,48.66,,,43.17,105.8,105.8,59.24,,13.97,105.8,13.97,65.81,,,,105.8,,105.8,0,0,0,0,no,yes,no,yes,no,yes,no,no,no,yes,105.8,0.64,,,0.11,,,0.04,,,0,,,0.24,,,0,0,0,0,0,0,0,0,0,9,0,9,9,0,9
"EU-27, International Tropical Timber Organization, Asia, FOREST EUROPE, UNECE",CYP,Cyprus,2010,0,0,0,100,172.84,213.29,924,142.16593,30.69,0,,30.688314,0,0,0,0,0,0,,,,,,,,,57.39412173,,,,,,9.92,,8,,,,,,,,,,1.89,9.89,0.03,,,,,,0.03,9.92,34.44,9.64,,16.19,4.53,,,22.5,,41.4,,3.39,13.49,48.82,,,41.4,107.05,107.05,62.27,,16.84,107.05,16.84,53.92,,,,118.92,,118.92,0,0,0,0,no,yes,no,yes,no,yes,no,no,no,yes,107.05,0.94,,,0.17,,,0.03,,,0,,,0.37,,,0,0,0,0,0,0,0,0,0,5,0,5,5,0,5
"EU-27, International Tropical Timber Organization, Asia, FOREST EUROPE, UNECE",CYP,Cyprus,2015,0,0,0,100,172.71,213.43,924,141.556234,31.15,0,,31.153766,0,0,0,0,0,0,9.87,,,,68.45336109,45.90135266,,45.90135266,64.38538591,,9.69,1.43,,1.43,11.12,,9.13,,,,,,,,,,1.97,11.1,0.03,,,,,,0.03,11.13,38.64,10.82,,18.16,5.08,,,22.5,,41.12,,3.39,13.49,49.19,,,41.12,107.15,107.15,62.64,,16.84,107.15,16.84,53.74,,,,118.97,,118.97,0,0,0,0,no,yes,no,yes,no,yes,no,no,no,yes,107.15,0.85,,,0.15,,,0.03,,,0,,,0.33,,,0,0,0,0,0,0,0,0,0,5,0,5,5,0,5
"EU-27, International Tropical Timber Organization, Asia, FOREST EUROPE, UNECE",CYP,Cyprus,2020,0,0,0,100,172.53,213.57,924,139.78,32.75,0,0,32.75,0,0,0,0,0,0,9.66,,,,73.97338675,52.21374046,,52.21374046,69.84292587,,10.34,1.71,,1.71,12.05,,9.98,,,,,,,,,,2.04,12.02,0.03,,,,,,0.03,12.05,41.93,11.74,,19.71,5.52,,,22.5,,41.12,,3.39,13.96,55.79,,58.27,41.12,114.26,114.26,69.75,,17.35,114.13,17.35,,,,,,,,,,,,no,yes,no,yes,no,yes,no,no,no,yes,114.13,,,,,,,,,,,,,,,,,,,,,,,,,,,,,,
Europe,FRO,Faroe Islands,1990,100,0,0,0,0.08,0,140,0,0.08,0.08,0.08,0,0,,0,0,0,0,,,,,,,,,,,,,,,,,,,,,,,,,,,,,,,,,,,,,,,,,,,,,,0,0,0,0,0.08,0,0,,,,,,0,,,0,0,0,0,0.08,0,0.08,0,0,0,0,no,,,,,,,,,,,,,,,,,,,,,,,,,,,,,,,,,,,,,,,,
Europe,FRO,Faroe Islands,2000,100,0,0,0,0.08,0,140,0,0.08,0.08,0.08,0,0,,0,0,0,0,,,,,,,,,,,,,,,,,,,,,,,,,,,,,,,,,,,,,,,,,,,,,,0,0,0,0,0.08,0,0,,,,,,0,,,0,0,0,0,0.08,0,0.08,0,0,0,0,no,,,,,,,,,,,,,,,,,,,,,,,,,,,,,,,,,,,,,,,,
Europe,FRO,Faroe Islands,2010,100,0,0,0,0.08,0,140,0,0.08,0.08,0.08,0,0,,0,0,0,0,,,,,,,,,,,,,,,,,,,,,,,,,,,,,,,,,,,,,,,,,,,,,,0,0,0,0,0.08,0,0,,,,,,0,,,0,0,0,0,0.08,0,0.08,0,0,0,0,no,,,,,,,,,,,,,,,,,,,,,,,,,,,,,,,,,,,,,,,,
Europe,FRO,Faroe Islands,2015,100,0,0,0,0.08,0,140,0,0.08,0.08,0.08,0,0,,0,0,0,0,,,,,,,,,,,,,,,,,,,,,,,,,,,,,,,,,,,,,,,,,,,,,,0,0,0,0,0.08,0,0,,,,,,0,,,0,0,0,0,0.08,0,0.08,0,0,0,0,no,,,,,,,,,,,,,,,,,,,,,,,,,,,,,,,,,,,,,,,,
Europe,FRO,Faroe Islands,2020,100,0,0,0,0.08,0,140,0,0.08,0.08,0.08,0,0,,0,0,0,0,,,,,,,,,,,,,,,,,,,,,,,,,,,,,,,,,,,,,,,,,,,,,,0,0,0,0,0.08,0,0,,,,,,0,,,,,,,,,,,,,,no,,,,,,,,,,,,,,,,,,,,,,,,,,,,,,,,,,,,,,,,
Africa,ETH,Ethiopia,1990,0,0,100,0,19258.5,22394.3,111971.55,18918.89,339.61,271.69,217.35,67.92,,,,0,,,,,,,131.7,72.4,72.4,72.4,130.6545162,7.4,2491.617813,24.587764,19.670356,4.917408,2516.21,165.71782,,,,,,,,,,,,,,,,,,,,,124.15,30.1,33.04,58.35,14.15,15.53,,,,,,,,,,19258.5,,,,,,,,,,,,,,19258.5,,,,,,no,yes,yes,yes,yes,yes,yes,yes,yes,,,,,,,,,,,,,,,,,,,,,,,,,,,,,,,,
Africa,ETH,Ethiopia,2000,0,0,100,0,18528.5,22394.3,111971.55,18188.89,339.61,271.69,217.35,67.92,,,,0,,,,,,,131.7,72.4,72.4,72.4,130.6128397,7.4,2395.476813,24.587764,19.670356,4.917408,2420.06,165.71782,,,,,,,,,,,,,,,,,,,,,124.11,30.1,33.02,58.33,14.15,15.52,,,,,,,,,,18528.5,,,,,,,,,,,,,,18528.5,,,,,,no,yes,yes,yes,yes,yes,yes,yes,yes,,,,,,,,,,,,,,,,,,,,,,,,,,,,,,,,
Africa,ETH,Ethiopia,2010,0,0,100,0,17798.5,22394.3,111971.55,17057.79,740.71,592.57,454.61,148.14,,,,0,,,,,,,131.7,72.4,72.4,72.4,129.2322387,7.4,2246.510943,53.627404,42.902068,10.725336,2300.14,165.71782,,,,,,,,,,,,,,,,,,,,,122.86,29.84,32.26,57.74,14.02,15.16,,,,,,,,,,17798.5,,,,,,,,,,,,,,17798.5,,,,,,no,yes,yes,yes,yes,yes,yes,yes,yes,,6147.5,,,,,,,,,,,,,,,,,,,,,,,,,,,,,,
Africa,ETH,Ethiopia,2015,0,0,100,0,17433.5,22394.3,111971.55,16461.5,972,777.6,583.2,194.4,,,1474.46,0,,,,,,,131.7,72.4,72.4,72.4,128.39361,7.4,2167.97955,70.3728,56.29824,14.07456,2238.35,165.71782,427.53,270.84,248.46,152.21,134.3,120.87,82.82,71.63,53.72,51.48,564.06,2177.92,38.05,22.38,,,,,60.43,2238.35,122.1,29.68,31.8,57.39,13.95,14.95,,,,,12000,,,,,5433.5,,,,,,,,,,,,,6147.5,11286,,,,,6147.5,no,yes,yes,yes,yes,yes,yes,yes,yes,,,,,,,,,,,,,,,,,,,,,,,,,,,,,,,,
Africa,ETH,Ethiopia,2020,0,0,100,0,17068.5,22394.3,111971.55,15865.2,1203.3,962.65,711.8,240.65,,,1474.46,0,,,,,,,131.7,72.4,72.4,72.4,127.5197,7.4,2089.44684,87.11892,69.69586,17.42306,2176.57,165.71782,,,,,,,,,,,,,,,,,,,,,121.31,29.52,31.32,57.01,13.87,14.72,,,,,,,,,,17068.5,,,,,,,,,,,,,,,,,,,,no,yes,yes,yes,yes,yes,yes,yes,yes,,,,,,,,,,,,,,,,,,,,,,,,,,,,,,,,
"EU-27, International Tropical Timber Organization, FOREST EUROPE, UNECE, Europe",DEU,Germany,1990,0,100,0,0,11300,0,34886,5650,5650,0,0,5650,0,401,0,0,0,0,400,,1000,,249.1150442,249.1150442,0,249.1150442,249.1150442,0,1407.5,1407.5,0,1407.5,2815,0,,,,,,,,,,,,,,,,,,,,,132.41,21.28,3.03,66.21,10.91,1.51,19,55.24,30,,,,,,,11300,,,,,,,,,4606,,,,5987,707,5987,0,0,0,0,no,yes,yes,yes,yes,yes,yes,no,no,yes,11300,64.53,10.13,54.4,,,,,,,,,,,,,60,11,50,337,54,283,355,27,328,1084,9,1076,1837,100,1737
"EU-27, International Tropical Timber Organization, FOREST EUROPE, UNECE, Europe",DEU,Germany,2000,0,100,0,0,11354,0,34886,5677,5677,0,0,5677,0,401,0,0,0,0,400,,1000,,297.7805179,297.7805179,0,297.7805179,297.7805179,0,1690.5,1690.5,0,1690.5,3381,0,1224.45,695.51,583.36,141.22,150.54,80.17,69.07,58.71,65.23,,191.86,3260.12,49.86,22.36,10.62,7.68,,29.97,120.49,3380.61,158.17,24.73,4.55,79.09,12.37,2.28,18.88,59.34,30,,,,,,,11354,,,,,,2139,7528,,4945,,,,5993,416,5993,0,0,0,0,no,yes,yes,yes,yes,yes,yes,no,no,yes,11354,50.53,9.77,40.77,,,,,,,,,,,,,76,11,65,310,78,232,304,61,243,763,49,714,1452,199,1254
"EU-27, International Tropical Timber Organization, FOREST EUROPE, UNECE, Europe",DEU,Germany,2010,0,100,0,0,11409,0,34886,5704.5,5704.5,0,0,5704.5,0,377,0,0,0,0,400,,1000,,317.0304146,317.0304146,0,317.0304146,317.0304146,0,1808.5,1808.5,0,1808.5,3617,0,1182.64,748.19,627.28,173.11,169.67,88.19,73.77,73.74,69.29,68.39,183.2,3457.47,71.82,27.17,13.92,10.97,6.38,29.28,159.54,3617.01,169.02,26.5,5.57,84.51,13.25,2.78,18.75,63.44,30,,,,,,,11409,10690.93,,2950,,,3306,7580,,5477,,,,5932,0,5932,0,0,0,0,no,yes,yes,yes,yes,yes,yes,no,no,yes,11409,39.2,5.2,34.1,,,,,,,,,,,,,77,28,49,352,130,223,566,166,401,586,26,559,1581,349,1231
"EU-27, International Tropical Timber Organization, FOREST EUROPE, UNECE, Europe",DEU,Germany,2015,0,100,0,0,11419,0,34886,5709.5,5709.5,0,0,5709.5,0,377,0,0,0,0,400,,1000,,320.7811542,320.7811542,0,320.7811542,320.7811542,0,1831.5,1831.5,0,1831.5,3663,0,1197.67,757.7,635.26,175.31,171.83,89.31,74.71,74.68,70.17,69.26,185.53,3501.43,72.73,27.51,14.1,11.11,6.46,29.65,161.56,3662.99,177.01,27.68,5.1,88.5,13.84,2.55,18.69,65.49,30,,,,,,,11419,10690.93,,3000,,,3306,7580,,5486,,,,5933,0,5933,0,0,0,0,no,yes,yes,yes,yes,yes,yes,no,no,yes,1419,34.37,4.2,30.17,,,,,,,,,,,,,81,31,50,376,151,222,802,255,549,558,28,530,1817,465,1351
"EU-27, International Tropical Timber Organization, FOREST EUROPE, UNECE, Europe",DEU,Germany,2020,0,100,0,0,11419,0,34886,5709.5,5709.5,0,0,5709.5,0,377,0,0,0,0,400,,1000,,320.7811542,320.7811542,0,320.7811542,320.7811542,0,1831.5,1831.5,0,1831.5,3663,0,1197.67,757.7,635.26,175.31,171.83,89.31,74.71,74.68,70.17,69.26,185.53,3501.43,72.73,27.51,14.1,11.11,6.46,29.65,161.56,3662.99,185.14,28.88,4.63,92.57,14.44,2.31,18.63,67.54,30,,,,,,,11419,10690.93,,3000,,,3306,7580,,,,,,,,,,,,,no,yes,yes,yes,yes,yes,yes,no,no,yes,11419,,,,,,,,,,,,,,,,,,,,,,,,,,,,,,
"Montreal Process, South America",CHL,Chile,1990,0,99,0,1,15246.05,15046.23,74353,13599.75,1646.29,1646.29,1646.29,0,4626.79,,,0,0,,,,,,267.1791761,150.5567063,150.5567063,0,254.5859419,,3633.57,247.86,247.86,0,3881.43,,,,,,,,,,,,,,,,,,,,,,224.88,44.98,51.27,112.44,22.49,25.64,4.72,50,30,5432.25,2723.86,2879.77,0,4210.17,0,0,5432.25,3625.05,6188.75,0,0,,,,,,,,,15246.05,,,,,,yes,yes,no,yes,no,yes,no,yes,no,yes,13599.75,126.16,,,98.44,,,12.84,,,0.35,,,14.54,,,,,,,,,,,,,,,,,
"Montreal Process, South America",CHL,Chile,2000,0,99,0,1,15817.06,14704.78,74353,13538.92,2278.14,2278.14,2278.14,0,4531.32,,,0,0,,,,,,267.1793614,150.5526438,150.5526438,0,250.38155,,3617.32,342.98,342.98,0,3960.3,,1202.63,344.52,319.33,274.78,259.27,174.68,152.9,130.02,113.96,112.31,532.92,3617.32,225.87,89.68,,,,27.44,342.99,3960.31,221.86,44.37,50.58,110.93,22.19,25.29,4.66,50,30,5635.7,2825.88,2987.63,0,4367.85,0,0,5635.7,3760.82,6420.54,0,0,3571.4,0,0,,,,,,15817.06,,,,,,yes,yes,no,yes,no,yes,no,yes,no,yes,13538.92,126.82,,,98.55,,,12.84,,,0.35,,,15.09,,,7,3,4,6,0,6,441,145,296,72,15,57,526,163,363
"Montreal Process, South America",CHL,Chile,2010,0,99,0,1,16725.26,14659.47,74353,13894.87,2830.39,2830.39,2830.39,0,4801.51,,,0,0,,,,,,267.179182,150.5552238,150.5552238,0,247.4430891,,3712.42,426.13,426.13,0,4138.55,,1272.26,364.43,337.81,290.73,274.34,184.8,161.81,137.5,120.56,118.91,449.27,3712.42,280.62,111.43,,,,34.09,426.14,4138.56,219.75,43.95,50.1,109.87,21.97,25.05,4.61,50,30,5959.3,2988.14,3159.17,0,4618.65,0,0,5959.3,3976.76,6879.2,0,0,3690.2,0,0,,,,,,16725.26,,,,,,yes,yes,no,yes,no,yes,no,yes,no,yes,13894.87,120.87,,,91.74,,,12.84,,,0.35,,,15.95,,,21,7,14,25,8,17,466,145,321,13,5,8,525,165,360
"Montreal Process, South America",CHL,Chile,2015,0,99,0,1,17596.08,15423.41,74353,14550.31,3045.77,3045.77,3045.77,0,5198.56,,,0,0,,,,,,267.1791872,150.5530621,150.5515792,0,246.9919437,,3887.54,458.55,458.55,0,4346.09,,1198.89,343.42,318.34,274.01,258.5,174.13,152.46,129.58,113.63,111.98,812.6,3887.54,301.97,119.9,,,,36.88,458.75,4346.29,219.42,43.88,50.03,109.71,21.94,25.01,4.61,50,30,6269.58,3143.72,3323.66,0,4859.12,0,0,6269.58,4183.82,7142.69,0,0,3759.85,0,0,13588.76,,,,4007.32,0,4007.32,0,0,0,0,yes,yes,no,yes,no,yes,no,yes,no,yes,14550.31,116.24,,,79.42,,,12.84,,,0.35,,,23.64,,,20,6,14,31,17,14,323,134,189,2,0,2,376,157,219
"Montreal Process, South America",CHL,Chile,2020,0,99,0,1,18210.7,17313,74353,15026.03,3184.7,3184.7,3184.7,0,5347.67,,,0,0,,,,,,267.179022,150.5542123,150.5542123,0,246.7840336,,4014.64,479.47,479.47,0,4494.11,,1301.48,372.83,345.55,297.4,280.54,189.05,165.55,140.67,123.36,121.64,676.55,4014.62,315.75,125.37,,,,38.35,479.47,4494.09,219.27,43.85,49.99,109.64,21.93,25,4.6,50,30,6488.57,3253.52,3439.76,0,5028.85,0,0,6488.57,4329.96,7392.19,0,0,3803.51,15.11,2.54,,,,,,,,,,,,yes,yes,no,yes,no,yes,no,yes,no,yes,15026.03,,,,,,,,,,,,,,,,,,,,,,,,,,,,,,
South America,FLK,Falkland Islands (Malvinas),1990,0,100,0,0,0,0,1217,0,0,0,0,0,0,0,0,0,0,,,,,,0,0,0,0,0,0,0,0,0,0,0,0,,,,,,,,,,,,,,,,,,,,,0,0,0,0,0,0,0,0,,0,0,0,0,0,0,0,0,0,0,0,0,0,0,0,0,0,0,0,0,0,0,0,0,0,0,no,,,,,,,,,no,,,,,,,,,,,,,,,,,0,0,0,0,0,0,0,0,0,0,0,0,0,0,0
South America,FLK,Falkland Islands (Malvinas),2000,0,100,0,0,0,0,1217,0,0,0,0,0,0,0,0,0,0,,,,,,0,0,0,0,0,0,0,0,0,0,0,0,,,,,,,,,,,,,,,,,,,,,0,0,0,0,0,0,0,0,,0,0,0,0,0,0,0,0,0,0,0,0,0,0,0,0,0,0,0,0,0,0,0,0,0,0,no,,,,,,,,,no,,,,,,,,,,,,,,,,,0,0,0,0,0,0,0,0,0,0,0,0,0,0,0
South America,FLK,Falkland Islands (Malvinas),2010,0,100,0,0,0,0,1217,0,0,0,0,0,0,0,0,0,0,,,,,,0,0,0,0,0,0,0,0,0,0,0,0,,,,,,,,,,,,,,,,,,,,,0,0,0,0,0,0,0,0,,0,0,0,0,0,0,0,0,0,0,0,0,0,0,0,0,0,0,0,0,0,0,0,0,0,0,no,,,,,,,,,no,,,,,,,,,,,,,,,,,0,0,0,0,0,0,0,0,0,0,0,0,0,0,0
South America,FLK,Falkland Islands (Malvinas),2015,0,100,0,0,0,0,1217,0,0,0,0,0,0,0,0,0,0,,,,,,0,0,0,0,0,0,0,0,0,0,0,0,,,,,,,,,,,,,,,,,,,,,0,0,0,0,0,0,0,0,,0,0,0,0,0,0,0,0,0,0,0,0,0,0,0,0,0,0,0,0,0,0,0,0,0,0,no,,,,,,,,,no,,,,,,,,,,,,,,,,,0,0,0,0,0,0,0,0,0,0,0,0,0,0,0
South America,FLK,Falkland Islands (Malvinas),2020,0,100,0,0,0,0,1217,0,0,0,0,0,0,0,0,0,0,,,,,,0,0,0,0,0,0,0,0,0,0,0,0,,,,,,,,,,,,,,,,,,,,,0,0,0,0,0,0,0,0,,0,0,0,0,0,0,0,0,0,0,0,0,0,0,0,,,,,,,,,,,,no,,,,,,,,,no,,,,,,,,,,,,,,,,,,,,,,,,,,,,,,,
"South America, International Tropical Timber Organization",ECU,Ecuador,1990,0,0,100,0,14632.21,732.02,24836,14587.77,44.43,44.43,,0,,,,163,,,,,,,193.19,304.99,304.99,,193.52,,2818.211286,13.5507057,13.5507057,0,2831.625279,,,,,,,,,,,,,,,,,,,,,,177.02,44.01,32.25,88.51,22,16.12,2.77,,,44.44,0,2523.93,0,1943.62,0,,1181.44,3329.57,3329.57,,,2523.93,3329.57,2523.93,47.71,23.82,9.51,3.65,4419.84,,4419.84,0,0,0,0,no,yes,yes,yes,yes,no,no,yes,no,yes,2523.93,,,,,,,,,,,,,,,,,,,,,,,,,,,,,,
"South America, International Tropical Timber Organization",ECU,Ecuador,2000,0,0,100,0,13730.5,634.57,24836,13660.35,70.15,70.15,,0,,372.01,,150,,,,,,,193.19,304.99,304.99,,193.76,,2639.043017,21.3950485,21.3950485,0,2660.42168,,,,,,,,,,,,,,,,,,,,,,177.02,44.01,32.25,88.51,22,16.12,2.77,,,70.15,0,3101.99,0,2057.73,0,,1032.15,4197.34,4197.34,,,3101.99,4197.34,3101.99,140.09,26.66,97.08,2.54,5017.08,,5017.08,0,0,0,0,no,yes,yes,yes,yes,no,no,yes,no,yes,3101.99,,,,,,,,,,,,,,,,0,0,0,4,0,4,647,143,504,71,20,51,,,
"South America, International Tropical Timber Organization",ECU,Ecuador,2010,0,0,100,0,13028.19,661.87,24836,12943.37,84.82,84.82,,0,,232.12,,154.81,,,,,,,193.1892544,304.99,304.99,,193.92,,2500.52,25.8692518,25.8692518,0,2526.426605,,,,,,,,,,,,,,,,,,,,,,177.02,44.01,32.25,88.51,22,16.12,2.77,,,84.82,0,4294.71,0,2041.98,0,6606.68,920.2,5523.24,5523.24,,,3186.49,5523.24,3186.49,146.9,29.09,90.39,6.3,4815.96,8065.33,4815.96,0,0,0,0,no,yes,yes,yes,yes,no,no,yes,no,yes,4294.71,,,,,,,,,,,,,,,,1,1,0,10,0,10,527,144,383,24,4,20,,,
"South America, International Tropical Timber Organization",ECU,Ecuador,2015,0,0,100,0,12819.18,786,24836,12692.28,126.89,126.89,,0,,134.08,16.14,154.47,6.22,334.75,,,,,193.19,304.9885728,304.99,,194.3,,2452.021573,38.7,38.7001811,0,2490.766674,,,,,,,,,,,,,,,,,,,,,,177.02,44.01,32.25,88.51,22,16.12,2.77,,,126.89,0,4368.93,0,1981.58,0,6341.78,784.38,5678.11,5678.11,,,3268.63,5678.11,3268.63,149.51,31.68,87.79,9.3,4841.24,7828.43,4841.24,0,0,0,0,no,yes,yes,yes,yes,no,no,yes,no,yes,4368.93,,,,,,,,,,,,,,,,42,16,26,91,33,58,608,190,418,37,10,27,,,
"South America, International Tropical Timber Organization",ECU,Ecuador,2020,0,0,100,0,12497.83,668.28,24836,12386.79,111.01,111.01,,0,,,,154.31,,,,,,,193.19,304.99,304.99,,194.18,,2393.00396,33.8569399,33.8569399,0,2426.828629,,,,,,,,,,,,,,,,,,,,,,177.02,44.01,32.25,88.51,22,16.12,2.77,,,111.01,0,4366.94,0,2039.43,0,5980.45,75601,5737.55,5737.55,,,3258.67,5737.55,3258.67,,,,,,,,,,,,no,yes,yes,yes,yes,no,no,yes,no,yes,4366.94,,,,,,,,,,,,,,,,,,,,,,,,,,,,,,
"International Tropical Timber Organization, UNECE, EU-27, Europe, FOREST EUROPE",DNK,Denmark,1990,0,100,0,0,531.44,136,4199,,,,,,,6,0,0,0,0,7,0,,0,,,,,123.9274424,27.20588235,,,,,65.86,3.7,20.64,4.3,0.95,,1.19,,,,,,1.43,28.51,22.55,5.85,,,3.7,5.25,37.35,65.86,100.74,21.49,1.44,47.35,10.1,0.68,11.43,171.83,100,417.32,0,0.37,0,113.75,0,,531.07,0,0.37,114.01,0,0.37,254,,391.67,333.13,58.55,0,139.77,,139.77,0,0,0,0,no,yes,no,yes,no,yes,no,yes,no,yes,420.91,3.58,0.59,2.99,,,,,,,,,,,,,,,,18,3,14,27,3,24,61,4,57,105,10,95
"International Tropical Timber Organization, UNECE, EU-27, Europe, FOREST EUROPE",DNK,Denmark,2000,0,100,0,0,571.6,136,4199,,,,,,,5,0,0,0,0,8,0,,0,,,,,160.1644507,27.20588235,,,,,91.55,3.7,21.47,5.68,1.42,,1.52,,,,,,4.09,34.18,29.57,7.73,,,5.18,14.88,57.36,91.54,100.47,21.53,1.53,47.22,10.12,0.72,10.97,173.29,100,453.53,0,18.41,0,99.66,0,,553.19,219.96,18.41,114.01,0,18.41,254,,433.6,368.79,64.81,0,138,,138,0,0,0,0,no,yes,no,yes,no,yes,no,yes,no,yes,420.91,4.07,0.66,3.41,,,,,,,,,,,,,,,,23,6,17,80,14,66,118,12,106,221,32,189
"International Tropical Timber Organization, UNECE, EU-27, Europe, FOREST EUROPE",DNK,Denmark,2010,0,100,0,0,586.49,46.9,4199,139.525971,446.96,272.952446,272.952446,174.011583,27.93,10.89,0,0,0,0,3.78,0,,0,154.0215047,213.5294874,178.3460845,268.7752114,199.3725383,23.02771855,21.49,95.44,48.68,46.77,116.93,1.08,29.02,11.66,4.97,4.39,5.43,3.19,1.03,0.89,0.79,0.36,2.88,64.61,21.49,7.63,4.42,3.86,3.75,11.17,52.32,116.93,106.86,23.61,1.77,50.22,11.1,0.89,11.46,174.47,100,470.41,0,21.35,0,94.73,0,,565.13,227.57,21.35,109.1,0,41.69,311,,432.79,368.03,64.76,0,139.32,,139.32,0,0,0,0,no,yes,no,yes,no,yes,no,yes,no,yes,427.49,5.06,0.71,4.35,,,,,,,,,,,,,,,,23,8,15,79,43,37,58,3,55,161,54,107
"International Tropical Timber Organization, UNECE, EU-27, Europe, FOREST EUROPE",DNK,Denmark,2015,0,100,0,0,624.68,44.08,4199,164.728116,459.95,272.797756,272.797756,187.154128,22.09,16.25,0,0,0,0,2.88,0,,0,151.2188727,231.0024237,193.4033504,285.8606464,209.9635013,10.20871143,24.91,106.25,52.76,53.5,131.16,0.45,34.78,12.43,6.91,5.87,4.62,2.84,1.39,0.92,0.91,0.67,3.32,74.66,23.76,8.06,5.15,4.29,3.49,11.75,56.5,131.16,112.15,24.77,1.99,52.71,11.64,0.99,11.27,174.82,100,502.17,0,21.37,0,101.14,0,,603.31,242.19,21.37,110.78,0,41.85,311,,462.27,362.08,100.18,0,149.58,,149.58,0,0,0,0,no,yes,no,yes,no,yes,no,yes,no,yes,446.3,5.04,0.71,4.33,,,,,,,,,,,,,,,,23,12,11,86,36,50,104,9,95,213,57,156
"International Tropical Timber Organization, UNECE, EU-27, Europe, FOREST EUROPE",DNK,Denmark,2020,0,100,0,0,628.44,36.95,4199,216.44,412.04,237.82,237.82,174.22,21.14,17.74,0,0,0,0,2.67,0,,0,109.5915727,264.4888846,219.4937348,325.9097693,211.1418751,10.28416779,23.72,108.98,52.2,56.78,132.69,0.38,34.64,13.64,6.79,6.37,4.06,3.04,1.34,1.16,0.99,0.79,3.59,76.41,23.09,8.31,6,4.37,3.5,11.01,56.28,132.69,113.1,24.94,1.6,52.91,11.67,0.8,11,174.85,100,504.25,0,31.91,0,92.28,0,0,596.53,247.22,31.91,109.33,0,52.39,311,,,,,,,,,,,,,no,yes,no,yes,no,yes,no,yes,no,yes,436.4,,,,,,,,,,,,,,,,,,,,,,,,,,,,,,
Oceania,FSM,Micronesia (Federated States of),1990,0,0,100,0,63.58,0,70,43.33,20.25,20.25,,0,39.58,,,9.94,,,,,,,,,,,272.2554262,,,,,,17.31,,,,,,,,,,,,,,,,,,,,,,500.47,135.11,2.52,250.24,67.63,1.26,,,,0,0,0,0,63.58,0,0,,,,,,,,,,,,,,63.58,,,,,,no,,,,,,,,,,,,,,,,,,,,,,,,,,,,,,,,,,,,,,,,
Oceania,FSM,Micronesia (Federated States of),2000,0,0,100,0,63.86,0,70,46.63,17.23,17.23,,0,43.97,,,10.01,,,,,,,,,,,272.1578453,,,,,,17.38,,,,,,,,,,,,,,,,,,,,,,500.31,135.14,2.51,250.23,67.49,1.25,,,,0,0,0,0,63.86,0,0,,,,,,,,,,,,,,63.86,,,,,,no,,,,,,,,,,,,,,,,,,,,,,,,,,,,,,,,,,,,,,,,
Oceania,FSM,Micronesia (Federated States of),2010,0,0,100,0,64.13,0,70,49.92,14.21,14.21,,0,48.37,,,10.08,,,,,,,,,,,272.2594729,,,,,,17.46,,2.31,2.06,1.39,1.27,1.05,0.85,0.79,0.69,0.61,0.59,5.92,17.53,,,,,,,,17.53,500.39,135.04,2.49,250.12,67.52,1.25,,,,0,0,0,0,64.13,0,0,,,,,,,,,,,,,,64.13,,,,,,no,,,,,,,,,,,,,,,,,,,,,,,,,,,,,,,,,,,,,,,,
Oceania,FSM,Micronesia (Federated States of),2015,0,0,100,0,64.27,0,70,50.06,14.21,14.21,,0,48.37,,,10.11,,,,,,,,,,,272.2887817,,,,,,17.5,,,,,,,,,,,,,,,,,,,,,,500.39,134.9,2.49,250.04,67.53,1.24,,,,0,0,0,0,64.27,0,0,,,,,,,,,,,,,,64.27,,,,,,no,,,,,,,,,,,,,,,,,,,,,,,,,,,,,,,,,,,,,,,,
Oceania,FSM,Micronesia (Federated States of),2020,0,0,100,0,64.42,0,70,50.21,14.21,14.21,,0,48.37,,,10.11,,,,,,,,,,,,,,,,,,,,,,,,,,,,,,,,,,,,,,,,,,,,,,,,0,0,0,0,64.42,0,0,,,,,,,,,,,,,,,,,,,,no,,,,,,,,,,,,,,,,,,,,,,,,,,,,,,,,,,,,,,,,
"UNECE, FOREST EUROPE, International Tropical Timber Organization, Europe",GBR,United Kingdom of Great Britain and Northern Ireland,1990,14,86,0,0,2778,20,24193,344,2434,0,0,2434,0,,0,0,0,0,34,,,,,,,,133.1893449,,,,,,370,,61,36,23,28,14,,,,,,16,178,78,24,18,16,8,48,192,370,74,27,25,37,13,13,16,232,100,,,,,,,2778,,,,,,290,,,361,237,124,0,963,1454,963,0,0,0,0,no,yes,yes,yes,yes,no,yes,yes,no,yes,2778,17.3,1.87,15.43,,,,,,,,,,,,,,,,,,,,,,,,,,,
"UNECE, FOREST EUROPE, International Tropical Timber Organization, Europe",GBR,United Kingdom of Great Britain and Northern Ireland,2000,14,86,0,0,2954,20,24193,344,2610,0,0,2610,0,,0,0,0,0,28,,,,,,,,163.845633,,,,,,484,,67,44,28,31,18,,,,,,19,207,130,31,22,19,14,61,277,484,89,32,25,45,16,13,16,234,100,,,,,,,2954,,,,,,290,1065,,410,269,141,0,889,1655,889,0,0,0,0,no,yes,yes,yes,yes,no,yes,yes,no,yes,2954,15.63,1.23,14.4,,,,,,,,,,,,,,,,,,,,,,,,,,,
"UNECE, FOREST EUROPE, International Tropical Timber Organization, Europe",GBR,United Kingdom of Great Britain and Northern Ireland,2010,14,86,0,0,3059,20,24193,344,2715,0,0,2715,0,,0,0,0,0,24,,,,,,,,195.1618176,,,,,,597,,67,53,39,29,22,10,7,6,,,3,236,185,38,23,22,19,74,361,597,104,38,25,52,19,13,16,234,100,,,,,,,3059,,,,,,290,1668,,435,286,149,0,868,1756,868,0,0,0,0,no,yes,yes,yes,yes,no,yes,yes,no,yes,3059,19.6,1.77,17.83,,,,,,,,,,,,,10,,,61,,,203,,,,,,,,
"UNECE, FOREST EUROPE, International Tropical Timber Organization, Europe",GBR,United Kingdom of Great Britain and Northern Ireland,2015,14,86,0,0,3155,20,24193,344,2811,0,0,2811,0,,0,0,0,0,26,,,,,,,,201.9017433,,,,,,637,,72,55,42,31,27,12,8,8,,,4,259,200,34,25,22,18,78,377,636,109,39,25,54,20,13,16,236,100,,,,,,,3155,,,,,,290,1809,,454,298,156,0,871,1830,871,0,0,0,0,no,yes,yes,yes,yes,no,yes,yes,no,yes,3155,22.9,5.43,17.5,,,,,,,,,,,,,5,,,61,,,141,,,,,,,,
"UNECE, FOREST EUROPE, International Tropical Timber Organization, Europe",GBR,United Kingdom of Great Britain and Northern Ireland,2020,14,86,0,0,3190,20,24193,344,2846,0,0,2846,0,,0,0,0,0,24,,,,,,,,212.2257053,,,,,,677,,77,59,45,34,32,13,10,9,,,5,284,212,31,27,23,18,82,393,677,115,41,25,58,21,13,16,236,100,,,,,,,3190,,,,,,290,1926,,,,,,,,,,,,,no,yes,yes,yes,yes,no,yes,yes,no,yes,3190,,,,,,,,,,,,,,,,,,,,,,,,,,,,,,
North and Central America,GLP,Guadeloupe,1990,0,0,100,0,73.17,5.17,169,72.67,0.5,0.5,0,0,7.11,,0.75,3.59,0,,,,,,370,50,50,,367.9103458,2,26.8879,0.025,0.025,0,26.92,0.01034,,,,,,,,,,,26.28,26.28,0.6,0.01,,,,,0.61,26.89,347,77,20,165,37,9,1.5,100,100,0,0,0,0,73.17,0,0,13.3,,,,,22.79,33.53,19.5,39.64,,,,33.53,0,6.04,0,0,27.49,0,no,yes,yes,yes,yes,no,yes,no,no,yes,73.17,,,,,,,,,,,,,,,,,,,,,,,,,,,,,,
North and Central America,GLP,Guadeloupe,2000,0,0,100,0,72.27,5.03,169,71.77,0.5,0.5,0,0,7.11,,0.75,3.5,0,,,,,,370,60,60,,367.7874637,2,26.5549,0.03,0.03,0,26.58,0.01006,,,,,,,,,,,25.84,25.84,0.7,0.01,,,,,0.71,26.55,347,77,20,165,37,9,1.5,100,100,0,0,0,0,72.27,0,0,3.94,,,,,22.75,33.46,19.49,38.81,,,,33.46,0,6.02,0,0,27.44,0,no,yes,yes,yes,yes,no,yes,no,no,yes,72.27,,,,,,,,,,,,,,,,,,,,,,,,,,,,,,
North and Central America,GLP,Guadeloupe,2010,0,0,100,0,71.55,4.87,169,71.05,0.5,0.5,0,0,7.11,,0.75,3.47,0,,0.4,0.21,0.19,2.11,370,70,70,,367.9944095,2,26.2885,0.035,0.035,0,26.33,0.00974,,,,,,,,,,,25.47,25.47,0.8,0.02,,,,,0.82,26.29,347,77,20,165,37,9,1.5,100,100,0,0,0,0,71.55,0,,3.94,10.69,35.01,,,22.7,33.42,19.48,38.13,,,,33.42,,6.02,0,0,27.4,0,no,yes,yes,yes,yes,no,yes,no,no,yes,71.55,0.08,,,,,,,,,,,,,,,,,,,,,,,,,,,,,
North and Central America,GLP,Guadeloupe,2015,0,0,100,0,72.22,4.09,169,71.72,0.5,0.5,0,0,7.11,,0.75,3.45,0,,0.5,0.19,0.25,3.92,370,75,75,,368.0420936,2,26.5364,0.0375,0.0375,0,26.58,0.00818,,,,,,,,,,,25.31,25.31,0.8,0.02,,,,,0.82,26.13,347,77,20,165,37,9,1.5,100,100,0,0,0,0,72.22,0,0,12.29,10.45,35,,,22.88,33.4,19.63,38.82,,,,33.4,0,6.01,0,0,27.39,0,no,yes,yes,yes,yes,no,yes,no,no,yes,72.22,0.07,,,,,,,,,,,,,,,,,,,,,,,,,,,,,
North and Central America,GLP,Guadeloupe,2020,0,0,100,0,71.92,2.28,169,71.42,0.5,0.5,0,0,6.9,,0.75,3.45,0,,,,,,370,80,80,,368.0478309,2,26.4254,0.04,0.04,0,26.47,0.00456,4,3.95,2.65,1.25,1.15,0.65,0.6,0.6,0.6,0.55,8.82,24.82,0.8,0.02,,,,,0.82,25.64,347,77,20,165,37,9,1.5,100,100,0,0,0,0,71.92,0,0,12.29,10.44,34.88,,,23.07,33.43,19.78,,,,,,,,,,,,no,yes,yes,yes,yes,no,yes,no,no,yes,71.92,,,,,,,,,,,,,,,,,,,,,,,,,,,,,,
"FOREST EUROPE, UNECE, International Tropical Timber Organization, EU-27, Europe",FRA,France,1990,0,100,0,0,14436,2038,54756,12908,1528,0,0,1528,,,0,0,0,,,,,,,,,,143.9048213,,,,,,2077.41,,512.54,240.96,156.08,160.55,144.05,193.67,100.11,77.73,55.72,53.08,232.28,1926.77,42.31,30.17,24.23,18.65,12.23,23.05,150.64,2077.41,109.5,31.2,,52,14.8,,,,,0,0,0,0,14436,0,,,,,,,,5822,,10681,8876,1805,,3755,,3755,,,,0,no,yes,yes,yes,no,yes,yes,yes,yes,yes,14436,,,,,,,,,,,,,,,,,,,,,,,,,,,,,,
"FOREST EUROPE, UNECE, International Tropical Timber Organization, EU-27, Europe",FRA,France,2000,0,100,0,0,15288,1804,54756,13702,1586,0,0,1586,,,0,0,0,,,,,,,,,,147.4542125,,,,,,2254.28,,550.58,252.91,172.03,170.54,151.9,196.97,106.85,83.57,73.54,60.23,267.35,2086.47,53.5,25.2,26.84,21.26,15.42,25.59,167.81,2254.28,112.3,32.1,,53.3,15.2,,,,,0,0,0,0,15288,0,,,,,,,,6480,,11321,9476,1845,,3967,,3967,,,,0,no,yes,yes,yes,no,yes,yes,yes,yes,yes,15288,40.58,4.94,35.64,,,,,,,,,,,,,,,,,,,,,,,,,,,
"FOREST EUROPE, UNECE, International Tropical Timber Organization, EU-27, Europe",FRA,France,2010,0,100,0,0,16419,739,54756,14346,2073,0,0,2073,,447,0,0,0,,,,,,159.2707244,175.4287091,,175.4287091,161.3137219,,2284.42,364.19,0,364.19,2648.61,,610.06,279.11,197.37,200.11,150.87,138.45,133.06,110.12,109.9,102.17,353.56,2384.78,112.08,33.67,27.37,28.67,26.04,35.98,263.81,2648.59,124,35.5,16.7,58.9,16.8,7.93,,,,0,0,0,0,16419,0,,,,,,,488,7172,,12144,9234,2910,,4275,,4275,,,,0,no,yes,yes,yes,no,yes,yes,yes,yes,yes,15882,29.34,5.25,24.08,,,,,,,,,,,,,,,,,,,,,,264,,,,,
"FOREST EUROPE, UNECE, International Tropical Timber Organization, EU-27, Europe",FRA,France,2015,0,100,0,0,16836,791,54756,14576,2260,0,0,2260,,524,0,0,0,,,,,,165.1071622,201.4674952,,201.4674952,169.6252079,,2434.34,421.47,0,421.47,2855.81,,648.86,297.4,227.51,218.14,158.85,150.84,134.62,116.44,115.36,108.92,384.35,2561.29,129.67,33.22,32.86,30.41,29.01,39.36,294.53,2855.82,129.6,37.1,16.8,61.6,17.6,7.98,,,,0,0,0,0,16836,0,,,,,,,3826,7637,,12478,,,,4358,,4358,,,,0,no,yes,yes,yes,no,yes,yes,yes,yes,yes,16419,28.25,3.23,25.02,,,,,,,,,,,,,,,,,,,,,,305,,,,,
"FOREST EUROPE, UNECE, International Tropical Timber Organization, EU-27, Europe",FRA,France,2020,0,100,0,0,17253,843,54756,14819,2434,0,0,2434,,,0,0,0,,,,,,173.7235981,197.6663928,,197.6663928,177.118762,,2574.41,481.12,0,481.12,3055.83,,685.05,312.53,253.41,239.62,164.34,158.42,137.35,126.25,124.42,114.84,408.93,2725.16,150.72,32.6,38.11,32.07,33,44.18,330.68,3055.84,135.5,38.6,16.9,64.3,18.3,8.03,,,,0,0,0,0,17253,0,0,,,,,,3921,7796,,,,,,,,,,,,,no,yes,yes,yes,no,yes,yes,yes,yes,yes,16836,,,,,,,,,,,,,,,,,,,,,,,,,,,,,,
"Europe, UNECE, EU-27, FOREST EUROPE, International Tropical Timber Organization",FIN,Finland,1990,97.4,2.6,0,0,21875.33,925.9,30391,17484.95127,4390.38,21.87533,21.87533,4368.503401,,1607,0,0,0,,,,,183,,,,,85.85013346,7.560211686,,,,,1878,7,855.29,688.15,211.51,63.54,23.75,20.55,3.99,,,,10.2,1876.98,,,,,1.02,,1.02,1878,43.86,13.05,1.37,21.93,6.52,0.68,10.03,165.15,30,,,1235.2,400.09,,,,20640.13,,1235.2,400.09,,1235.2,21875.33,1235.2,15153,12972,2181,0,6722,,6722,0,0,0,0,no,yes,yes,yes,no,yes,yes,yes,yes,no,,36.6,2.6,34,13.5,,,18.7,,,,,,4.4,,,19,6,13,144,33,111,,,,476,15,461,639,54,585
"Europe, UNECE, EU-27, FOREST EUROPE, International Tropical Timber Organization",FIN,Finland,2000,97.4,2.6,0,0,22445.64,823.48,30391,17301.09931,5144.54,24.690204,24.690204,5119.850484,,1542.14,0,0,0,,,,,183,104.50203,52.48281943,31.59147652,52.73591501,92.57922697,6.363238937,1808,270,0.78,270,2078,5.24,991.2,692.1,248.1,75,32.4,21.9,4.8,6.1,5.1,0.4,1,2078.1,0.31,0.29,0.01,0,,0.05,0.66,2078.76,49.14,15.2,1.37,24.57,7.6,0.68,10.76,166.46,30,,,2223.11,605.99,,916.01,,19306.41,,2223.11,605.99,,2223.11,22445.64,2223.11,15209.96,13296.33,1913.63,0,7209.35,,7209.35,0,0,0,0,no,yes,yes,yes,no,yes,yes,yes,yes,no,,23,2.5,20.5,7.4,,,10.1,,,,,,5.5,,,32,8,24,177,70,107,271,70,201,1891,203,1688,2371,351,2020
"Europe, UNECE, EU-27, FOREST EUROPE, International Tropical Timber Organization",FIN,Finland,2010,97.4,2.6,0,0,22242,789,30391,15333.6348,6908.37,33.363,33.363,6875.0022,234,1595,0,0,0,0,1,13,166,35,116.3735816,80.8642832,76.43197554,80.88724684,105.3443935,9.69581749,1784.43,558.64,2.55,556.1,2343.07,7.65,1163.48,706.28,282.69,106.25,41.06,18.96,7.11,7.03,6.44,0.7,1.02,2341.02,1,0.8,0.03,0.07,,0.15,2.05,2343.07,53.64,16.51,1.49,26.82,8.25,0.74,11.26,168.65,30,,,3001.51,599.51,,287.13,,18953.51,,3001.51,599.51,,3001.51,22242.49,3001.51,15488.25,13434.67,2053.58,0,6682.7,,6682.7,0,0,0,0,no,yes,yes,yes,no,yes,yes,yes,yes,no,,22.8,2.4,20.4,6.3,,,12.6,,,,,,3.9,,,24,9,15,166,67,99,405,124,281,1507,189,1318,2102,389,1713
"Europe, UNECE, EU-27, FOREST EUROPE, International Tropical Timber Organization",FIN,Finland,2015,97.4,2.6,0,0,22409,746,30391,15040.9208,7368.08,33.6135,33.6135,7334.4657,203,1418,0,0,0,0,1,8,194,12,118.9933797,89.45072143,89.24985497,89.45164199,109.2797537,9.557640751,1789.77,659.08,3,656.08,2448.85,7.13,1226.05,731.18,285.99,121.06,40.81,17.16,8.29,6.97,6.88,0.7,0.95,2446.04,1.69,0.79,0.04,0.01,,0.28,2.81,2448.85,59.77,17.31,1.49,29.88,8.65,0.74,11.26,166.66,30,,,2830.66,529.76,,339.83,,19238.46,,2830.66,529.76,,2830.66,22409,2830.66,15397.44,13325.39,2072.05,0,6861.23,,6861.23,0,0,0,0,no,yes,yes,yes,no,yes,yes,yes,yes,no,,24.3,2.6,21.7,6.2,,,14.1,,,,,,4,,,28,14,14,147,65,82,320,91,229,1191,135,1056,1686,305,1381
"Europe, UNECE, EU-27, FOREST EUROPE, International Tropical Timber Organization",FIN,Finland,2020,97.4,2.6,0,0,22409,746,30391,15040.92,7368.08,33.61,33.61,7334.47,203,1418,0,0,0,0,1,8,194,12,118.99,89.45,89.25,89.45,109.2797537,9.557640751,1789.719071,659.074756,2.9996925,656.0683415,2448.85,7.13,1226.05,731.18,285.99,121.06,40.81,17.16,8.29,6.97,6.88,0.7,0.95,2446.04,1.69,0.79,0.04,0.01,,0.28,2.81,2448.85,59.77,17.31,1.49,29.88,8.65,0.74,11.26,166.66,30,,,2830.66,529.76,,339.83,18708.75,19238.46,,2830.66,529.76,,2830.66,22409,2830.66,,,,,,,,,,,,no,yes,yes,yes,no,yes,yes,yes,yes,no,,,,,,,,,,,,,,,,,,,,,,,,,,,,,,,
Africa,ESH,Western Sahara,1990,0,0,100,0,665.1,0,26600,665.1,0,0,0,0,,,,0,0,,,,,,24.3,0,0,0,24.3,,16.16193,0,0,0,16.16193,0,,,,,,,,,,,,,,,,,,,,,33.52,10.03,0.21,16.76,5.02,0.1,2.61,21.73,30,,,,,,,665.1,,,,,,,,,,,,,,665.1,,,,,,,,,,,,,,,,,,,,,,,,,,,,,,,,,,,,,,,,,,,,,,
Africa,ESH,Western Sahara,2000,0,0,100,0,669.31,0,26600,669.31,0,0,0,0,,,,0,0,,,,,,26.46,0,0,0,26.46,,17.7099426,0,0,0,17.7099426,0,,,,,,,,,,,,,,,,,,,,,37.07,11.17,0.21,18.53,5.59,0.1,2.63,21.73,30,,,,,,,669.31,,,,,,,,,,,,,,669.31,,,,,,,,,,,,,,,,,,,,,,,,,,,,,,,,,,,,,,,,,,,,,,
Africa,ESH,Western Sahara,2010,0,0,100,0,665.11,0,26600,665.11,0,0,0,0,,,,0,0,,,,,,27.07,0,0,0,27.07,,18.0045277,0,0,0,18.0045277,0,,,,,,,,,,,,,,,,,,,,,39.23,11.94,0.21,19.61,5.97,0.1,2.68,21.73,30,,,,,,,665.11,,,,,,,,,,,,,,665.11,,,,,,,,,,,,,,,,,,,,,,,,,,,,,,,,,,,,,,,,,,,,,,
Africa,ESH,Western Sahara,2015,0,0,100,0,664.7,0,26600,664.7,0,0,0,0,,,,0,0,,,,,,27.12,0,0,0,27.12,,18.026664,0,0,0,18.026664,0,,,,,,,,,,,,,,,,,,,,,39.63,12.12,0.2,19.82,6.06,0.1,2.69,21.72,30,,,,,,,664.7,,,,,,,,,,,,,,664.7,,,,,,,,,,,,,,,,,,,,,,,,,,,,,,,,,,,,,,,,,,,,,,
Africa,ESH,Western Sahara,2020,0,0,100,0,665.07,0,26600,665.07,0,0,0,0,,,,0,0,,,,,,27.1,0,0,0,27.1,,18.023397,0,0,0,18.023397,0,,,,,,,,,,,,,,,,,,,,,39.89,12.25,0.21,19.95,6.13,0.1,2.72,21.72,30,,,,,,,665.07,,,,,,,,,,,,,,,,,,,,,,,,,,,,,,,,,,,,,,,,,,,,,,,,,,,,,,,,,,,,
"Africa, International Tropical Timber Organization, Espace COMIFAC",GAB,Gabon,1990,0,0,100,0,23761.62,0,25767,23731.15,30,30,,0,,,,175.9,9.51,,,,,,235,235,235,0,235,0,5576.82025,7.05,7.05,0,5583.9807,0,,,,,,,,,,,,,,,,,,,,,223.25,53.58,,104.93,25.18,,2.1,60,30,10000,,1790,,,,,,,400,,,1790,,0,0,0,0,0,23761.62,,23761.62,0,0,0,0,yes,yes,no,yes,no,yes,no,no,no,yes,10000,,,,,,,,,,,,,,,,,,,,,,,,,,,,,,
"Africa, International Tropical Timber Organization, Espace COMIFAC",GAB,Gabon,2000,0,0,100,0,23700,0,25767,23670,30,30,,0,,,,165.81,14.9,,,,,,235,235,235,0,235,0,5562.45,7.05,7.05,0,5569.5,0,,,,,,,,,,,,,,,,,,,,,223.25,53.58,,104.93,25.18,,2.1,60,30,10000,,1790,,,,,,,400,,,1790,6810,0,0,0,0,0,23700,,23700,0,0,0,0,yes,yes,no,yes,no,yes,no,no,no,yes,14000,,,,,,,,,,,,,,,,,,,,,,,,,,,,,,
"Africa, International Tropical Timber Organization, Espace COMIFAC",GAB,Gabon,2010,0,0,100,0,23649.41,0,25767,23619.41,30,30,,0,,,,155.72,20.3,,,,,,235,235,235,0,235,0,5550.56135,7.05,7.05,0,5557.61135,0,,,,,,,,,,,,,,,,,,,,,223.25,53.58,,104.93,25.18,,2.1,60,30,10000,,3400,,,,10249.41,10000,,3400,,,3400,6979,0,0,0,0,0,23649.41,0,23649.41,0,0,0,0,yes,yes,no,yes,no,yes,no,no,no,yes,14000,3,,,,,,,,,,,,,,,43,,,174,,,112,,,283,,,,,
"Africa, International Tropical Timber Organization, Espace COMIFAC",GAB,Gabon,2015,0,0,100,0,23590,0,25767,23560,30,30,,0,,,,150.67,23,,,,,,235,235,235,0,235,0,5536.6,7.05,7.05,0,5543.65,0,,,,,,,,,,,,,,,,,,,,,223.25,53.58,,104.93,25.18,,2.1,60,30,15200,,3400,,,,,16000,141,3400,,,3400,10759,1289,0,0,0,0,23590,,23590,0,0,0,0,yes,yes,no,yes,no,yes,no,no,no,yes,16000,13,,,,,,,,,,,,,,,,,,,,,,,,,,,,,
"Africa, International Tropical Timber Organization, Espace COMIFAC",GAB,Gabon,2020,0,0,100,0,23530.6,0,25767,23500.59,30,30,,0,,,,145.62,23,,,,,,235,235,235,0,235,0,5522.63865,7.05,7.05,0,5529.68865,0,,,,,,,,,,,,,,,,,,,,,223.25,53.58,,104.93,25.18,,2.1,60,30,15200,,3400,,,,4930.6,16000,141,3400,,,3400,12000,3000,,,,,,,,,,,,yes,yes,no,yes,no,yes,no,no,no,yes,16000,,,,,,,,,,,,,,,,,,,,,,,,,,,,,,
Africa,DJI,Djibouti,1990,0,0,100,0,5.6,220.2,2318,5.6,0,0,0,0,0,0,0,0,0,,,,,,32,0,0,0,32,,0.1792,0,0,0,0.1792,,,,,,,,,,,,,,,,,,,,,,89.6,25.09,,42.11,11.79,,,,,0,0,0,0,5.6,0,,,,,,,0,0,0,0,0,0,0,5.6,,5.6,0,0,0,0,no,no,no,no,no,no,no,no,no,no,,,,,,,,,,,,,,,,,,,,,,,,,,,,,,,
Africa,DJI,Djibouti,2000,0,0,100,0,5.6,220.2,2318,5.6,0,0,0,0,0,0,0,0,0,,,,,,32,0,0,0,32,,0.1792,0,0,0,0.1792,,,,,,,,,,,,,,,,,,,,,,89.6,25.09,,42.11,11.79,,,,,0,0,0,0,5.6,0,0,,,,,,0,0,0,0,0,0,0,5.6,0,5.6,0,0,0,0,no,no,no,no,no,no,no,no,no,no,,,,,,,,,,,,,,,,,,,,,,,,,,,,,,,
Africa,DJI,Djibouti,2010,0,0,100,0,5.6,220.2,2318,5.6,0,0,0,0,0,0,0,0,0,,,,,,32,0,0,0,32,,0.1792,0,0,0,0.1792,,,,,,,,,,,,,,,,,,,,,,89.6,25.09,,42.11,11.79,,,,,0,0,0,0,5.6,0,0,,,,,,0,0,0,0,0,0,0,5.6,0,5.6,0,0,0,0,no,no,no,no,no,no,no,no,no,no,,,,,,,,,,,,,,,,,,,,,,,,,,,,,,,
Africa,DJI,Djibouti,2015,0,0,100,0,5.6,220.2,2318,5.6,0,0,0,0,0,0,0,0,0,,,,,,32,0,0,0,32,,0.1792,0,0,0,0.1792,,,,,,,,,,,,,,,,,,,,,,89.6,25.09,,42.11,11.79,,,,,0,0,0,0,5.6,0,0,,,,,,0.9,0,0,0,0,0,0,5.6,0,5.6,0,0,0,0,no,no,no,no,no,no,no,no,no,no,,,,,,,,,,,,,,,,,,,,,,,,,,,,,,,
Africa,DJI,Djibouti,2020,0,0,100,0,5.8,220.2,2318,5.6,0.2,0.2,0,0,0,0,0,0.1,0,,,,,,32,32,32,0,32,,0.1792,0.0064,0.0064,0,0.1856,,,,,,,,,,,,,,,,,,,,,,86.51,24.22,,40.66,11.38,,,,,0,0,0,0,5.8,0,0,,,,,,0.9,0,0,,,,,,,,,,,,no,no,no,no,no,no,no,no,no,no,,,,,,,,,,,,,,,,,,,,,,,,,,,,,,,
Asia,BTN,Bhutan,1990,0,100,0,0,2506.72,273.55,3812,2487.4,19.32,19.32,,0,413,,,0,0,0,,,0,0,,,,,346.08,51,,,,,867.5256576,13.95105,,,,,,,,,,,,,,,,,,,,,269.32,121,6.44,127.05,54.52,3.03,6.23,64.05,30,46.99,0,1104.2,0,1355.53,0,0,46.99,2506.72,1104.2,2506.72,0,1104.2,46.99,,0,0,0,0,2506.72,0,2506.72,0,0,0,0,no,yes,no,yes,no,yes,no,yes,no,yes,2303.64,,,,,,,,,,,,,,,,,,,,,,,,,,,,,,
Asia,BTN,Bhutan,2000,0,100,0,0,2606,337.03,3812,2586.47,19.54,19.54,,0,413,,,0,0,0,,,0,0,,,,,346.08,51,,,,,901.88448,17.18853,,,,,,,,,,,,,,,,,,,,,269.32,121,6.44,127.05,54.52,3.03,6.23,64.05,30,140.64,0,1104.2,0,1361.16,0,0,140.64,2606,1104.2,2606,0,1104.2,140.64,,0,0,0,0,2606,0,2605.64,0,0,0.36,0,no,yes,no,yes,no,yes,no,yes,no,yes,2303.64,,,,,,,,,,,,,,,,,,,,,,,,,,,,,,
Asia,BTN,Bhutan,2010,0,100,0,0,2705.29,400.52,3812,2685.541383,19.75,19.748617,,0,413,,,0,0,0,,,0,0,,,,,346.08,51,,,,,936.2467632,20.42652,,,,,,,,,,,,,,,,,,,,,269.32,121,6.44,127.05,54.52,3.03,6.23,64.05,30,235.05,0,1104.2,0,1366.04,0,,235.05,2705.29,1104.2,2705.29,0,1104.2,235.05,,0.4,0.4,0,0,2704.89,,2670.5,0.4,0,33.99,0,no,yes,no,yes,no,yes,no,yes,no,yes,2303.64,1.9,,,,,,,,,,,,,,,,,,,,,,,,,,,,,
Asia,BTN,Bhutan,2015,0,100,0,0,2715.18,486.88,3812,2694.91,20.27,20.27,,0,413,,,0,0,0,,,0,0,,,,,346.08,51,,,,,939.6694944,24.83088,142,53,47,39,37,27,24,22,21,20,506.32,938.32,1,0.32,0.03,,,,1.35,939.67,269.32,121,6.44,127.05,54.52,3.03,6.23,64.05,30,273.34,0,1104.2,0,1337.64,0,0,273.34,2715.18,1104.2,2715.18,0,1104.2,273.34,,0.47,0.47,0,0,2714.71,0,2638.85,0.47,0,75.39,0,no,yes,no,yes,no,yes,no,yes,no,yes,2303.64,1.79,,,,,,,,,,,,,,,,,,,,,25,,,45,,,,,
Asia,BTN,Bhutan,2020,0,100,0,0,2725.08,504.23,3812,2704.26,20.82,20.82,,0,413,,,0,0,0,,,0,0,,,,,346.08,51,,,,,943.0956864,25.71573,142,53,47,39,37,27,24,22,21,20,509.75,941.75,1,0.32,0.03,,,,1.35,943.1,269.32,121,6.44,127.05,54.52,3.03,6.23,64.05,30,368.03,0,1104.2,0,1252.85,0,0,368.03,2725.08,1104.2,2725.08,0,1104.2,368.03,,,,,,,,,,,,,no,yes,no,yes,no,yes,no,yes,no,yes,2303.64,,,,,,,,,,,,,,,,,,,,,,,,,,,,,,
Africa,GNB,Guinea-Bissau,1990,0,0,100,0,2233.33,247.33,2812,2233,0.21,0.21,,0,,,,254.42,,,,,,,,,,,30.13,3.18,,,,,67.2902329,0.7865094,6.17,3.6,3.09,2.06,2.06,2.06,1.54,1.03,1.03,1.03,43.1,66.77,,,,,,,,66.77,84,17,,40,8,,2.1,47,30,1461,,463,,0,,309.33,,,,,,27,27,27,0,0,0,0,2233.33,0,,,,,2233.33,,,,,,,,,,,,,,,,,,,,,,,,,,,,,,,,,,,,,,,,,
Africa,GNB,Guinea-Bissau,2000,0,0,100,0,2148.88,214.48,2812,2149,0.37,0.37,,0,,,,300.17,,,,,,,,,,,30.13,3.18,,,,,64.7457544,0.6820464,5.9,3.44,2.95,1.97,1.97,1.97,1.48,0.98,0.98,0.98,41.26,63.88,,,,,,,,63.88,84,17,,40,8,,2.1,47,30,1052,,756,,0,,340.88,,,,,,27,27,27,0,0,0,0,2148.88,0,,,,,2148.88,,,,,,,,,,,,,,,,,,,,,,,,,,,,,,,,,,,,,,,,,
Africa,GNB,Guinea-Bissau,2010,0,0,100,0,2064.43,181.63,2812,2064,0.71,0.71,,0,,,,284.67,,,,,,,,,,,30.13,3.18,,,,,62.2012759,0.5775834,7.33,4.28,3.66,2.44,2.44,2.44,1.83,1.22,1.22,1.22,34.12,62.2,,,,,,,,62.2,84,17,,40,8,,2.1,47,30,590,,1120,,0,,354.43,,,,,,27,27,27,0,0,0,0,2064.43,0,,,,,2064.43,,,,,,,,,,,,,,,,,,,,,,,,,,,,,,,,,,,,,,,,,
Africa,GNB,Guinea-Bissau,2015,0,0,100,0,2022.21,165.21,2812,2021,0.88,0.88,,0,,,,274.98,,,,,,,,,,,30.13,3.18,,,,,60.9291873,0.5253678,,,,,,,,,,,,,,,,,,,,,84,17,,40,8,,2.1,47,30,590,,1120,,0,,312.21,,,,,,27,27,27,0,0,0,0,2022.21,0,,,,,2022.21,,,,,,,,,,,,,,,,,,,,,,,,,,,,,,,,,,,,,,,,,
Africa,GNB,Guinea-Bissau,2020,0,0,100,0,1980.01,148.81,2812,1979,1.05,1.05,,0,,,,265.29,,,,,,,,,,,30.13,3.18,,,,,59.6577013,0.4732158,,,,,,,,,,,,,,,,,,,,,84,17,,40,8,,2.1,47,30,590,,1120,,0,,270.01,,,,,,26,26,26,,,,,,,,,,,,,,,,,,,,,,,,,,,,,,,,,,,,,,,,,,,,,,,,,,,,
Africa,GIN,Guinea,1990,0,0,100,0,7276,5850,24572,7236,40,10,5,30,63,,,250,871,,,,,,77.36,77.36,77.36,77.36,77.36,,559.77696,3.0944,0.7736,2.3208,562.87136,,,,,,,,,,,,,,,,,,,,,,131.32,31.52,,61.72,14.81,,,,,118,591,3006,0,472,0,3089,118,591,3006,0,0,3006,242,,2,,,,7262,12,7252,0,0,10,0,yes,yes,yes,yes,yes,yes,yes,yes,yes,yes,,,,,,,,,,,,,,,,,,,,,,,,,,25,,,,,
Africa,GIN,Guinea,2000,0,0,100,0,6929,5850,24572,6884,45,15,6,30,63,,,250,250,,,,,,77.36,77.36,77.36,77.36,77.36,,532.54624,3.4812,1.1604,2.3208,536.02744,,,,,,,,,,,,,,,,,,,,,,131.29,31.51,,61.7,14.81,,,,,119,593,3006,0,475,0,2736,119,593,3006,0,0,3006,242,,36,30,,,6868,25,6858,0,0,10,0,yes,yes,yes,yes,yes,yes,yes,yes,yes,yes,,,,,,,,,,,,,,,,,,,,,,,,,,45,,,,,
Africa,GIN,Guinea,2010,0,0,100,0,6569,5850,24572,6517,52,20,7,32,63,,,237,237,,,,,,77.36,77.36,77.36,77.36,77.36,,504.15512,4.02272,1.5472,2.47552,508.17784,,,,,,,,,,,,,,,,,,,,,,131.24,31.5,,61.68,14.81,,,,,119,593,3006,0,475,0,2376,119,593,3006,0,0,3006,242,,45,45,0,0,6524,0,6524,0,0,0,0,yes,yes,yes,yes,yes,yes,yes,yes,yes,yes,1186,,,,,,,,,,,,,,,,,,,,,,,,,,,,,,
Africa,GIN,Guinea,2015,0,0,100,0,6389,5850,24572,6336,53,21,7,32,63,,,231,,,,,,,77.36,77.36,77.36,77.36,77.36,,490.15296,4.10008,1.62456,2.47552,494.25304,,,,,,,,,,,,,,,,,,,,,,131.22,31.5,,61.67,14.8,,,,,119,593,3006,0,475,0,2196,119,593,3006,0,0,3006,242,,45,45,0,0,5565,779,5565,0,0,0,0,yes,yes,yes,yes,yes,yes,yes,yes,yes,yes,,,,,,,,,,,,,,,,,,,,,,,,,,,,,,,
Africa,GIN,Guinea,2020,0,0,100,0,6189,5850,24572,6132,57,25,8,32,63,,,,,,,,,,77.36,77.36,77.36,77.36,77.36,,474.37152,4.40952,1.934,2.47552,478.78104,,,,,,,,,,,,,,,,,,,,,,131.19,31.49,,61.66,14.8,,,,,119,593,3006,0,475,0,1996,119,593,3006,0,0,3006,242,,,,,,,,,,,,,yes,yes,yes,yes,yes,yes,yes,yes,yes,yes,,,,,,,,,,,,,,,,,,,,,,,,,,,,,,,
Europe,GGY,Guernsey,1990,0,100,0,0,0.23,0.23,8,0.13,0.1,0.1,,0,0,,0,0,0,0,0,,,,,,,,,,,,,,,,,,,,,,,,,,,,,,,,,,,,,,,,,,,,,,,,,,,0.23,,,,,,,,,,,,,,0.23,,,,,,,,,,,,,,,,,,,,,,,,,,,,,,,,,,,,,,,,,,,,,,
Europe,GGY,Guernsey,2000,0,100,0,0,0.23,0.23,8,0.13,0.1,0.1,,0,0,,0,0,0,0,0,,,,,,,,,,,,,,,,,,,,,,,,,,,,,,,,,,,,,,,,,,,,,,,,,,,0.23,,,,,,0,,,,,,,,0.23,,,,,,,,,,,,,,,,,,,,,,,,,,,,,,,,,,,,,,,,,,,,,,
Europe,GGY,Guernsey,2010,0,100,0,0,0.42,0.31,8,0.19,0.22,0.22,,0,0,,0,0,0,0,0.01,,,,,,,,,,,,,,,,,,,,,,,,,,,,,,,,,,,,,,,,,,,,,,,,,,,0.42,,,,,,0,,,,,,,,0.42,,,,,,,,,,,,,,,,,,,,,,,,,,,,,,,,,,,,,,,,,,,,,,
Europe,GGY,Guernsey,2015,0,100,0,0,0.42,0.31,8,0.19,0.22,0.22,,0,0,,0,0,0,0,0.01,,,,,,,,,,,,,,,,,,,,,,,,,,,,,,,,,,,,,,,,,,,,,,,,,,,0.42,,,,,,0,,,,,,,,0.42,,,,,,,,,,,,,,,,,,,,,,,,,,,,,,,,,,,,,,,,,,,,,,
Europe,GGY,Guernsey,2020,0,100,0,0,0.42,0.31,8,0.19,0.22,0.22,,0,0,,0,0,0,0,0.01,,,,,,,,,,,,,,,,,,,,,,,,,,,,,,,,,,,,,,,,,,,,,,,,,,,0.42,,,,,,,,,,,,,,,,,,,,,,,,,,,,,,,,,,,,,,,,,,,,,,,,,,,,,,,,,,,,
North and Central America,DOM,Dominican Republic,1990,0,0,100,0,1594.89,104.6,4831,1573.88,21.01,5.25,1.31,15.76,,,,29.4,,37.08,,303.33,18.08,,90.1,90.1,90.1,90.1,90.1,,141.806588,1.893001,0.473025,1.419976,143.699589,,,,,,,,,,,,,,,,,,,,,,82.7,22.3,8.1,41.3,11.2,4,0.9,199.1,30,,,,,,,1594.89,,,,,,,,,,,,,,1594.89,,,,,,no,yes,no,yes,no,yes,no,no,no,no,,,,,,,,,,,,,,,,,,,,,,,,,,,,,,,
North and Central America,DOM,Dominican Republic,2000,0,0,100,0,1972.47,240.58,4831,1929.43,43.05,15.46,9.27,27.59,,,,29.4,,37.26,,304.85,18.08,,90.1,90.1,90.1,90.1,90.1,,173.841643,3.878805,1.392946,2.485859,177.719547,,,,,,,,,,,,,,,,,,,,,,82.7,22.3,8.1,41.3,11.2,4,0.9,199.1,30,,,,,,,1972.47,,,,,,,,,,,,,,1972.47,,,,,,no,yes,no,yes,no,yes,no,no,no,no,,,,,,,,,,,,,,,,,,,,,,,,,,,,,,,
North and Central America,DOM,Dominican Republic,2010,0,0,100,0,2073.12,128.32,4831,1962.81,110.3,44.13,26.48,66.17,,,,29.32,,34.67,,371.27,18.08,,90.1,90.1,90.1,90.1,90.1,,176.849181,9.93803,3.976113,5.961917,186.788112,,,,,,,,,,,,,,,,,,,,,,82.7,22.3,8.1,41.3,11.2,4,0.9,199.1,30,,,,,,,2073.12,,,,,,,,,,,,,,2073.12,,,,,,no,yes,no,yes,no,yes,no,no,no,no,,,,,,,,,,,,,,,,,,,,,,,,,,,,,,,
North and Central America,DOM,Dominican Republic,2015,0,0,100,0,2103.65,60.94,4831,1969.7742,133.88,53.0326,30.0021,80.8432,,,,29.32,,50.8,,333.28,18.08,,90.1,90.1,90.1,90.1,90.1,,177.4766554,12.06220958,4.77823726,7.28397232,189.538865,,,,,,,,,,,,,,,,,,,,,,82.7,22.3,8.1,41.3,11.2,4,0.9,199.1,30,,,,,,,,,,,,,,,,,,,,,,,,,,,no,yes,no,yes,no,yes,no,no,no,no,,,,,,,,,,,,,,,,,,,,,,,,,,,,,,,
North and Central America,DOM,Dominican Republic,2020,0,0,100,0,2144.1,105.61,4831,1954.09,190.01,75.92,45.56,114.09,,,,29.32,,50.93,,333.28,18.08,,90.1,90.1,90.1,90.1,90.1,,176.063509,17.119901,6.840392,10.279509,193.18341,,,,,,,,,,,,,,,,,,,,,,82.7,22.3,8.1,41.3,11.2,4,0.9,199.1,30,,,,,,,2144.1,,,,,,,,,,,,,,,,,,,,no,yes,no,yes,no,yes,no,no,no,no,,,,,,,,,,,,,,,,,,,,,,,,,,,,,,,
"FOREST EUROPE, UNECE, International Tropical Timber Organization, Europe, EU-27",GRC,Greece,1990,0,11,0,89,3298.551,3210.899,12890,3180.792729,117.76,117.7582707,,0,,,0,0,0,,,,,,49.0443777,49.16,49.16,0,49.04880961,,156,5.788996588,5.788996588,0,161.79,,,,,,,,,,,,,,,,,,,,,,34.16,11.68,,16.05,5.49,,,,,,,,,,,,,,,,,,,,,,,,,,,,,,,,,,,,,,,,,,,,,,,,,,,,,,,,,,,,,,,,,,,,,,,
"FOREST EUROPE, UNECE, International Tropical Timber Organization, Europe, EU-27",GRC,Greece,2000,0,11,0,89,3600.2296,2922.8804,12890,3471.701403,128.53,128.5281967,,0,,,0,0,0,,,,,,48.9673449,49.16,49.16,0,48.97465428,,170,6.318446151,6.318446151,0,176.32,,,,,,,,,,,,,,,,,,,,,,34.11,11.66,,16.03,5.48,,,,,,,,,,,,,,,,,,,,,,,,,,,,,,,,,,,,,,,,,,,,,,,,,,,,,,,,,,,,,,,,,,,,,,,
"FOREST EUROPE, UNECE, International Tropical Timber Organization, Europe, EU-27",GRC,Greece,2010,0,11,0,89,3901.803,2634.716,12890,3762.898813,138.9,138.9041868,,0,,,0,0,0,,,,,,49.16422396,49.16,49.16,0,49.16445038,,185,6.828529823,6.828529823,0,191.83,,,,,,,,,,,,,,,,,,,,,,34.24,11.7,,16.09,5.5,,,,,,,,,,,,,,,,,,,,,,,,,,,,,,,,,,,,,,,,,,,,,,,,,,,,,,,,,,,,,,,,,,,,,,,
"FOREST EUROPE, UNECE, International Tropical Timber Organization, Europe, EU-27",GRC,Greece,2015,0,11,0,89,3901.803,2634.716,12890,3762.898813,138.9,138.9041868,,0,,,0,0,0,,,,,,49.16422396,49.16,49.16,0,49.16445038,,185,6.828529823,6.828529823,0,191.83,,,,,,,,,,,,,,,,,,,,,,34.24,11.7,,16.09,5.5,,,,,,,,,,,,,,,,,,,,,,,,,,,,,,,,,,,,,,,,,,,,,,,,,,,,,,,,,,,,,,,,,,,,,,,
"FOREST EUROPE, UNECE, International Tropical Timber Organization, Europe, EU-27",GRC,Greece,2020,0,11,0,89,3901.8,2634.72,12890,3762.9,138.9,138.9,,0,,,0,0,0,,,,,,49.16420846,49.16,49.16,0,49.16448818,,185,6.828324,6.828324,0,191.83,,,,,,,,,,,,,,,,,,,,,,34.24,11.7,,16.09,5.5,,,,,,,,,,,3901.8,,,,,,,,,,,,,,,,,,,,,,,,,,,,,,,,,,,,,,,,,,,,,,,,,,,,,,,,,,,,
North and Central America,GRD,Grenada,1990,0,0,100,0,17.7,1.28,34,17.49,0.21,0.21,,0,2.32,,,0.18,0,,,,,,55,40,40,0,54.80225989,,0.96195,0.0084,0.0084,0,0.97,,,,,,,,,,,,,,,,,,,,,,109.4,29.33,,51.42,13.78,,,,,0.21,,2.32,,,,15.17,,,,,,2.32,,,,,,,,17.7,,,,,,,,,,,,,,,,,,,,,,,,,,,,,,,,,,,,,,,,,,,,,,
North and Central America,GRD,Grenada,2000,0,0,100,0,17.7,1.28,34,17.49,0.21,0.21,,0,2.32,,,0.18,0,,,,,,55,40,40,0,54.80225989,,0.96195,0.0084,0.0084,0,0.97,,,,,,,,,,,,,,,,,,,,,,109.4,29.33,,51.42,13.78,,,,,0.21,,2.32,,,,15.17,,,,,,2.32,,,,,,,,17.7,,,,,,,,,,,,,,,,,,,,,,,,,,,,,,,,,,,,,,,,,,,,,,
North and Central America,GRD,Grenada,2010,0,0,100,0,17.7,1.28,34,17.49,0.21,0.21,,0,2.32,,,0.18,0,,,,,,55,40,40,0,54.80225989,,0.96195,0.0084,0.0084,0,0.97,,,,,,,,,,,,,,,,,,,,,,109.4,29.33,,51.42,13.78,,,,,0.21,,2.32,,,,15.17,,,,,,2.32,,,,,,,,17.7,,,,,,,,,,,,,,,,,,,,,,,,,,,,,,,,,,,,,,,,,,,,,,
North and Central America,GRD,Grenada,2015,0,0,100,0,17.7,1.28,34,17.49,0.21,0.21,,0,2.32,,,0.18,0,,,,,,55,40,40,0,54.80225989,,0.96195,0.0084,0.0084,0,0.97,,,,,,,,,,,,,,,,,,,,,,109.4,29.33,,51.42,13.78,,,,,0.21,,2.32,,,,15.17,,,,,,2.32,,,,,,,,17.7,,,,,,,,,,,,,,,,,,,,,,,,,,,,,,,,,,,,,,,,,,,,,,
North and Central America,GRD,Grenada,2020,0,0,100,0,17.7,1.28,34,17.49,0.21,0.21,,0,2.32,,,0.18,0,,,,,,55,40,40,0,54.80225989,,0.96195,0.0084,0.0084,0,0.97,,,,,,,,,,,,,,,,,,,,,,109.4,29.33,,51.42,13.78,,,,,0.21,,2.32,,,,15.17,,,,,,2.32,,,,,,,,,,,,,,,,,,,,,,,,,,,,,,,,,,,,,,,,,,,,,,,,,,,,,,
"Africa, Espace COMIFAC",GNQ,Equatorial Guinea,1990,0,0,100,0,2699.15,0,2805,2699.16,0,0,0,0,,,,26.06,,,,,,,165,165,165,0,165,0,445.3614,0,0,0,445.35975,0,,,,,,,,,,,,,,,,,,,,,214.5,51.48,,100.82,24.2,,2.1,65,30,,,,,,,2699.15,,,,,,,,,0,0,0,0,2699.15,0,2557.15,3,138,1,0,no,yes,yes,yes,yes,no,no,no,no,no,,,,,,,,,,,,,,,,,,,,,,,,,,,,,,,
"Africa, Espace COMIFAC",GNQ,Equatorial Guinea,2000,0,0,100,0,2615.58,0,2805,2490.58,125,125,,0,,,,25.34,,,,,,,165,165,165,0,165,0,410.9457,20.625,20.625,0,431.5707,0,,,,,,,,,,,,,,,,,,,,,214.5,51.48,,100.82,24.2,,2.1,65,30,,,274,,866,,1475.58,,,,,,274,,,0,0,0,0,2615.58,0,1760.58,173,680,2,0,no,yes,yes,yes,yes,no,no,no,no,no,,,,,,,,,,,,,,,,,,,,,,,,,,,,,,,
"Africa, Espace COMIFAC",GNQ,Equatorial Guinea,2010,0,0,100,0,2532.01,0,2805,2407.01,125,125,,0,,,,24.98,,,,,,,165,165,165,0,165,0,397.15665,20.625,20.625,0,417.78165,0,,,,,,,,,,,,,,,,,,,,,214.5,51.48,,100.82,24.2,,2.1,65,30,,,274,,866,,1392.01,,,,,,274,,,0,0,0,0,2532.01,0,2104.01,36,335,57,0,no,yes,yes,yes,yes,no,no,no,no,no,,,,,,,,,,,,,,,,,,,,,,,,,,,,,,,
"Africa, Espace COMIFAC",GNQ,Equatorial Guinea,2015,0,0,100,0,2490.22,0,2805,2365.22,125,125,,0,,,,24.61,,,,,,,165,165,165,0,165,0,390.2613,20.625,20.625,0,410.8863,0,,,,,,,,,,,,,,,,,,,,,214.5,51.48,,100.82,24.2,,2.1,65,30,,,274,,866,,1350.22,,,,,,274,,,0,0,0,0,2490.22,0,,,,,2490.22,no,yes,yes,yes,yes,no,no,no,no,no,,,,,,,,,,,,,,,,,,,,,,,,,,,,,,,
"Africa, Espace COMIFAC",GNQ,Equatorial Guinea,2020,0,0,100,0,2448.42,0,2805,2323.43,125,125,,0,,,,24.25,,,,,,,165,165,165,0,165,0,383.36595,20.625,20.625,0,403.9893,0,,,,,,,,,,,,,,,,,,,,,214.5,51.48,,100.82,24.2,,2.1,65,30,,,274,,866,,1308.42,,,,,,274,,,,,,,,,,,,,,no,yes,yes,yes,yes,no,no,no,no,no,,,,,,,,,,,,,,,,,,,,,,,,,,,,,,,
Oceania,GUM,Guam,1990,0,0,100,0,24,0,54,24,0,0,0,0,,,,,,,,,,,,,,,69.58333333,,,,,,1.67,,,,,,,,,,,,,,,,,,,,,,116.67,33.33,,59.17,15.83,,,,,,,,,,,24,,,,,,,,,,,,,,24,,,,,,,,,,,,,,,,,,,,,,,,,,,,,,,,,,,,,,,,,,,,,,
Oceania,GUM,Guam,2000,0,0,100,0,24,0,54,24,0,0,0,0,,,,,,,,,,,,,,,69.58333333,,,,,,1.67,,0.39,0.22,0.13,0.12,0.1,0.1,0.09,0.08,0.08,0.05,0.31,1.67,,,,,,,,1.67,116.67,33.33,,59.17,15.83,,,,,,,,,,,24,,,,,,,,,,,,,,24,,,,,,,,,,,,,,,,,,,,,,,,,,,,,,,,,,,,,,,,,,,,,,
Oceania,GUM,Guam,2010,0,0,100,0,24,0,54,24,0,0,0,0,,,,,,,,,,,,,,,69.58333333,,,,,,1.67,,0.39,0.22,0.13,0.12,0.1,0.1,0.09,0.08,0.08,0.05,0.31,1.67,,,,,,,,1.67,116.67,33.33,,59.17,15.83,,,,,,,,,,,24,,,,,,,,,,,,,,24,,,,,,,,,,,,,,,,,,,,,,,,,,,,,,,,,,,,,,,,,,,,,,
Oceania,GUM,Guam,2015,0,0,100,0,25,0,54,25,0,0,0,0,,,,,,,,,,,,,,,66.8,,,,,,1.67,,0.39,0.22,0.13,0.12,0.1,0.1,0.09,0.08,0.08,0.05,0.31,1.67,,,,,,,,1.67,112,32,,56.8,15.2,,,,,,,,,,,25,,,,,,,,,,,,,,25,,,,,,,,,,,,,,,,,,,,,,,,,,,,,,,,,,,,,,,,,,,,,,
Oceania,GUM,Guam,2020,0,0,100,0,28,0,54,28,0,0,0,0,,,,,,,,,,,,,,,,,,,,,,,,,,,,,,,,,,,,,,,,,,,,,,,,,,,,,,,,,,28,,,,,,,,,,,,,,,,,,,,,,,,,,,,,,,,,,,,,,,,,,,,,,,,,,,,,,,,,,,,
"International Tropical Timber Organization, South America",GUY,Guyana,1990,0,0,100,0,18602.15,0,19685,18602.15,0,0,0,0,9477,0,0,81,0,,,,,,383.81,0,0,0,383.81,0,7139.691192,0,0,0,7139.691192,0,,,,,,,,,,,,,,,,,,,,,498.96,115.38,19.87,234.51,54.23,9.34,3.64,94.16,30,18473.39,,,,,,128.76,18473.39,,,,,151,16773,151,0,0,0,0,18473.39,128.76,18473.39,0,0,0,0,yes,yes,no,yes,no,yes,no,yes,no,yes,16660,,,,,,,,,,,,,,,,,,,,,,,,,,,,,,
"International Tropical Timber Organization, South America",GUY,Guyana,2000,0,0,100,0,18564.22,0,19685,18564.22,0,0,0,0,9477,0,0,81,0,,,,,,383.81,0,0,0,383.81,0,7125.133278,0,0,0,7125.133278,0,,,,,,,,,,,,,,,,,,,,,498.96,115.38,19.87,234.51,54.23,9.34,3.64,94.16,30,16622,,151,,,,1791.22,16471,151,151,151,,151,16773,151,0,0,0,0,18452.12,112.1,18452.12,0,0,0,0,yes,yes,no,yes,no,yes,no,yes,no,yes,16622,,,,,,,,,,,,,,,,,,,,,,,,,,,,,,
"International Tropical Timber Organization, South America",GUY,Guyana,2010,0,0,100,0,18519.81,0,19685,18519.81,0,0,0,0,9477,0,0,81,0,,,,,,383.81,0,0,0,383.81,0,7108.088276,0,0,0,7108.088276,0,,,,,,,,,,,,,,,,,,,,,498.96,115.38,19.87,234.51,54.23,9.34,3.64,94.16,30,12417,,405,,,,5697.81,12417,405,405,405,5576.47,405,15909,405,2489.47,0,0,2489.47,15909,121.34,15909,0,0,0,0,yes,yes,no,yes,no,yes,no,yes,no,yes,12417,13.38,,,0,,,12.85,,,0.53,,,0,,,,,,,,,,,,,,,,,
"International Tropical Timber Organization, South America",GUY,Guyana,2015,0,0,100,0,18461.36,0,19685,18461.36,0,0,0,0,9477,0,0,275.88,0,,,,,,383.81,0,0,0,383.81,0,7085.654582,0,0,0,7085.654582,0,,,,,,,,,,,,,,,,,,,,,498.96,115.38,19.87,234.51,54.23,9.34,3.64,94.16,30,12249,,1091,,,,5121.36,12249,1091,1091,,5143,1091,15900,1091,2552.36,0,0,2552.36,15909,0,9285.54,1971.11,4643.35,,9,yes,yes,no,yes,no,yes,no,yes,no,yes,12249,15.23,,,0,,,14.77,,,0.46,,,0,,,,,,,,,,,,,,,,,
"International Tropical Timber Organization, South America",GUY,Guyana,2020,0,0,100,0,18415.34,0,19685,18415.34,0,0,0,0,9477,0,0,275.88,0,,,,,,383.81,0,0,0,383.81,0,7067.991645,0,0,0,7067.991645,0,,,,,,,,,,,,,,,,,,,,,498.96,115.38,19.87,234.51,54.23,9.34,3.64,94.16,30,10979,,998,,,,6438.34,12249,1091,1091,,6475.15,998,15587,998,,,,,,,,,,,,yes,yes,no,yes,no,yes,no,yes,no,yes,12566,,,,,,,,,,,,,,,,,,,,,,,,,,,,,,
Europe,IMN,Isle of Man,1990,0,100,0,0,3.46,0,57,,,,,,,,0,0,0,,,,,,,,,,,,,,,,,,,,,,,,,,,,,,,,,,,,,,,,,,,,,,,0,0,0,0,3.46,0,0,,3.46,,3.46,,,,,0,0,0,0,3.46,0,3.46,0,0,0,0,no,,,,,,,,,yes,,,,,,,,,,,,,,,,,,,,,,,,,,,,,,,
Europe,IMN,Isle of Man,2000,0,100,0,0,3.46,0,57,,,,,,,,0,0,0,,,,,,,,,,,,,,,,,,,,,,,,,,,,,,,,,,,,,,,,,,,,,,,0,0,0,0,3.46,0,0,,3.46,,3.46,,,,,0,0,0,0,3.46,0,3.46,0,0,0,0,no,,,,,,,,,yes,,,,,,,,,,,,,,,,,,,,,,,,,,,,,,,
Europe,IMN,Isle of Man,2010,0,100,0,0,3.46,0,57,,,,,,,,0,0,0,,,,,,,,,,,,,,,,,,,,,,,,,,,,,,,,,,,,,,,,,,,,,,,0,0,0,0,3.46,0,0,,3.46,,3.46,,,3.46,,0,0,0,0,3.46,0,3.46,0,0,0,0,no,,,,,,,,,yes,3.46,,,,,,,,,,,,,,,,,,,,,,,,,,,,,,
Europe,IMN,Isle of Man,2015,0,100,0,0,3.46,0,57,,,,,,,,0,0,0,,,,,,,,,,,,,,,,,,,,,,,,,,,,,,,,,,,,,,,,,,,,,,,0,0,0,0,3.46,0,0,,3.46,,3.46,,,3.46,,0,0,0,0,3.46,0,3.46,0,0,0,0,no,,,,,,,,,yes,3.46,,,,,,,,,,,,,,,,,,,,,,,,,,,,,,
Europe,IMN,Isle of Man,2020,0,100,0,0,3.46,0,57,,,,,,,,0,0,0,,,,,,,,,,,,,,,,,,,,,,,,,,,,,,,,,,,,,,,,,,,,,,,0,0,0,0,3.46,0,0,,3.46,,3.46,,,3.46,,,,,,,,,,,,,no,,,,,,,,,yes,3.46,,,,,,,,,,,,,,,,,,,,,,,,,,,,,,
"International Tropical Timber Organization, Africa",GHA,Ghana,1990,0,0,100,0,9924.26,0,22754,9874.26,50,50,25,0,395,,,16.8,0,,,,,,61.99958275,175,175,0,62.56889682,,612.2,8.75,8.75,0,620.95,0,59.84,51.95,35.99,29.97,23.3,19.12,17.13,16.62,15.23,14.26,337.54,620.95,,,,,,,,620.95,106.02,21.25,,49.83,9.99,,,,,3471.42,352.5,1413,89.01,4598.33,0,0,,,,,,1413,1212,1212,0,0,0,0,9924.26,0,,,,,9924.26,yes,yes,no,yes,no,yes,no,yes,no,yes,,2.5,,,,,,,,,,,,,,,,,,,,,,,,,,,,,
"International Tropical Timber Organization, Africa",GHA,Ghana,2000,0,0,100,0,8848.61,0,22754,8798.61,50,50,25,0,395,,,13.8,0,,,,,,55.09165652,175,175,0,55.76921121,,484.73,8.75,8.75,0,493.48,0,42.86,40,20.93,20.64,12.51,11.02,11.09,10.27,10.3,10.09,303.77,493.48,,,,,,,,493.48,113.58,22.77,,53.38,10.7,,,,,2373.19,352.5,1352,72.83,4698.09,0,,,,,,,1352,1212,1212,0,0,0,0,8848.61,,,,,,8848.61,yes,yes,no,yes,no,yes,no,yes,no,yes,,2,,,,,,,,,,,,,,,,,,,,,,,,,,,,,
"International Tropical Timber Organization, Africa",GHA,Ghana,2010,0,0,100,0,7942.93,0,22754,7722.95,219.98,219.98,109.99,0,395,,,11,0,,,,,,46.26082002,175.0159105,175.0159105,0,49.82670123,,357.27,38.5,38.5,0,395.77,0,25.28,23.71,12.25,12.08,7.2,6.3,6.34,5.85,5.87,5.75,285.14,395.77,,,,,,,,395.77,98.51,19.95,,46.3,9.38,,,,,2823.58,352.5,1487,57.04,3222.81,0,,,,,,,1487,2250.04,1375.02,0,0,0,0,7942.93,,,,,,7942.93,yes,yes,no,yes,no,yes,no,yes,no,yes,,,,,,,,,,,,,,,,,,,,,,,,,,,,,,,
"International Tropical Timber Organization, Africa",GHA,Ghana,2015,0,0,100,0,7880.44,0,22754,7619.99,260.45,260.45,130.225,0,395,,,11,0,,,,,,42.48299538,142.2537915,142.2537915,0,45.78043866,,323.72,37.05,37.05,0,360.77,0,15.71,15.19,8.03,7.93,4.88,4.32,4.35,4.04,4.05,3.98,288.29,360.77,,,,,,,,360.77,90.32,18.31,,42.45,8.6,,,,,5575.67,352.5,1469,53.67,429.6,0,,,,,,,1469,1990.04,1375.02,0,0,0,0,7880.43,,,,,,7880.43,yes,yes,no,yes,no,yes,no,yes,no,yes,,3.55,,,,,,,,,,,,,,,,,,,,,,,,,,,,,
"International Tropical Timber Organization, Africa",GHA,Ghana,2020,0,0,100,0,7985.71,0,22754,7688.61,297.1,297.1,148.55,0,385,,,11,0,,,,,,44.91709165,165.0622686,165.0622686,0,49.38821971,,345.35,49.04,49.04,0,394.4,0,12.92,12.62,6.61,6.52,3.96,3.49,3.52,3.26,3.27,3.21,335.02,394.4,,,,,,,,394.4,96.64,19.65,,45.42,9.23,,,,,5907.51,352.5,1425,53.67,247.03,0,0,,,,,,1425,1990.04,1245,,,,,,,,,,,,yes,yes,no,yes,no,yes,no,yes,no,yes,,,,,,,,,,,,,,,,,,,,,,,,,,,,,,,
South America,GUF,French Guyana,1990,0,0,100,0,8125,14.24,8220,8124.3,0.7,0.7,0.5,0,8021,,0,58.6,,0,2.6,18.1,10.2,3.1,330,330,330,,330,16,2681.019,0.231,0.231,0,2681.25,0.22784,250.96,189.42,186.83,163.45,139.81,102.65,87.06,64.79,49.44,45.08,1401.76,2681.25,,,,,,,,2681.25,365,87.6,30,171.57,41.18,12.25,3,100.2,100,0,0,0,0,8125,0,,,,,,,,,,53.55,,30,,8071.45,,8071.45,0,0,0,0,yes,yes,yes,yes,yes,yes,yes,yes,yes,yes,,0.08,,,0.05,,,0.02,,,,,,,,,,,,,,,,,,,,,,,
South America,GUF,French Guyana,2000,0,0,100,0,8079.44,16.73,8220,8078.74,0.7,0.7,0.5,0,7889,,0,54.5,,0,3,21,11.9,3.6,330,330,330,,330,16,2665.9842,0.231,0.231,0,2666.2152,0.26768,249.56,188.36,185.79,162.54,139.02,102.08,86.57,64.42,49.16,44.83,1393.89,2666.22,,,,,,,,2666.22,365,87.6,30,171.57,41.18,12.25,3,100.2,100,0,0,0,0,8079.44,0,0,289.76,371.23,626.77,,,327.74,720.82,280.31,65.35,,30,,8014.09,0,7344.67,0,0,669.42,0,yes,yes,yes,yes,yes,yes,yes,yes,yes,yes,,0.08,,,0.06,,,0.02,,,,,,,,,,,,,,,,,,,,,,,
South America,GUF,French Guyana,2010,0,0,100,0,8036.5,19.32,8220,8035.8,0.7,0.7,0.5,0,7694,,0,59.2,,0,6.1,16.2,16,7.2,330,330,330,,330,16,2651.814,0.231,0.231,0,2652.045,0.30912,248.23,187.36,184.8,161.68,138.28,101.53,86.11,64.08,48.9,44.59,1386.49,2652.05,,,,,,,,2652.05,365,87.6,30,171.57,41.18,12.25,3,100.2,100,0,0,0,0,8036.5,0,0,722.94,903.57,3216.1,,,2361.86,1586.37,282.43,72.7,,30,,7963.8,0,7294.38,0,0,669.42,0,yes,yes,yes,yes,yes,yes,yes,yes,yes,yes,4400,0.12,,,0.07,,,0.06,,,,,,,,,,,,10,5,5,,,,20,0,20,30,5,25
South America,GUF,French Guyana,2015,0,0,100,0,8020,25,8220,8019.3,0.7,0.7,0.5,0,7658,,0,63.7,,0,7.3,16.9,17.9,7.8,330,330,330,,330,16,2646.369,0.231,0.231,0,2646.6,0.4,247.72,186.97,184.42,161.35,138,101.32,85.94,63.95,48.8,44.36,1383.77,2646.6,,,,,,,,2646.6,365,87.6,30,171.57,41.18,12.25,3,100.2,100,0,0,0,0,8020,0,,749.87,935.71,3361.84,,,2445.03,2069.3,346.8,78.7,,30,,7941.3,,7271.88,0,0,669.42,0,yes,yes,yes,yes,yes,yes,yes,yes,yes,yes,4400,0.18,0.03,0.15,0.08,0.03,0.05,0.1,0,0.1,,,,0,0,0,,,,8,4,4,,,,20,0,20,28,4,24
South America,GUF,French Guyana,2020,0,0,100,0,8002.85,33.45,8220,8002.05,0.8,0.8,0.6,0,7640,,0,64.7,,0,8,23.6,17.9,8,330,330,330,,330,16,2640.6765,0.264,0.264,0,2640.9405,0.5352,247.19,186.58,184.03,161,137.71,101.1,85.75,63.81,48.69,44.26,1380.82,2640.94,,,,,,,,2640.94,365,87.6,30,171.57,41.18,12.25,3,100.2,100,0,0,0,0,8002.85,0,0,894.02,1121.63,3544.67,,,2464.9,2426.78,349.17,,,,,,,,,,,,yes,yes,yes,yes,yes,yes,yes,yes,yes,yes,4400,,,,,,,,,,,,,,,,,,,,,,,,,,,,,,
Africa,GMB,Gambia,1990,0,0,100,0,414.66,170,1012,412.88,1.78,1.78,1.78,0,13,,,36,,,,,,,34.2,34.2,34.2,,34.2,13.5,14.120496,0.060876,0.060876,0,14.181372,2.295,,,,,,,,,,,,,,,,,,,,,41.8,8.4,,20.9,4.2,,,,,,,76.06,,,,338.6,,,76.06,,,,,,,,,,,414.66,,,,,,yes,yes,yes,yes,yes,yes,yes,no,no,yes,,,,,,,,,,,,,,,,,,,,,,,,,,,,,,,
Africa,GMB,Gambia,2000,0,0,100,0,357.33,146.5,1012,355.55,1.78,1.78,1.78,0,13,,,36,,,,,,,34.2,34.2,34.2,,34.2,13.5,12.15981,0.060876,0.060876,0,12.220686,1.97775,,,,,,,,,,,,,,,,,,,,,41.8,8.4,,20.9,4.2,,,,,,,76.06,,,,281.27,,,76.06,,,,,,,,,,,357.33,,,,,,yes,yes,yes,yes,yes,yes,yes,no,no,yes,,,,,,,,,,,,,,,,,,,,,,0,1,0,1,12,0,12,13,0,13
Africa,GMB,Gambia,2010,0,0,100,0,300,123,1012,298.22,1.78,1.78,1.78,0,13,,,36,,,,,,,34.2,34.2,34.2,,34.2,13.5,10.199124,0.060876,0.060876,0,10.26,1.6605,4.57,3.61,3.29,3.28,3.15,2.68,2.54,2.27,1.81,1.78,5.22,34.2,,,,,,,,34.2,41.8,8.4,,20.9,4.2,,,,,,,76.06,,,,,270,,76.06,27,3,,,,23,2.4,2,18.6,264.4,,247.9,16.5,,,0,yes,yes,yes,yes,yes,yes,yes,no,no,yes,222,,,,,,,,,,,,,,,,,,,1,0,1,,,,42,11,31,43,11,32
Africa,GMB,Gambia,2015,0,0,100,0,271.34,111.25,1012,269.56,1.78,1.78,1.78,0,13,,,36,,,,,,,34.2,34.2,34.2,,34.2,13.5,9.218952,0.060876,0.060876,0,9.279828,1.501875,4.57,3.61,3.29,3.28,3.15,2.68,2.54,2.27,1.81,1.78,5.22,34.2,,,,,,,,34.2,41.8,8.4,,20.9,4.2,,,,,,,76.06,,,,195.28,264,,76.06,31.68,3,22.24,94.27,,,,,,,271.34,,,,,,yes,yes,yes,yes,yes,yes,yes,no,no,yes,222,0.26,0.05,0.21,,,,0.26,0.05,0.21,,,,0.26,0.05,0.21,,,,1,0,1,,,,28,9,19,28,9,19
Africa,GMB,Gambia,2020,0,0,100,0,242.67,99.5,1012,240.89,1.78,1.78,1.78,0,13,,,36,,,,,,,34.2,34.2,34.2,,34.2,13.5,8.238438,0.060876,0.060876,0,8.299314,1.34325,,,,,,,,,,,,,,,,,,,,,41.8,8.4,,20.9,4.2,,,,,,,,,,,242.67,,,,,,22.24,94.27,,,,,,,,,,,,,yes,yes,yes,yes,yes,yes,yes,no,no,yes,222,,,,,,,,,,,,,,,,,,,,,,,,,,,,,,
"Asia, International Tropical Timber Organization, Montreal Process",JPN,Japan,1990,0,50,0,50,24950,0,36456,14663,10287,0,0,10287,3764,1159,149,,,,346,,145,,,,,,124.7695391,,,,,,3113,,,,,,,,,,,,,,,,,,,,,,74,19,,37,9,,,,,0,0,0,0,0,24950,0,,,,,,,24950,,14597,,,,10354,-1,8611,0,0,1743,0,no,yes,yes,yes,,yes,,no,,yes,,107.5,,,,,,,,,,,,,,,26,2,24,147,14,133,1190,128,1062,,,,,,
"Asia, International Tropical Timber Organization, Montreal Process",JPN,Japan,2000,0,50,0,50,24876,0,36456,14545,10331,0,0,10331,4054,1197,153,,,,286,,204,,,,,,154.9284451,,,,,,3854,,,,,,,,,,,,,,,,,,,,,,89,23,,44,11,,,,,0,0,0,0,0,24876,0,,,,,,,24876,,14463,,,,10412,1,8879,0,0,1533,0,no,yes,yes,yes,,yes,,no,,yes,,67.15,,,,,,,,,,,,,,,40,7,33,161,48,112,536,185,351,,,,,,
"Asia, International Tropical Timber Organization, Montreal Process",JPN,Japan,2010,0,50,0,50,24966,0,36456,14674,10292,0,0,10292,4770,1183,158,,,,247,,246,,123.9607469,279.9261562,0,279.9261562,188.2560282,,1819,2881,0,2881,4700,,1662,637,404,219,196,64,45,18,,,1454,4699,,,,,,,,4699,105,27,,52,14,,,,,0,0,0,0,0,24966,0,,,,,,4421,24966,,14799,,,322,10168,-1,8847,0,0,1321,0,no,yes,yes,yes,,yes,,no,,yes,12006,68.55,,,,,,,,,,,,,,,28,10,18,108,35,73,424,147,277,,,,,,
"Asia, International Tropical Timber Organization, Montreal Process",JPN,Japan,2015,0,50,0,50,24944,0,36456,14726,10218,0,0,10218,5170,1183,162,,,,230,,256,,128.7518674,312.9770992,0,312.9770992,204.2174471,,1896,3198,0,3198,5094,,1852,719,404,225,218,71,48,19,,,1539,5095,,,,,,,,5095,111,29,,55,14,,,,,0,0,0,0,0,24944,0,,21173,,3729,,4472,24944,,14699,,,316,10245,0,9095,0,0,1150,0,no,yes,yes,yes,,yes,,no,,yes,12184,63.66,,,,,,,,,,,,,,,20,7,13,89,32,58,478,169,309,,,,,,
"Asia, International Tropical Timber Organization, Montreal Process",JPN,Japan,2020,0,50,0,50,24935,0,36456,14751,10184,0,0,10184,5346,1185,164,,,,227,,257,,,,,,,,,,,,,,,,,,,,,,,,,,,,,,,,,,,,,,,,,,,0,0,0,0,0,24935,0,,,,,,,24935,,,,,,,,,,,,,no,yes,yes,yes,,yes,,no,,yes,12234,,,,,,,,,,,,,,,,,,,,,,,,,,,,,,
"FOREST EUROPE, UNECE, Asia",GEO,Georgia,1990,0,62,0,38,2752.3,80,6949,2698.35492,53.95,53.94508,16.46943292,0,500,0,0,0,0,,,,,,,,,,153.0356429,22.5,,,,,421.2,1.8,218.3,70.2,28.7,20.4,21.6,12.1,13.8,11.8,9.2,3.5,11.6,421.2,,,,,,,,421.2,90.74,20.36,,45.37,10.18,,,,,566.4,982.87,145.32,1057.71,0,0,,,2752.3,146.73,1068.13,,146.73,,,0,0,0,0,2752.3,,2752.3,0,0,0,0,yes,yes,no,yes,no,yes,no,yes,no,no,,,,,,,,,,,,,,,,,,,,,,,,,,,,,,,
"FOREST EUROPE, UNECE, Asia",GEO,Georgia,2000,0,62,0,38,2760.6,72.1,6949,2700.69498,59.91,59.90502,16.46789,0,500,0,0,0,0,,,,,,,,,,161.3417373,22.19140083,,,,,445.4,1.6,224.7,74.7,32.4,24.6,23.6,14.6,13.8,12.7,9.2,3.5,11.6,445.4,,,,,,,,445.4,116.5,30.36,,58.25,15.18,,19.42,69.22,,566.4,1607.85,222.78,363.57,0,0,,,2760.6,223.3,364.49,,223.3,,,0,0,0,0,2760.6,,2760.6,0,0,0,0,yes,yes,no,yes,no,yes,no,yes,no,no,,2.12,,,,,,,,,,,,,,,,,,,,,,,,,,,,,
"FOREST EUROPE, UNECE, Asia",GEO,Georgia,2010,0,62,0,38,2822.4,6.9,6949,2750.4288,71.97,71.9712,16.46701056,0,500,0,0,0,0,,,,,,,,,,160.9977324,23.1884058,,,,,454.4,0.16,231.3,75.9,33.7,24.6,23.6,14.6,13.8,12.7,9.2,3.5,11.6,454.5,,,,,,,,454.5,119.34,31.1,,59.67,15.55,,18.99,67.71,,587.5,1635.42,227.77,371.71,0,0,,,2822.4,221.46,361.25,,221.46,161,,0,0,0,0,2822.4,,2661.4,0,161,0,0,yes,yes,no,yes,no,yes,no,yes,no,no,,0.69,0.09,0.6,,,,,,,,,,,,,,,,,,,,,,,,,,,
"FOREST EUROPE, UNECE, Asia",GEO,Georgia,2015,0,62,0,38,2822.4,6.9,6949,2750.43,71.97,71.97,16.47,0,500,0,0,0,0,,,,,,,,,,161.0331633,23.1884058,,,,,454.5,0.16,231.3,75.9,33.7,24.6,23.6,14.6,13.8,12.7,9.2,3.5,11.6,454.5,,,,,,,,454.5,119.34,31.1,,59.67,15.55,,18.99,67.71,,587.5,1612.9,273.7,348.3,0,0,0,,2822.4,273.7,348.3,,273.7,259.23,,0,0,0,0,2822.4,0,2655.75,0,166.65,0,0,yes,yes,no,yes,no,yes,no,yes,no,no,,1.7,,,,,,,,,,,,,,,2,0,2,34,12,22,0,,,0,,,36,,
"FOREST EUROPE, UNECE, Asia",GEO,Georgia,2020,0,62,0,38,2822.4,6.9,6949,2750.43,71.97,71.97,16.47,0,500,0,0,0,0,,,,,,,,,,161.0331633,23.1884058,,,,,454.5,0.16,231.3,75.9,33.7,24.6,23.6,14.6,13.8,12.7,9.2,3.5,11.6,454.5,,,,,,,,454.5,119.34,31.1,,59.67,15.55,,18.99,67.71,,587.5,1285.53,601.07,348.3,0,0,0,587.5,2822.4,601.07,348.3,,315.86,454.02,,,,,,,,,,,,,yes,yes,no,yes,no,yes,no,yes,no,no,,,,,,,,,,,,,,,,,,,,,,,,,,,,,,,
North and Central America,GRL,Greenland,1990,100,0,0,0,0.22,7.5,41045,0,0.22,0.22,0.22,0,0,0,0,0,0,0,0,0,0,0,,,,,,,,,,,,,,,,,,,,,,,,,,,,,,,,,,,,,,,,,,0,0,0,0,0,0.22,0,0.22,0,0,0,0.22,0,0,0,0,0,0,0,0.22,0,0.22,0,0,0,0,no,no,no,no,no,no,no,no,no,yes,0,0,0,0,0,0,0,0,0,0,0,0,0,0,0,0,0,0,0,0,0,0,0,0,0,0,0,0,0,0,0
North and Central America,GRL,Greenland,2000,100,0,0,0,0.22,7.5,41045,0,0.22,0.22,0.22,0,0,0,0,0,0,0,0,0,0,0,,,,,,,,,,,,,,,,,,,,,,,,,,,,,,,,,,,,,,,,,,0,0,0,0,0,0.22,0,0.22,0,0,0,0.22,0,0,0,0,0,0,0,0.22,0,0.22,0,0,0,0,no,no,no,no,no,no,no,no,no,yes,0,0,0,0,0,0,0,0,0,0,0,0,0,0,0,0,0,0,0,0,0,0,0,0,0,0,0,0,0,0,0
North and Central America,GRL,Greenland,2010,100,0,0,0,0.22,7.5,41045,0,0.22,0.22,0.22,0,0,0,0,0,0,0,0,0,0,0,,,,,,,,,,,,,,,,,,,,,,,,,,,,,,,,,,,,,,,,,,0,0,0,0,0,0.22,0,0.22,0,0,0,0.22,0,0,0,0,0,0,0,0.22,0,0.22,0,0,0,0,no,no,no,no,no,no,no,no,no,yes,0,0,0,0,0,0,0,0,0,0,0,0,0,0,0,0,0,0,0,0,0,0,0,0,0,0,0,0,0,0,0
North and Central America,GRL,Greenland,2015,100,0,0,0,0.22,7.5,41045,0,0.22,0.22,0.22,0,0,0,0,0,0,0,0,0,0,0,,,,,,,,,,,,,,,,,,,,,,,,,,,,,,,,,,,,,,,,,,0,0,0,0,0,0.22,0,0.22,0,0,0,0.22,0,0,0,0,0,0,0,0.22,0,0.22,0,0,0,0,no,no,no,no,no,no,no,no,no,yes,0,0,0,0,0,0,0,0,0,0,0,0,0,0,0,0,0,0,0,0,0,0,0,0,0,0,0,0,0,0,0
North and Central America,GRL,Greenland,2020,100,0,0,0,0.22,7.5,41045,0,0.22,0.22,0.22,0,0,0,0,0,0,0,0,0,0,0,,,,,,,,,,,,,,,,,,,,,,,,,,,,,,,,,,,,,,,,,,0,0,0,0,0,0.22,0,0.22,0,0,0,0.22,0,0,0,,,,,,,,,,,,no,no,no,no,no,no,no,no,no,yes,0,,,,,,,,,,,,,,,,,,,,,,,,,,,,,,
"Asia, UNECE",ISR,Israel,1990,0,0,1,99,132,34,2164,66,66,0,0,66,0,,0,0,0,0,,0,,0,,5.9,,5.9,,,,0.3894,,0.3894,,,1.7,1.3,0.3,0.1,0.1,,,,,,,3.5,0.9,0.2,0.1,0.1,0.1,,1.4,4.9,7.6,1.9,0.08,3.57,0.89,0.04,0.01,0.95,,0,,27,,82,,23,,,,,,27,,,,,,,,132,,,,,,no,yes,no,yes,no,no,no,no,no,yes,,4,,,,,,,,,0,,,,,,,,,,,,,,,,,,,,
"Asia, UNECE",ISR,Israel,2000,0,0,1,99,153,33,2164,65,88,0,0,88,0,,0,0,0,0,,0,,0,,5.6,,5.6,,,,0.4928,,0.4928,,,1.3,1.3,0.3,0.1,0.1,,,,,,,3.1,1,0.2,0.1,0.1,0.1,,1.5,4.6,7.3,1.8,0.09,3.43,0.85,0.04,0.01,0.9,,0,,27,,101,,25,,,,,,27,,,,,,,,153,,,,,,no,yes,no,yes,no,no,no,no,no,yes,,3,,,,,,,,,0,,,,,,,,,,,,,,,,,,,,
"Asia, UNECE",ISR,Israel,2010,0,0,1,99,154,33,2164,66,88,0,0,88,0,,0,0,0,0,,0,,0,,5.8,,5.8,,,,0.5104,,0.5104,,,1.3,1.3,0.3,0.1,0.1,,,,,,,3.1,1.2,0.2,0.1,0.1,0.1,,1.7,4.8,7.5,1.8,0.08,3.53,0.85,0.04,0.01,0.9,,0,,27,,99,,28,,,,,,28,,,118,3,115,,36,0,0,,,,36,no,yes,no,yes,no,no,no,no,no,yes,80,1,,,,,,,,,0,,,,,,,,,,,,,,,,,,,,
"Asia, UNECE",ISR,Israel,2015,0,0,1,99,165,60,2164,76,89,0,0,89,0,,0,0,0,0,1,0,4,0,,5.9,,5.9,,,,0.5251,,0.5251,,,,,,,,,,,,,,,,,,,,,,,7.69,1.8,0.08,3.61,0.85,0.04,0.01,0.9,,0,15,26,6,118,,0,,,,,,36,,,129,2,1,,36,0,0,,,,36,no,yes,no,yes,no,no,no,no,no,yes,80,1,0.2,0.8,,,,,,,0,,,,,,1,,,6,1,5,30,10,20,,,,37,11,25
"Asia, UNECE",ISR,Israel,2020,0,0,1,99,140,70,2164,55,85,0,0,85,0,1.89,0,0,0,0,1,0,4,0,,,,,,,,,,,,,,,,,,,,,,,,,,,,,,,,,,,,,,,,,,0,12,34,3.5,90.5,,0,,,,,,30,39,,,,,,,,,,,,,no,yes,no,yes,no,no,no,no,no,yes,80,,,,,,,,,,,,,,,,,,,,,,,,,,,,,,
"ASEAN, International Tropical Timber Organization, Asia",IDN,Indonesia,1990,0,0,100,0,118545,22627,187752,118399.51,145.49,145.49,,0,59743,,,3554,,,0,21993,,4514,124.4,141.6,141.6,0,124.4211059,,14728.89904,20.601384,20.601384,0,14749.5,,1832,523,497,187,155,182,113,128,113,116,10903.5,14749.5,0,0,0,0,0,,0,14749.5,161.73,38.82,,76.01,18.24,,,,,62342,24301,16415,0,0,0,15487,82835,29863,19672,,,48555.56,1922,,,,,,103058,15487,61201.1,0,0,0,41856.9,yes,yes,yes,yes,yes,yes,yes,yes,no,yes,110990.86,,,,,,,,,,,,,,,,,,,,,,1757,,,580,,,2337,,
"ASEAN, International Tropical Timber Organization, Asia",IDN,Indonesia,2000,0,0,100,0,101280,24125.8,187752,97432,3848,3848,,0,52728,,,3486,,,0,25664,,7416,137.42,141.6,141.6,0,137.5788902,,13389.10544,544.8768,544.8768,0,13933.99,,1702,486,462,173,144,170,105,119,105,108,10359.99,13933.99,0,0,0,0,0,,0,13933.99,178.33,42.81,,83.82,20.12,,,,,51628,23272,15324,0,0,0,11056,71159,27986,18134,,,47183.84,18146.42,,488.2,,,,86422,14369.8,44447.52,49.8,0,24.6,41900.08,yes,yes,yes,yes,yes,yes,yes,yes,no,yes,72040,136.4,,,,,,,,,,,,,,,83,,,472,,,2898,,,602,,,4055,,
"ASEAN, International Tropical Timber Organization, Asia",IDN,Indonesia,2010,0,0,100,0,99659.2,24780.97,187752,95472.7,4186.5,4186.5,,0,45597,,,3018,,,0,26306,,9425,137.96,141.6,141.6,0,138.1128887,,13171.41369,592.8084,592.8084,0,13764.22,,4769,1440,642,0,0,551,978,1240,389,0,3755.22,13764.22,0,0,0,0,0,,0,13764.22,179.01,42.98,,84.13,20.2,,,,,49680,22667,15144,0,0,0,12168.2,80739.5,31131.4,20554.4,,,52907.35,20901.03,,1776,,,,82095.18,15788.02,46450.23,0,0,101.71,35543.24,yes,yes,yes,yes,yes,yes,yes,yes,no,yes,79831.28,47.9,,,,,,,,,,,,,,,91,18,73,1126,286,840,5031,1542,3489,1022,418,604,7270,2264,5006
"ASEAN, International Tropical Timber Organization, Asia",IDN,Indonesia,2015,0,0,100,0,95027.9,22430.9,187752,90359.5,4668.4,4668.4,,0,45168.4,,,2894.8,,,0,26589,,12452.6,137.96,141.6,141.6,0,138.1437452,,12465.99662,661.04544,661.04544,0,13127.51,,1282,433,543,336,377,553,473,352,757,267,7754.51,13127.51,0,0,0,0,0,,0,13127.51,178.95,42.97,,84.11,20.19,,,,,45183.3,24020.7,17421.7,0,0,0,8402.2,68991.5,29673.4,21897.6,,,51782.01,22108.63,,1033.4,,,,86625.6,7368.9,46628.99,0,17.89,87.34,39891.38,yes,yes,yes,yes,yes,yes,yes,yes,no,yes,80119.18,41.58,,,,,,,,,,,,,,,183,62,121,2378,776,1602,6157,2144,4013,1161,539,622,9879,3521,6358
"ASEAN, International Tropical Timber Organization, Asia",IDN,Indonesia,2020,0,0,100,0,92133.2,23576.9,187752,87607.5,4525.7,4525.7,,0,44740,,,2807,,,0,24198,,18332,137.96,141.6,141.6,0,138.1388034,,12086.3307,640.83912,640.83912,0,12727.17,,1637,420,513,324,393,566,470,381,389,0,7634.17,12727.17,0,0,0,0,0,,0,12727.17,178.95,42.97,,84.11,20.19,,,,,43019.1,23776.4,17199.2,0,0,0,8138.5,66372.3,29469.1,21824.2,,,51770.15,22108.83,,,,,,,,,,,,,yes,yes,yes,yes,yes,yes,yes,yes,no,yes,78662.3,,,,,,,,,,,,,,,,,,,,,,,,,,,,,,
"Oceania, International Tropical Timber Organization",FJI,Fiji,1990,0,0,100,0,939.69,0,1827,854.92,84.77,84.77,84.77,0,0,,,48.15,0,34.56,,,,,220,223.15,223.15,0,220.2854133,,188.0824,18.9164255,18.9164255,0,207,,,,,,,,,,,,,,,,,,,,,,205.91,49,,96.78,23.03,,,,,,,,,,,939.69,,,,,,,,,874.52,65.77,0,808.75,57.1,8.07,57.1,0,0,0,0,yes,yes,no,yes,no,yes,no,no,no,no,,,,,,,,,,,,,,,,,,,,,,,,,,,,,,,
"Oceania, International Tropical Timber Organization",FJI,Fiji,2000,0,0,100,0,1006.47,0,1827,880.99,125.48,125.48,125.48,0,0,,,48.15,0,48.15,,,,,220,223.15,223.15,0,220.3940505,,193.8178,28.000862,28.000862,0,221.82,,1.54,1.39,1.05,0.99,0.94,0.59,0.43,0.4,0.34,0.33,213.82,221.82,,,,,,,,221.82,204.73,48.55,,96.22,22.82,,,,,,,,,,,1006.47,,,,,,,,,878.52,66.07,0,812.45,57.36,70.59,57.36,0,0,0,0,yes,yes,no,yes,no,yes,no,no,no,no,,,,,,,,,,,,,,,,,,,,,,,,,,,,,,,
"Oceania, International Tropical Timber Organization",FJI,Fiji,2010,0,0,100,0,1073.24,0,1827,907.06,166.18,166.18,166.18,0,0,,,48.15,0,48.15,,,,,220,223.15,223.15,0,220.4819053,,199.5532,37.083067,37.083067,0,236.63,,,,,,,,,,,,,,,,,,,,,,203.7,48.17,,95.74,22.64,,,,,,,,,,,1073.24,,,,,,,,,882.52,66.37,0,816.14,57.61,133.11,57.61,0,0,0,0,yes,yes,no,yes,no,yes,no,no,no,no,,,,,0.52,,,0.18,,,,,,0.05,,,,,,,,,,,,,,,,,
"Oceania, International Tropical Timber Organization",FJI,Fiji,2015,0,0,100,0,1106.62,0,1827,920.09,186.53,186.53,186.53,0,0,,,48.15,0,48.15,,,,,220,223.15,223.15,0,220.5273716,,202.4198,41.6241695,41.6241695,0,244.04,,,,,,,,,,,,,,,,,,,,,,203.23,47.99,,95.52,22.56,,,,,,,,,,,1106.62,,,,,,,,,884.52,66.52,0,817.99,57.75,164.35,57.75,0,0,0,0,yes,yes,no,yes,no,yes,no,no,no,no,,,,,,,,,,,,,,,,,,,,,,,,,,,,,,,
"Oceania, International Tropical Timber Organization",FJI,Fiji,2020,0,0,100,0,1140.02,0,1827,933.14,206.88,206.88,206.88,0,0,,,48.15,0,48.15,,,,,220,223.15,223.15,0,220.5750776,,205.2908,46.165272,46.165272,0,251.46,,,,,,,,,,,,,,,,,,,,,,202.79,47.82,,95.31,22.48,,,,,,,,,,,1140.02,,,,,,,,,,,,,,,,,,,,yes,yes,no,yes,no,yes,no,no,no,no,,,,,,,,,,,,,,,,,,,,,,,,,,,,,,,
Europe,GIB,Gibraltar,1990,0,100,0,0,0,0,1,0,0,0,0,0,0,0,0,0,0,,,,,,0,0,0,0,0,0,0,0,0,0,0,0,,,,,,,,,,,,,,,,,,,,,0,0,0,0,0,0,0,0,,0,0,0,0,0,0,0,,,,,,0,0,0,0,0,0,0,0,0,0,0,0,0,0,no,,,,,,,,,no,,,,,,,,,,,,,,,,,,,,,,,,,,,,,,,
Europe,GIB,Gibraltar,2000,0,100,0,0,0,0,1,0,0,0,0,0,0,0,0,0,0,,,,,,0,0,0,0,0,0,0,0,0,0,0,0,,,,,,,,,,,,,,,,,,,,,0,0,0,0,0,0,0,0,,0,0,0,0,0,0,0,,,,,,0,0,0,0,0,0,0,0,0,0,0,0,0,0,no,,,,,,,,,no,,,,,,,,,,,,,,,,,,,,,,,,,,,,,,,
Europe,GIB,Gibraltar,2010,0,100,0,0,0,0,1,0,0,0,0,0,0,0,0,0,0,,,,,,0,0,0,0,0,0,0,0,0,0,0,0,,,,,,,,,,,,,,,,,,,,,0,0,0,0,0,0,0,0,,0,0,0,0,0,0,0,,,,,,0,0,0,0,0,0,0,0,0,0,0,0,0,0,no,,,,,,,,,no,,,,,,,,,,,,,,,,,,,,,,,,,,,,,,,
Europe,GIB,Gibraltar,2015,0,100,0,0,0,0,1,0,0,0,0,0,0,0,0,0,0,,,,,,0,0,0,0,0,0,0,0,0,0,0,0,,,,,,,,,,,,,,,,,,,,,0,0,0,0,0,0,0,0,,0,0,0,0,0,0,0,,,,,,0,0,0,0,0,0,0,0,0,0,0,0,0,0,no,,,,,,,,,no,,,,,,,,,,,,,,,,,,,,,,,,,,,,,,,
Europe,GIB,Gibraltar,2020,0,100,0,0,0,0,1,0,0,0,0,0,0,0,0,0,0,,,,,,0,0,0,0,0,0,0,0,0,0,0,0,,,,,,,,,,,,,,,,,,,,,0,0,0,0,0,0,0,0,,0,0,0,0,0,0,0,,,,,,0,0,0,,,,,,,,,,,,no,,,,,,,,,no,,,,,,,,,,,,,,,,,,,,,,,,,,,,,,,
"FOREST EUROPE, UNECE, EU-27, Europe, International Tropical Timber Organization",ITA,Italy,1990,0,32,0,68,7589.75,1533.33,29414,7061.01,528.75,131.1,123.84,397.65,93,99,0,0,0,0,2527.63,0,109.98,0,109.7,134.3,81.3,151.9,111.5,,774.592797,71.011125,10.65843,60.403035,846.257125,,148.46,138.54,96.78,57.67,56.49,,,,25.92,,322.39,846.25,,,,,,,,846.25,84.5,20.8,4.7,42.3,10.4,2.4,3.2,81.7,30,294.55,,93,,,,7202.2,4650.48,6973,645,,,645,,,5041,4442,599,,2548,0.75,,,,,2548,no,yes,yes,yes,yes,yes,yes,yes,yes,yes,7458.7,36.1,,,,,,,,,,,,,,,,,,,,,,,,,,,,,
"FOREST EUROPE, UNECE, EU-27, Europe, International Tropical Timber Organization",ITA,Italy,2000,0,32,0,68,8369.25,1649.78,29414,7773.74,595.51,125.45,103.67,470.06,93,76,0,0,0,0,2628.63,0,115.86,0,126.8,122.2,91.6,131.3,126.5,,985.710232,72.771322,11.49122,61.718878,1058.710125,,187.56,179.94,113.66,74.65,72.15,,,,31.27,,364.5,1023.73,16.91,6.58,5.45,4.42,1.62,0,34.98,1058.71,95.2,23.4,5.4,47.6,11.7,2.7,3.2,81.7,30,305.84,,93,,,,7970.41,5305.28,7427,2874,,27.8,2874,,,5558,4898,660,,2811,0.25,,,,,2811,no,yes,yes,yes,yes,yes,yes,yes,yes,yes,7858.4,30.03,,,,,,,,,,,,,,,10,5,5,107,44,63,2032,788,1244,,,,2149,837,1312
"FOREST EUROPE, UNECE, EU-27, Europe, International Tropical Timber Organization",ITA,Italy,2010,0,32,0,68,9028.04,1760.62,29414,8393.77,634.26,124.53,93.43,509.73,93,54,0,0,0,0,2877.44,0,140,0,142.9,122.6,103.6,127.3,141.5,,1199.469733,77.760276,12.901308,64.888629,1277.46766,,225.82,218.81,133.11,90.67,87.23,69.32,34.96,28.52,37.01,32.44,279.7,1237.59,20.27,7.17,5.95,4.82,1.77,0,39.98,1277.57,105.3,26,6,52.7,13,3,3.2,81.7,30,317.14,,93,,,,8617.9,5960.08,7889,3265,,27.8,3265,1578,,5996,5284,712,,3032,0.04,,,,,3032,no,yes,yes,yes,yes,yes,yes,yes,yes,yes,8903.8,36.73,,,,,,,,,,,,,,,128,62,66,235,76,159,2319,787,1532,,,,2672,925,1757
"FOREST EUROPE, UNECE, EU-27, Europe, International Tropical Timber Organization",ITA,Italy,2015,0,32,0,68,9297.08,1813.24,29414,8657.44,639.64,126.44,93.28,513.2,93,54,0,0,0,0,2794.5,0,146.81,0,150.4,129,110.4,133.6,148.9,,1302.079111,82.51344442,13.9590078,68.56336182,1384.335212,,,,,,,,,,,,,,,,,,,,,,110.6,27.3,6.2,55.3,13.7,3.1,3.2,81.7,30,322.79,,93,,,,,6287.48,8124,3265,,,3265,,,,,,,,,,,,,,no,yes,yes,yes,yes,yes,yes,yes,yes,yes,9170.6,39.87,3.35,36.52,10.05,1.19,8.68,20.55,1.27,19.29,0.57,0.38,0.19,8.69,0.5,8.2,101,45,56,264,94,170,2114,656,1458,2390,522,1868,4869,1317,3552
"FOREST EUROPE, UNECE, EU-27, Europe, International Tropical Timber Organization",ITA,Italy,2020,0,32,0,68,9566.13,1865.84,29414,8921.09,644.99,128.34,93.13,516.65,93,54,0,0,0,0,2711.57,0,153.61,0,150.4,129,110.4,133.6,148.9,,1341.731936,83.20371,14.168736,69.02444,1424.396757,,,,,,,,,,,,,,,,,,,,,,110.6,27.3,6.2,55.3,13.7,3.1,3.2,81.7,30,328.44,,93,,,,9144.69,6614.88,8369,3265,,,3265,,,,,,,,,,,,,,no,yes,yes,yes,yes,yes,yes,yes,yes,yes,9437.4,,,,,,,,,,,,,,,,,,,,,,,,,,,,,,
"International Tropical Timber Organization, UNECE, EU-27, Europe, FOREST EUROPE",HRV,Croatia,1990,0,88,0,12,1850,277,5596,1757.69,92.31,92.31,27.86,0,6.73,5.95,0,0,0,0,40,0,7.2,157.8,172.67,74.07,74.07,0,167.75,10.28,303.5003323,6.8374017,6.8374017,0,310.3375,2.84756,110.87,42.96,29.79,24.1,32.97,9.77,5.58,3.12,3.55,2.5,36.44,301.65,2.23,3.68,2.17,0.13,0.1,0.38,8.69,310.34,170.5,40.55,,80.13,19.06,,,,,1624,53,25,10,138,0,0,1762,53,163,173,0,25,1266,25,450,450,0,0,1400,0,1400,0,0,0,0,no,yes,no,yes,no,yes,no,yes,no,yes,1850,14.76,1.77,12.99,,,,,,,,,,,,,6,1,5,114,32,82,21,6,15,,,,,,
"International Tropical Timber Organization, UNECE, EU-27, Europe, FOREST EUROPE",HRV,Croatia,2000,0,88,0,12,1885,415,5596,1803.4,81.6,81.6,27.31,0,6.73,8.42,0,0,0,0,40.2,0,7.2,157.6,194.77,108.69,108.69,0,191.05,10.28,351.248218,8.869104,8.869104,0,360.12925,4.2662,129.89,46.48,35.01,30.75,31.49,11.48,7.39,4.86,5.8,3.39,41.5,348.04,5.16,3.18,2.28,0.57,0.34,0.56,12.09,360.13,169.55,40.23,,79.69,18.91,,,,,1602,68,39,24,152,0,0,1754,68,191,215,0,39,1377,39,487,487,0,0,1398,0,1398,0,0,0,0,no,yes,no,yes,no,yes,no,yes,no,yes,1885,9.93,1.62,8.31,,,,,,,,,,,,,5,1,3,116,25,91,0,0,0,,,,,,
"International Tropical Timber Organization, UNECE, EU-27, Europe, FOREST EUROPE",HRV,Croatia,2010,0,88,0,12,1920,554,5596,1845.16,74.84,74.84,24.58,0,6.73,9.33,0,0,0,0,51.9,0,7.2,145.9,216.16,147.64,147.64,0,213.49,10.28,398.8497856,11.0493776,11.0493776,0,409.9008,5.69512,148.91,50,40.23,37.4,30.01,13.19,9.21,6.59,8.04,4.28,46.57,394.43,8.09,2.68,2.39,1,0.57,0.74,15.47,409.9,168.6,39.91,,79.24,18.76,,,,,1581,82,54,38,165,0,0,1746,82,219,257,0,54,1489,54,544,534,10,0,1376,0,1376,0,0,0,0,no,yes,no,yes,no,yes,no,yes,no,yes,1920,8.46,1.58,6.88,,,,,,,,,,,,,11,3,8,124,31,93,96,36,60,,,,,,
"International Tropical Timber Organization, UNECE, EU-27, Europe, FOREST EUROPE",HRV,Croatia,2015,0,88,0,12,1922,569,5596,1847.16,74.84,74.84,21.62,0,6.73,8.61,0,0,0,0,49.2,0,7.2,148.6,216.89,191.13,191.13,0,215.89,10.28,400.6305324,14.3041692,14.3041692,0,414.94058,5.84932,154.51,48.38,39.17,35.25,32.89,13.3,9.5,7.3,7.19,5.78,46.34,399.61,7.36,3.79,1.8,0.99,0.7,0.69,15.33,414.94,170.53,40.04,,80.15,18.82,,,,,1548,73,54,45,202,0,0,1750,73,256,301,0,54,1588.31,54,556,545,11,0,1366,0,1366,0,0,0,0,no,yes,no,yes,no,yes,no,yes,no,yes,1922,7.86,1.41,6.45,,,,,,,,,,,,,9,3,6,100,36,64,112,36,77,,,,,,
"International Tropical Timber Organization, UNECE, EU-27, Europe, FOREST EUROPE",HRV,Croatia,2020,0,88,0,12,1939.11,618.09,5596,1870.52,68.59,68.59,18.95,0,6.73,7.9,0,0,0,0,50,0,7.2,147.8,221.77,180.98,180.98,0,220.32,10.28,414.8252204,12.4134182,12.4134182,0,427.2247152,6.3539652,160.72,48.24,39.59,34.65,33.71,13.61,10.03,7.92,6.83,6.82,49.69,411.81,7,4.44,1.49,0.98,0.8,0.7,15.41,427.22,174.01,41.21,,81.79,19.37,,,,,1334.41,243.78,55.2,27.38,278.34,0,0,1612.75,243.78,333.54,360.92,0,55.2,1939.11,55.2,,,,,,,,,,,,no,yes,no,yes,no,yes,no,yes,no,yes,1939.11,,,,,,,,,,,,,,,,,,,,,,,,,,,,,,
Asia,LKA,Sri Lanka,1990,0,0,100,0,2350.33,52,6271,2093.5,256.83,256.83,,0,257,0,0,9.1,183,,,,,,19.99,40,40,0,22.17560938,3,41.849065,10.2732,10.2732,0,52.12,0.156,,,,,,,,,,,,,,,,,,,,,79.22,21.27,,37.23,10,,15,,,73.83,0,0,0,2072.77,0,203.73,73.83,223,553.5,1296.27,,548.5,,,183,,,,1963.6,203.73,1963.6,0,0,0,0,yes,yes,no,yes,no,yes,no,no,no,yes,,2.48,,,,,,,,,,,,,,,2,,,20,,,30,,,80,,,132,,
Asia,LKA,Sri Lanka,2000,0,0,100,0,2166.42,52,6271,1932.59,233.83,233.83,,0,197,0,0,11.21,157,,,818,,,19.99,40,40,0,22.14713675,3,38.6324741,9.3532,9.3532,0,47.98,0.156,,,,,,,,,,,,,,,,,,,,,79.23,21.28,,37.24,10,,14.35,,,76.83,0,0,0,1941.26,0,148.33,76.83,198,556.3,1186.96,,549.26,,,157,,,,1861.09,148.33,1861.09,0,0,0,0,yes,yes,no,yes,no,yes,no,no,no,yes,,4.83,,,,,,,,,,,,,,,3,,,20,,,30,,,80,,,133,,
Asia,LKA,Sri Lanka,2010,0,0,100,0,2103.62,52,6271,1897.8,205.82,205.82,,0,167,0,0,15.69,126,401.6,7.89,971,,,19.99,40,40,0,21.94788032,3,37.937022,8.2328,8.2328,0,46.17,0.156,,,,,,,,,,,,,,,,,,,,,79.3,21.3,,37.27,10.01,,14.06,,,79.82,0,0,0,1897.8,0,126,79.82,167,594.4,1136.4,,637.26,,,116,,,,1861.62,126,1861.62,0,0,0,0,yes,yes,no,yes,no,yes,no,no,no,yes,1654.5,4.7,,,,,,,,,,,,,,,2,,,20,,,50,,,80,,,152,,
Asia,LKA,Sri Lanka,2015,0,0,100,0,2128.82,52,6271,1880.5,248.32,248.32,,0,167,0,0,20.15,137,464,8.9,1047.5,,,19.99,40,40,0,22.32222546,3,37.591195,9.9328,9.9328,0,47.52,0.156,,,,,,,,,,,,,,,,,,,,,79.17,21.25,,37.21,9.99,,13.91,,,81.32,0,0,0,1876.07,0,171.43,81.32,177,623.5,1075.57,,1241.26,,,181.57,,,,1775.82,171.43,1775.82,0,0,0,0,yes,yes,no,yes,no,yes,no,no,no,yes,1680,8.21,,,,,,2.49,,,,,,5.72,,,2,,,20,,,70,,,80,,,172,,
Asia,LKA,Sri Lanka,2020,0,0,100,0,2113.02,52,6271,1863.21,249.81,249.81,,0,167,0,0,20.15,137,464,8.07,1124,,,19.99,40,40,0,22.35662701,3,37.2455679,9.9924,9.9924,0,47.24,0.156,,,,,,,,,,,,,,,,,,,,,79.16,21.25,,37.2,9.99,,13.76,,,82.81,0,0,0,1854.34,0,175.87,82.81,177,663.5,1013.84,,1258.37,,,,,,,,,,,,,,yes,yes,no,yes,no,yes,no,no,no,yes,1750,,,,,,,,,,,,,,,,,,,,,,,,,,,,,,
North and Central America,KNA,Saint Kitts and Nevis,1990,0,0,100,0,11,2.2,26,,,,,,,,,,,,,,,,,,,,123,,,,,,1.353,,,,,,,,,,,,,,,,,,,,,,210,59,,98.7,27.73,,,,,0,0,0,0,11,0,0,,0,0,0,,,,,0,0,0,0,11,0,11,0,0,0,0,no,,,,,,,,,no,,,,,,,,,,,,,,,,,,,,,,,,,,,,,,,
North and Central America,KNA,Saint Kitts and Nevis,2000,0,0,100,0,11,2.2,26,,,,,,,,,0.01,,,,,,,,,,,123,,,,,,1.353,,,,,,,,,,,,,,,,,,,,,,210,59,,98.7,27.73,,,,,0,0,0,0,11,0,0,,0,0,0,,,,,0,0,0,0,11,0,11,0,0,0,0,no,,,,,,,,,no,,,,,,,,,,,,,,,,,,,,,,,,,,,,,,,
North and Central America,KNA,Saint Kitts and Nevis,2010,0,0,100,0,11,2.2,26,,,,,,,,,0.01,,,,,,,,,,,123,,,,,,1.353,,,,,,,,,,,,,,,,,,,,,,210,59,,98.7,27.73,,,,,0,0,0,0,11,0,0,,11,11,11,,,,,0,0,0,0,11,0,11,0,0,0,0,no,,,,,,,,,no,,,,,,,,,,,,,,,,,,,,,,,,,,,,,,,
North and Central America,KNA,Saint Kitts and Nevis,2015,0,0,100,0,11,2.2,26,,,,,,,,,0.01,,,,,,,,,,,123,,,,,,1.353,,,,,,,,,,,,,,,,,,,,,,210,59,,98.7,27.73,,,,,0,0,0,0,11,0,0,,11,11,11,,,,,0,0,0,0,11,0,11,0,0,0,0,no,,,,,,,,,no,,,,,,,,,,,,,,,,,,,,,,,,,,,,,,,
North and Central America,KNA,Saint Kitts and Nevis,2020,0,0,100,0,11,2.2,26,,,,,,,,,0.01,,,,,,,,,,,123,,,,,,1.353,,,,,,,,,,,,,,,,,,,,,,210,59,,98.7,27.73,,,,,0,0,0,0,11,0,0,,11,11,11,,,,,,,,,,,,,,,,no,,,,,,,,,no,,,,,,,,,,,,,,,,,,,,,,,,,,,,,,,
"North and Central America, International Tropical Timber Organization",HND,Honduras,1990,0,0,100,0,6987.78,1330.84,11189,6987.78,0,0,0,0,,0,0,,0,,,,,,167.9,0,0,0,167.9,,1173.248262,0,0,0,1173.248262,,,,,,,,,,,,,,,,,,,,,,105.72,38.36,11.58,52.86,19.18,5.79,1.69,,,,,,,,,6987.78,,,,,,,,,,,,,,6987.78,,,,,,no,yes,no,yes,no,yes,no,yes,no,,,,,,,,,,,,,,,,,,,,,,,,,,,,,,,,
"North and Central America, International Tropical Timber Organization",HND,Honduras,2000,0,0,100,0,6778.27,1330.84,11189,6778.87,0,0,0,0,,0,0,49.48,0,,,,,,167.9,0,0,0,167.9,,1138.172273,0,0,0,1138.071533,,,,,,,,,,,,,,,,,,,,,,105.72,38.36,11.58,52.86,19.18,5.79,1.69,,,,,,,,,,,,,,,,,,,,,,,,,,,,,no,yes,no,yes,no,yes,no,yes,no,,,,,,,,,,,,,,,,,,,,,,,,,,,,,,,,
"North and Central America, International Tropical Timber Organization",HND,Honduras,2010,0,0,100,0,6575.47,1330.84,11189,6575.47,0,0,0,0,,0,0,50.79,0,,,,,,167.9,0,0,0,167.9,,1104.021413,0,0,0,1104.021413,,,,,,,,,,,,,,,,,,,,,,105.72,38.36,11.58,52.86,19.18,5.79,1.69,,,,,,,,,6575.47,490.7,315.93,4029.72,,,,,,,,,,,6575.47,,,,,,no,yes,no,yes,no,yes,no,yes,no,,,,,,,,,,,,,,,,,,,,,,,,,,,,,,,,
"North and Central America, International Tropical Timber Organization",HND,Honduras,2015,0,0,100,0,6463.83,1330.84,11189,6463.83,0,0,0,0,,0,0,50.1,0,,,,,,167.9,0,0,0,167.9,,1085.277057,0,0,0,1085.277057,,,,,,,,,,,,,,,,,,,,,,105.72,38.36,11.58,52.86,19.18,5.79,1.69,,,,,,,,,6463.83,523.75,426.04,5056.37,,,2102.88,,,,,,,,6463.83,,,,,,no,yes,no,yes,no,yes,no,yes,no,,,10.6,,,4.41,,,2.85,,,3.34,,,,,,,,,,,,,,,,,,,,
"North and Central America, International Tropical Timber Organization",HND,Honduras,2020,0,0,100,0,6359.26,1330.84,11189,6359.26,0,0,0,0,,0,0,49.25,0,,,,,,167.9,0,0,0,167.9,,1067.719754,0,0,0,1067.719754,,,,,,,,,,,,,,,,,,,,,,105.72,38.36,11.58,52.86,19.18,5.79,1.69,,,,,,,,,6359.26,,,,,,2054.47,,,,,,,,,,,,,,no,yes,no,yes,no,yes,no,yes,no,,,,,,,,,,,,,,,,,,,,,,,,,,,,,,,,
Asia,JOR,Jordan,1990,0,0,0,100,97.5,51,8878,50.6,46.9,46.9,,0,0,,,0,0,,,,,,29.84189723,30.06396588,30.06,0,30.05128205,,1.51,1.41,1.409814,0,2.93,,,,,,,,,,,,,,,,,,,,,,56.9,15.93,,26.74,7.49,,,,,,,,,,,,,,,,,,,,,,,,,,,,,,,no,no,no,yes,yes,no,no,no,no,no,,0.44,,,,,,,,,,,,,,,,,,,,,,,,,,,,,
Asia,JOR,Jordan,2000,0,0,0,100,97.5,51,8878,50.6,46.9,46.9,,0,0,,,0,0,,,,,,29.84189723,30.06396588,30.06,0,30.05128205,,1.51,1.41,1.409814,0,2.93,,,,,,,,,,,,,,,,,,,,,,56.9,15.93,,26.74,7.49,,,,,,,,,,,,,,,,,,,,,,,,,,,,,,,no,no,no,yes,yes,no,no,no,no,no,,0.72,,,,,,,,,,,,,,,,,,,,,,,,,,,,,
Asia,JOR,Jordan,2010,0,0,0,100,97.5,51,8878,50.6,46.9,46.9,,0,0,,,0,0,,,,,,29.84189723,30.06396588,30.06,0,30.05128205,,1.51,1.41,1.409814,0,2.93,,,,,,,,,,,,,,,,,,,,,,56.9,15.93,,26.74,7.49,,,,,,,,,,,,,,,,,,,,,,,,,,,,,,,no,no,no,yes,yes,no,no,no,no,no,,,,,,,,,,,,,,,,,,,,,,,,,,,,,,,
Asia,JOR,Jordan,2015,0,0,0,100,97.5,51,8878,50.6,46.9,46.9,,0,0,,,0,0,,,,,,29.84189723,30.06396588,30.06,0,30.05128205,,1.51,1.41,1.409814,0,2.93,,,,,,,,,,,,,,,,,,,,,,56.9,15.93,,26.74,7.49,,,,,,,,,,,97.5,,,,,,,,,,,,,,97.5,,,,,,no,no,no,yes,yes,no,no,no,no,no,,,,,,,,,,,,,,,,,,,,,,,,,,,,,,,
Asia,JOR,Jordan,2020,0,0,0,100,97.5,51,8878,50.6,46.9,46.9,,0,0,,,0,0,,,,,,29.84189723,30.06396588,30.06,0,30.05128205,,1.51,1.41,1.409814,0,2.93,,,,,,,,,,,,,,,,,,,,,,56.9,15.93,,26.74,7.49,,,,,,,,,,,97.5,,,,,,,,,,,,,,,,,,,,no,no,no,yes,yes,no,no,no,no,no,,,,,,,,,,,,,,,,,,,,,,,,,,,,,,,
"UNECE, Asia",KAZ,Kazakhstan,1990,12,88,0,0,3162.24486,7111.45514,269970,2645.217825,517.03,0,,517.0270346,31.8,0.25,0,0,0,0,0,0,,7112,,,,,110.8990655,1.494771434,,,,,350.69,10.63,105,78.43,56.67,31.06,28.79,25.91,8.92,8.37,4.38,0.15,3.01,350.69,,,,,,,,350.69,77.63,22.51,,36.49,10.58,,,,,0,2736.3,82.3,0,0,343.64,,,2736.3,82.3,,343.64,82.3,3162.24,82.3,0,0,0,0,3162.24,,3162.24,0,0,0,0,yes,no,yes,yes,no,yes,yes,no,no,yes,3162.24,8.58,1.17,7.42,7.15,0.86,6.29,0.39,0.01,0.37,0.02,0.01,0.02,1.02,0.29,0.73,0,0,0,13,0,13,175,28,147,327,44,283,515,72,443
"UNECE, Asia",KAZ,Kazakhstan,2000,12,88,0,0,3156.9258,7939.4742,269970,2628.140729,528.79,0,,528.7850715,31.8,0.12,0,0,0,0,0,0,,7250,,,,,112.7679339,1.272124544,,,,,356,10.1,98.2,79.5,59.2,34.1,30.1,28.9,9.1,9,4.4,0.2,3.3,356,,,,,,,,356,78.94,22.89,,37.1,10.76,,,,,0,2449.5,135.5,0,0,571.93,,,2449.5,135.5,,571.93,135.5,3156.93,135.5,0,0,0,0,3156.93,,3156.93,0,0,0,0,yes,no,yes,yes,no,yes,yes,no,no,yes,3156.93,11.43,1.66,9.77,9.18,1.13,8.05,0.52,0.09,0.42,0.08,0.01,0.08,1.65,0.44,1.22,0,0,0,195,13,182,325,56,269,534,82,452,1054,151,903
"UNECE, Asia",KAZ,Kazakhstan,2010,12,88,0,0,3082.17952,9214.56064,269970,2637.729233,444.45,0,,444.4502868,30.5,0.18,0,0,0,0,0,0,,8321,,,,,118.6498053,1.617006017,,,,,365.7,14.9,104.7,83.3,58.2,33.4,29.8,29.4,9.7,9,4.6,0.2,3.4,365.7,,,,,,,,365.7,83.06,24.09,,39.04,11.32,,,,,0,2015.3,943.8,0,0,123.08,,,2015.3,943.8,,123.08,943.8,3082.18,943.8,0,0,0,0,3082.18,,3082.18,0,0,0,0,yes,no,yes,yes,no,yes,yes,no,no,yes,3082.18,19.13,4.45,14.68,15.33,3.44,11.89,0.59,0.01,0.58,0.09,0.01,0.08,3.12,0.98,2.14,1,0,1,285,31,254,575,67,508,1089,158,931,1950,256,1694
"UNECE, Asia",KAZ,Kazakhstan,2015,12,88,0,0,3308.45619,9266.44381,269970,2887.620563,420.84,0,,420.8356274,62,0.25,0,0,0,0,0,0,,9507,,,,,120.1164462,1.607952339,,,,,397.4,14.9,108,88.3,64.3,35.2,34.6,34,9.9,13,6.3,0.2,3.6,397.4,,,,,,,,397.4,84.08,24.38,,39.52,11.46,,,,,0,2113.8,1079.4,0,0,115.26,,,2113.8,1079.4,,115.26,1079.4,3308.46,1079.4,0,0,0,0,3308.46,,3308.46,0,0,0,0,yes,no,yes,yes,no,yes,yes,no,no,yes,3308.46,17.01,3.68,13.33,14.1,2.97,11.08,0.65,0.03,0.62,0.09,0.01,0.09,2.22,0.67,1.55,830,0,830,531,146,385,1322,770,552,1320,207,1113,4003,1123,2880
"UNECE, Asia",KAZ,Kazakhstan,2020,12,88,0,0,3454.68,9667.88,269970,3033.93,420.77,0,0,420.77,66.9,0.25,0,0,0,0,0,0,,9507,,,,,117.811201,1.541185865,,,,,407,14.9,,,,,,,,,,,,,,,,,,,,,82.47,23.92,,38.76,11.24,,,,,0,2160.3,1121.8,0,0,172.58,0,,2160.3,1121.8,,172.58,1121.8,3454.68,1121.8,,,,,,,,,,,,yes,no,yes,yes,no,yes,yes,no,no,yes,,,,,,,,,,,,,,,,,,,,,,,,,,,,,,,
"EU-27, FOREST EUROPE, Europe, UNECE, International Tropical Timber Organization",HUN,Hungary,1990,0,100,0,0,1813.9,0,9053,,,,,,0,206.08,0,0,0,0,59.97,,,,,,,,160.3616517,,,,,,290.88,,38.53,45.27,36.97,28.11,29.96,17.22,3.37,6.47,5.46,4.13,13.97,229.46,34.53,13.02,8.61,1.39,1.07,2.79,61.41,290.87,94.94,23.74,5.59,45.89,11.47,2.69,,,,1442.37,170.3,76.88,47.58,,75.93,,,,,,,51.2,1813.9,51.2,9.23,,,,1792.01,,,,,,1792.01,no,yes,no,yes,no,yes,no,yes,no,yes,1813.9,24.29,,,,,,,,,,,,,,,,,,47,3,44,,,,,,,,,
"EU-27, FOREST EUROPE, Europe, UNECE, International Tropical Timber Organization",HUN,Hungary,2000,0,100,0,0,1921.17,0,9053,,,,,,0,167.4,0,0,0,0,78.82,,,,,,,,169.9016745,,,,,,326.41,,42.51,46.33,39.11,32.71,30.76,17.79,5.55,8.49,6.08,5.09,20.53,254.95,39.3,12.84,11.04,2.74,1.34,4.2,71.46,326.41,99.42,24.85,6.04,48.08,12.02,2.91,,,,1248,142.63,388.75,32.6,,109.16,,1478.32,209.72,393.25,48.68,,337.8,1921.17,337.8,461.4,,,,1151.52,,1139.68,0.39,1.26,0,10.19,no,yes,no,yes,no,yes,no,yes,no,yes,1921.17,18.33,2.96,15.37,,,,,,,,,,,,,,,,42,5,37,52,5,46,,,,,,
"EU-27, FOREST EUROPE, Europe, UNECE, International Tropical Timber Organization",HUN,Hungary,2010,0,100,0,0,2046.39,0,9053,1252.595319,793.79,150.614304,139.0621869,643.180377,0,186.88,0,0,0,0,,,,,199.5137585,137.4410822,114.8629283,142.728235,175.4357674,,249.91,109.1,17.3,91.8,359.01,,45.21,45.29,39.4,34.69,32.57,17.27,8.53,10.3,6.72,5.65,25.83,271.46,48.08,15.83,11.9,4.21,1.52,6.01,87.55,359.01,100.85,25.21,6.38,48.77,12.19,3.08,,,,1260.78,175.6,468.59,21.86,,119.57,,1328.11,293.58,507.7,47.48,,451.68,2046.39,451.68,860.79,,,,1170.25,,1153.25,0.38,5.63,0.07,10.92,no,yes,no,yes,no,yes,no,yes,no,yes,2046.39,16.04,2.47,13.56,7.73,1.52,6.2,7.44,0.79,6.65,,,,0.78,0.09,0.69,6,2,4,48,12,36,110,32,78,274,27,247,437,72,365
"EU-27, FOREST EUROPE, Europe, UNECE, International Tropical Timber Organization",HUN,Hungary,2015,0,100,0,0,2060.82,153,9053,1268.022546,792.8,140.960088,129.5282249,651.837366,0,214.6,0,0,0,0,81.37,,,,204.7518799,149.9752546,128.4051412,154.6398001,183.6793121,,259.63,118.9,18.1,100.8,378.53,,47.15,45.73,40.23,35.34,35.08,17.51,10.9,10.89,6.83,5.16,29.23,284.05,52.29,16.4,11.91,5,1.71,7.18,94.49,378.54,104.92,26.23,6.7,50.72,12.68,3.23,,,,1248.61,183.34,491.4,20.76,,116.7,,1327.7,308.4,680.42,43.39,,458.41,2060.82,458.41,864.07,,,,1168.88,,1148.78,0.31,4.27,0.07,15.45,no,yes,no,yes,no,yes,no,yes,no,yes,2060.82,23.13,4.15,18.98,13.31,3.19,10.12,8.34,0.65,7.69,,,,1.42,0.3,1.12,2,0,1,65,10,54,80,24,56,335,31,304,482,66,416
"EU-27, FOREST EUROPE, Europe, UNECE, International Tropical Timber Organization",HUN,Hungary,2020,0,100,0,0,2053.01,200,9053,1264.23,788.78,129.97,118.83,658.81,0,194.33,0,0,0,0,82.24,,,,211.8285439,163.7845787,151.7273217,166.1632337,193.3892188,,267.8,129.19,19.72,109.47,397.03,,48.88,45.67,40.51,35.65,36.96,17.69,13.07,11.58,6.97,5.04,32.62,294.64,56.02,18.26,12.02,5.78,1.78,8.36,102.22,396.86,109.49,27.37,7.03,52.91,13.23,3.39,,,,1226.12,190.51,506.97,19.47,0,109.93,0.01,1325.1,325.22,828.35,40.57,0,464.46,2053.01,464.46,,,,,,,,,,,,no,yes,no,yes,no,yes,no,yes,no,yes,2053.01,,,,,,,,,,,,,,,,,,,,,,,,,,,,,,
Asia,IRN,Iran (Islamic Republic of),1990,0,4,0,96,9076.06,3627.02,162876,8560.38,515.67,515.67,,0,200,,0,25.76,0,0,,,,,47.27,,,,,,404.6491626,,,,,,132.48,126.2,30.53,30.32,34.17,15.75,5.99,11.45,1.21,16.68,,404.78,0,0,0,0,0,0,0,404.78,130.73,36.24,,61.44,17.03,,,,,1000,7377.06,153,,0,,546,1000,7377.06,,,,,541.73,,0,0,0,0,9076.06,0,9076.06,0,0,0,0,yes,yes,yes,yes,yes,yes,yes,no,no,yes,,65.83,4.6,61.23,,,,,,,,,,,,,,,,,,,,,,,,,,,
Asia,IRN,Iran (Islamic Republic of),2000,0,4,0,96,9325.66,3627.02,162876,8809.98,515.67,515.67,,0,200,,0,25.76,0,0,,,,,46.14,,,,,,406.4924772,,,,,,123.26,125.25,35.53,27.39,36.35,21.29,9.86,10.61,1.41,15.58,,406.53,0,0,0,0,0,0,0,406.53,137.17,38.02,,64.47,17.87,,,,,1500,7135.66,153,,500,,37,1500,7325.66,,,,,982.47,,0,0,0,0,9325.66,0,9325.66,0,0,0,0,yes,yes,yes,yes,yes,yes,yes,no,no,yes,,52.75,6.33,46.42,,,,,,,,,,,,,,,,,,,,,,,,,,,
Asia,IRN,Iran (Islamic Republic of),2010,0,4,0,96,10691.98,3627.02,162876,9750.98,941,941,,0,200,,0,25.76,0,0,,6.86,1000,,48.12,,,,,,469.2171576,,,,,,154.4,150,36.7,31.5,30.2,23,13.8,9.2,1.5,19,,469.3,0,0,0,0,0,0,0,469.3,138.44,38.38,,65.07,18.04,,,,,1500,6134.98,153,,2867,,37,1500,3992.98,,,,1069,3080,,0,0,0,0,10691.98,0,10691.98,0,0,0,0,yes,yes,yes,yes,yes,yes,yes,no,no,yes,10691.98,14.35,1.96,12.39,,,,,,,,,,,,,,,,,,,,,,,,,,,
Asia,IRN,Iran (Islamic Republic of),2015,0,4,0,96,10691.98,3627.02,162876,9750.98,941,941,,0,200,,0,19.23,0,0,,2.11,1500,,48.12,,,,,,469.2171576,,,,,,154.4,150,36.7,31.5,30.2,23,13.8,9.2,1.5,19,,469.3,0,0,0,0,0,0,0,469.3,138.44,38.38,,65.07,18.04,,,,,1500,5726.98,419,,3000,,46,1500,5726.98,,,,1069,3100,,0,0,0,0,10691.98,0,10691.98,0,0,0,0,yes,yes,yes,yes,yes,yes,yes,no,no,yes,10691.98,10.81,1.66,9.15,7.56,,,,,,,,,,,,37,,,142,,,485,,,750,,,1414,,
Asia,IRN,Iran (Islamic Republic of),2020,0,4,0,96,10751.87,3627.02,162876,9750.98,1000.89,1000.89,,0,200,,0,19.23,0,0,,5,1800,,48.12,,,,,,469.2171576,,,,,,154.4,150,36.7,31.5,30.2,23,13.8,9.2,1.5,19,,469.3,0,0,0,0,,0,0,469.3,137.67,38.16,,64.7,17.94,,,,,1500,5126.98,419,,3000,,705.89,0,5126.98,,,,1510,3100,,,,,,,,,,,,,yes,yes,yes,yes,yes,yes,yes,no,no,yes,10751.87,,,,,,,,,,,,,,,,,,,,,,,,,,,,,,
"International Tropical Timber Organization, Asia",IND,India,1990,0,8.64,85.73,5.63,63938,5894,297319,58223,5715,3514,460,2201,15701,3982,7042,426,502,,,,235,,57.50304862,177.6027997,239.3284007,79.05497501,68.23798054,,3348,1015,841,174,4363,,321,162,124,108,94,82,54,51,57,55,3255,4363,,,,,,,,4363,57.39,18.04,0.86,26.4,8.3,0.4,1.2,58.7,30,16260,10000,12740,0,24938,0,,,,,,,10999,53135,10999,9161,,,,54777,,54777,0,0,0,0,yes,yes,yes,yes,yes,yes,yes,yes,yes,yes,46204.68,6360,,,,,,,,,,,,,,,,,,,,,,,,,,,,,
"International Tropical Timber Organization, Asia",IND,India,2000,0,8.64,85.73,5.63,67591,4732,297319,58223,9368,7167,939,2201,15701,4073,10500,448,563,,,5488,233,,63.49724336,119.7694278,129.6218781,87.68741481,71.29647438,,3697,1122,929,193,4819,,345,173,133,114,102,88,60,57,64,61,3622,4819,,,,,,,,4819,69.78,21.52,0.86,32.1,9.9,0.4,1.8,56.9,30,17189,10571,13029,0,26802,0,,,,,,,11248,53022,11248,11571,,,,56020,,32001,0,0,24019,0,yes,yes,yes,yes,yes,yes,yes,yes,yes,yes,46106.16,6053,,,,,,,,,,,,,,,,,,565,311,254,808,404,404,3000,60,2940,4373,775,3598
"International Tropical Timber Organization, Asia",IND,India,2010,0,8.64,85.73,5.63,69496,4138,297319,56717.31,12778.69,9668.06,1266,3110.63,15701,4678,13958,463,712,,,4743,182,,68.85217229,93.66296545,101.7784333,68.43951225,73.41429723,,3905.11,1196.89,984,212.89,5102,,545,224,142,140,130,75,77,78,62,71,3558,5102,,,,,,,,5102,67.61,21.3,0.86,31.1,9.8,0.4,1.9,56.9,30,17673,10869,16122,0,24832,0,,,,,,,13918,53098,13918,12011,,,,57485,,32838,0,0,24647,0,yes,yes,yes,yes,yes,yes,yes,yes,yes,yes,45068,6215,,,,,,,,,,,,,,,,,,565,311,254,808,404,404,3000,60,2940,4373,775,3598
"International Tropical Timber Organization, Asia",IND,India,2015,0,8.64,85.73,5.63,70828,4598,297319,57804,13024,9854,1291,3170,15701,4015,15687,492,811,,,6125,279,,67.98837451,91.52334152,97.42236655,73.18611987,72.31603321,,3930,1192,960,232,5122,,506,222,168,168,131,86,84,81,74,68,3534,5122,,,,,,,,5122,68.7,21.52,0.86,31.6,9.9,0.4,1.9,56.2,30,18012,11078,16197,0,25541,0,,,,,,,13983,52755,13983,13081,,,,57747,,32988,0,0,24759,0,yes,yes,yes,yes,yes,yes,yes,yes,yes,yes,46612,6242,,,,,,,,,,,,,,,,,,,,,,,,,,,,,
"International Tropical Timber Organization, Asia",IND,India,2020,0,8.64,85.73,5.63,72160,5058,297319,58891,13269,10039,1315,3230,15701,4476,17416,521,882,,,5368,228,,66.98816458,90.21026453,96.02550055,72.13622291,71.25831486,,3945,1197,964,233,5142,,508,223,169,169,132,86,84,81,74,68,3548,5142,,,,,,,,5142,68.7,21.52,0.86,31.6,9.9,0.4,1.9,56.2,30,18351,11286,16218,0,26305,0,0,,,,,,14001,52952,14001,,,,,,,,,,,,yes,yes,yes,yes,yes,yes,yes,yes,yes,yes,46612,,,,,,,,,,,,,,,,,,,,,,,,,,,,,,
"North and Central America, International Tropical Timber Organization",GTM,Guatemala,1990,0,0,100,0,4781.2,347.65,10716,4757.2,24,18,5,6,878.38,,,,,,,,,,141.8,141.8,141.8,141.8,141.8,27.5,674.57096,3.4032,2.5524,0.8508,677.97416,9.560375,,,,,,,,,,,,,,,,,,,,,124.05,29.77,,62,14.88,,,,,,,,,,,4781.2,,,,,,2464.21,4.4,,2244,1365,0,879,1741,796.2,644,505,,331,261,yes,yes,yes,yes,,yes,yes,yes,,yes,2464.21,,,,,,,,,,,,,,,,,,,,,,,,,,,,,,
"North and Central America, International Tropical Timber Organization",GTM,Guatemala,2000,0,0,100,0,4209.2,347.65,10716,4172.2,37,27,5,10,778.49,,,,,,,,,,141.8,141.8,141.8,141.8,141.8,27.5,591.61796,5.2466,3.8286,1.418,596.86456,9.560375,,,,,,,,,,,,,,,,,,,,,124.05,29.77,,62,14.88,,,,,,,,,,,4209.2,,,,,,2183.98,4.5,,2034,1233,0,801,1543,632.2,571,447,,293,232,yes,yes,yes,yes,,yes,yes,yes,,yes,2183.98,8.3,,,6.64,,,1.66,,,,,,,,,,,,,,,,,,,,,,,
"North and Central America, International Tropical Timber Organization",GTM,Guatemala,2010,0,0,100,0,3722.6,347.65,10716,3610.922,111.68,74.452,11.1678,37.226,688.68,,,,,,,0.21,,,141.8,141.8,141.8,141.8,141.8,27.5,512.0287396,15.8359404,10.5572936,5.2786468,527.86468,9.560375,,,,,,,,,,,,,,,,,,,,,124.05,29.77,,62,14.88,,,,,,,,,,,,,,,,,1932.03,3.4,,1749.62,1079.6,0,670.02,1377.36,,510,399,,262,206.36,yes,yes,yes,yes,,yes,yes,yes,,yes,1932.03,42,,,33.6,,,8.4,,,,,,,,,,,,,,,,,,,,,,,
"North and Central America, International Tropical Timber Organization",GTM,Guatemala,2015,0,0,100,0,3585.8,347.65,10716,3454,131.8,95.81,11.87,35.99,675.72,,,18.84,82.4,111,,1.8,,,141.8,141.8,141.8,141.8,141.8,27.5,489.7772,18.68924,13.585858,5.103382,508.46644,9.560375,,,,,,,,,,,,,,,,,,,,,124.05,29.77,,62,14.88,,,,,,,,,,,3585.8,,,,,,1895.66,5.8,,1716.7,1059.23,0,657.47,1351.43,517.67,500,392,,257,202.43,yes,yes,yes,yes,,yes,yes,yes,,yes,1895.66,63.1,,,50.5,,,12.6,,,,,,,,,,,,,,,,,,,,,,,
"North and Central America, International Tropical Timber Organization",GTM,Guatemala,2020,0,0,100,0,3527.8,347.65,10716,3375.89,151.92,117.17,12.57,34.75,658.06,,,,,,,,,,141.8,141.8,141.8,141.8,141.8,27.5,478.701202,21.542256,16.614706,4.92755,500.24204,9.560375,,,,,,,,,,,,,,,,,,,,,124.05,29.77,,62,14.88,,,,,,,,,,,3527.8,,,,,,1846.15,3.2,,,,,,,,,,,,,yes,yes,yes,yes,,yes,yes,yes,,yes,1846.15,,,,,,,,,,,,,,,,,,,,,,,,,,,,,,
North and Central America,LCA,Saint Lucia,1990,0,0,100,0,21.27,8.63,61,18.65,3.15,3.15,3.15,0,,1,,,,,,,,,229.6,129.6,129.6,0,220.4983545,0,4.28204,0.40824,0.40824,0,4.69,0,0.48,0.32,0.25,0.33,0.27,0.15,0.18,0.13,,,2.58,4.69,,,,,,,,4.69,196.49,46.97,,92.35,22.08,,,,,3.15,7.41,0,0,10.71,0,0,3.15,18.12,18.12,18.12,,7.41,,,13.86,,,,7.41,0,7.41,0,0,0,0,yes,yes,yes,yes,yes,yes,yes,no,no,yes,7.41,,,,,,,,,,,,,,,,,,,,,,,,,,,,,,
North and Central America,LCA,Saint Lucia,2000,0,0,100,0,21.01,8.63,61,18.05,3.15,3.15,3.15,0,,1,,,,,,,,,266.6,166.6,166.6,0,253.6887197,0,4.81213,0.52479,0.52479,0,5.33,0,0.78,0.47,0.26,0.28,0.24,0.17,0.19,0.11,,,2.83,5.33,,,,,,,,5.33,229.52,55.08,,107.87,25.89,,,,,3.15,9.31,0,0,8.55,0,0,3.15,17.86,17.86,17.86,,9.31,,,11.7,,,,9.31,0,9.31,0,0,0,0,yes,yes,yes,yes,yes,yes,yes,no,no,yes,9.31,,,,,,,,,,,,,,,,,,,,,,,,,,,,,,
North and Central America,LCA,Saint Lucia,2010,0,0,100,0,20.77,8.63,61,17.45,3.15,3.15,3.15,0,,1,,0.18,,,,,,,303.6,203.6,203.6,0,285.9894078,8.6,5.29782,0.64134,0.64134,0,5.94,0.074218,0.93,0.55,0.26,0.25,0.22,0.19,0.2,0.09,,,3.25,5.94,,,,,,,,5.94,260.85,60.87,,122.6,28.61,,,,,3.15,9.31,0,0,8.31,0,0,3.15,17.62,17.62,17.62,,9.31,,,11.46,,,,9.31,0,9.31,0,0,0,0,yes,yes,yes,yes,yes,yes,yes,no,no,yes,9.31,,,,,,,,,,,,,,,,,,,,,,,,,,,,,,
North and Central America,LCA,Saint Lucia,2015,0,0,100,0,20.77,8.63,61,17.45,3.15,3.15,3.15,0,,1,,0.18,,,,,,,322.1,222.1,222.1,0,304.2850265,8.6,5.620645,0.699615,0.699615,0,6.32,0.074218,1.07,0.63,0.27,0.23,0.21,0.2,0.2,0.07,,,3.44,6.32,,,,,,,,6.32,277.43,64.72,,130.39,30.42,,,,,3.15,9.31,0,0,8.31,0,0,3.15,17.62,17.62,17.62,,9.31,,,11.46,,,,9.31,0,9.31,0,0,0,0,yes,yes,yes,yes,yes,yes,yes,no,no,yes,9.31,,,,,,,,,,,,,,,,,,,,,,,,,,,,,,
North and Central America,LCA,Saint Lucia,2020,0,0,100,0,20.77,8.63,61,17.45,3.15,3.15,3.15,0,,1,,0.18,,,,,,,340.61,240.6,240.6,0,322.5806452,8.6,5.9436445,0.75789,0.75789,0,6.7,0.074218,,,,,,,,,,,,,,,,,,,,,294.02,68.57,,138.19,32.23,,,,,3.15,9.31,0,0,8.31,0,0,3.15,17.62,17.62,17.62,,9.31,,,,,,,,,,,,,,yes,yes,yes,yes,yes,yes,yes,no,no,yes,9.31,,,,,,,,,,,,,,,,,,,,,,,,,,,,,,
Europe,JEY,Jersey,1990,0,100,0,0,0.6,0,12,,,,,,0,,0,0,0,,,,,,,,,,,,,,,,,,,,,,,,,,,,,,,,,,,,,,,,,,,,,,,,,,,,,0.6,,,,,,,,,,,,,,0.6,,,,,,no,,,,,,,,,,,,,,,,,,,,,,,,,,,,,,,,,,,,,,,,
Europe,JEY,Jersey,2000,0,100,0,0,0.6,0,12,,,,,,0,,0,0,0,,,,,,,,,,,,,,,,,,,,,,,,,,,,,,,,,,,,,,,,,,,,,,,,,,,,,0.6,,,,,,,,,,,,,,0.6,,,,,,no,,,,,,,,,,,,,,,,,,,,,,,,,,,,,,,,,,,,,,,,
Europe,JEY,Jersey,2010,0,100,0,0,0.6,0,12,,,,,,0,,0,0,0,,,,,,,,,,,,,,,,,,,,,,,,,,,,,,,,,,,,,,,,,,,,,,,,,,,,,0.6,,,,,,,,,,,,,,0.6,,,,,,no,,,,,,,,,,,,,,,,,,,,,,,,,,,,,,,,,,,,,,,,
Europe,JEY,Jersey,2015,0,100,0,0,0.6,0,12,,,,,,0,,0,0,0,,,,,,,,,,,,,,,,,,,,,,,,,,,,,,,,,,,,,,,,,,,,,,,,,,,,,0.6,,,,,,,,,,,,,,0.6,,,,,,no,,,,,,,,,,,,,,,,,,,,,,,,,,,,,,,,,,,,,,,,
Europe,JEY,Jersey,2020,0,100,0,0,0.6,0,12,,,,,,0,,0,0,0,,,,,,,,,,,,,,,,,,,,,,,,,,,,,,,,,,,,,,,,,,,,,,,,,,,,,0.6,,,,,,,,,,,,,,,,,,,,no,,,,,,,,,,,,,,,,,,,,,,,,,,,,,,,,,,,,,,,,
Oceania,KIR,Kiribati,1990,0,0,100,0,1.18,26.3,81,,,,,,,,,1.18,,24.78,,,,,,,,,,,,,,,,,,,,,,,,,,,,,,,,,,,,,,,,,,,,,,0,1.18,0,0,0,0,0,,,,,,,,,,,,,,1.18,,,,,,no,,,,,,,,,,,,,,,,,,,,,,,,,,,,,,,,,,,,,,,,
Oceania,KIR,Kiribati,2000,0,0,100,0,1.18,26.3,81,,,,,,,,,1.18,,24.78,,,,,,,,,,,,,,,,,,,,,,,,,,,,,,,,,,,,,,,,,,,,,,0,1.18,0,0,0,0,0,,,,,,,,,,,,,,1.18,,,,,,no,,,,,,,,,,,,,,,,,,,,,,,,,,,,,,,,,,,,,,,,
Oceania,KIR,Kiribati,2010,0,0,100,0,1.18,26.3,81,,,,,,,,,1.18,,24.78,,,,,,,,,,,,,,,,,,,,,,,,,,,,,,,,,,,,,,,,,,,,,,0,1.18,0,0,0,0,0,,,,,,,,,,,,,,1.18,,,,,,no,,,,,,,,,,,,,,,,,,,,,,,,,,,,,,,,,,,,,,,,
Oceania,KIR,Kiribati,2015,0,0,100,0,1.18,26.3,81,,,,,,,,,1.18,,24.78,,,,,,,,,,,,,,,,,,,,,,,,,,,,,,,,,,,,,,,,,,,,,,0,1.18,0,0,0,0,0,,,,,,,,,,,,,,1.18,,,,,,no,,,,,,,,,,,,,,,,,,,,,,,,,,,,,,,,,,,,,,,,
Oceania,KIR,Kiribati,2020,0,0,100,0,1.18,26.3,81,,,,,,,,,1.18,,24.78,,,,,,,,,,,,,,,,,,,,,,,,,,,,,,,,,,,,,,,,,,,,,,0,1.18,0,0,0,0,0,,,,,,,,,,,,,,,,,,,,no,,,,,,,,,,,,,,,,,,,,,,,,,,,,,,,,,,,,,,,,
"EU-27, FOREST EUROPE, International Tropical Timber Organization, UNECE, Europe",IRL,Ireland,1990,0,100,0,0,461.64,49.27,6889,81.24864,380.39,380.39136,293.5480125,0,0,,0,0,0,0,,0,,,,,,,,,,,,,,,,,,,,,,,,,,,,,,,,,,,87.28,19.28,59.9,43.64,9.64,29.95,15.3,348.66,100,311.31,,38.94,0.46,,,,311.31,,38.94,0.46,,,390.92,,110.92,,,,350.72,,350.72,0,0,0,0,no,yes,no,yes,no,yes,no,yes,no,yes,461.64,2.52,0.21,2.3,,,,,,,,,,,,,1,1,0,1,0,1,12,3,9,12,0,12,26,4,22
"EU-27, FOREST EUROPE, International Tropical Timber Organization, UNECE, Europe",IRL,Ireland,2000,0,100,0,0,630.36,49.27,6889,81.442512,548.92,548.917488,423.5996255,0,0,,0,0,0,0,,0,,,,,,,,,,,,,,,,,,,,,,,,,,,,,,,,,,,89.19,19.82,42.99,44.59,9.91,21.5,11.25,339.61,100,351.96,,44.03,0.52,,,,351.96,,44.03,0.53,,,484.82,,233.85,,,,396.51,,393.01,0,3.5,0,0,no,yes,no,yes,no,yes,no,yes,no,yes,630.36,2.85,0.24,2.61,,,,,,,,,,,,,1,1,0,7,2,5,57,7,50,13,1,12,78,10,68
"EU-27, FOREST EUROPE, International Tropical Timber Organization, UNECE, Europe",IRL,Ireland,2010,0,100,0,0,720.38,47.68,6889,80.8,639.58,639.58,488.48,0,0,11.2,0,0,0,0,0.62,0.01,,6.8,109,134,134,0,131,,8.8072,85.70372,85.70372,0,94.36978,,2.2,1.91,1.61,1.62,1,1.16,1.22,1.03,0.34,0.3,0.54,12.93,53.57,8.7,3.64,2.39,2.44,10.66,81.4,94.33,98.21,21.61,39.04,49.11,10.81,19.52,11.26,330.24,100,348.01,,43.53,0.52,,,328.32,348.01,,43.53,0.52,,139.6,526.69,,328.32,,,,392.06,0,384.56,0,7.5,0,0,no,yes,no,yes,no,yes,no,yes,no,yes,720.38,2.27,,,0.52,,,0.34,,,0.01,,,1.4,,,1,0,1,1,0,1,30,2,28,19,1,18,51,3,48
"EU-27, FOREST EUROPE, International Tropical Timber Organization, UNECE, Europe",IRL,Ireland,2015,0,100,0,0,754.67,58.2,6889,96.87,657.8,657.8,488.01,0,0,16.8,0,0,0,0,0.62,0.01,,6.8,110,157,157,0,151,,10.6557,103.2746,103.2746,0,113.95517,,3.18,2.09,1.95,1.81,1.78,1.76,1.52,1.06,0.46,0.38,0.43,16.42,66.14,10.03,4.66,3.53,3.03,10.17,97.56,113.98,103.91,22.57,38.38,51.95,11.29,19.19,11.61,325.25,100,347.85,,43.51,0.52,,,362.79,346.68,,43.36,0.52,,141.66,539.22,,364.11,,,,390.56,0,383.06,0,7.5,0,0,no,yes,no,yes,no,yes,no,yes,no,yes,754.67,2.34,,,0.59,,,0.36,,,0.01,,,1.37,,,2,1,1,1,0,1,34,2,32,21,0,21,58,3,55
"EU-27, FOREST EUROPE, International Tropical Timber Organization, UNECE, Europe",IRL,Ireland,2020,0,100,0,0,782.02,65.74,6889,107.8,674.22,674.22,492.42,0,0,14.41,0,0,0,0,0.62,0.05,,6.8,115,162,162,0,156,,12.397,109.22364,109.22364,0,121.99512,,3.73,2.25,2.15,1.89,2.1,2.06,1.68,1.06,0.53,0.43,0.48,18.36,71.76,10.84,5.14,4,3.3,8.59,103.63,121.99,111.64,23.98,39.23,55.82,11.99,19.61,12.92,325.17,100,347.08,,43.41,0.52,,,391.01,347.08,,43.41,0.52,,145.17,553.59,,,,,,,,,,,,,no,yes,no,yes,no,yes,no,yes,no,yes,782.02,,,,,,,,,,,,,,,,,,,,,,,,,,,,,,
Asia,IRQ,Iraq,1990,0,0,0,100,804,259,43412.8,743.23,60.77,60.77,0,0,0,0,0,0,0,,,,,,37,37,,,37,,27.49951,2.24849,,,29.748,,,,,,,,,,,,,,,,,,,,,,53.02,15.11,,24.92,7.1,,,,,,,,,,,804,,,,,,0,0,0,0,0,0,0,804,0,804,0,0,0,0,no,no,no,no,no,no,no,no,no,no,,,,,,,,,,,,,,,,,1,0,1,,,,26,7,19,,,,27,7,20
Asia,IRQ,Iraq,2000,0,0,0,100,818,259,43412.8,754.19,63.81,63.81,0,0,0,0,0,0,0,105.41,52.52,,,,37,37,,,37,,27.90503,2.36097,,,30.266,,,,,,,,,,,,,,,,,,,,,,52.88,15.07,,24.85,7.08,,,,,,,,,,,818,,,,,,0,0,0,0,0,0,0,818,0,818,0,0,0,0,no,no,no,no,no,no,no,no,no,no,,,,,,,,,,,,,,,,,1,0,1,,,,10,1,9,,,,11,1,10
Asia,IRQ,Iraq,2010,0,0,0,100,825,259,43412.8,758,67,67,0,0,0,0,0,0,0,132,56.93,,,,37,37,,,37,,28.046,2.479,,,30.525,,,,,,,,,,,,,,,,,,,,,,52.69,15.02,,24.77,7.06,,,,,,,,,,,825,,,,,,0,0,0,0,0,0,0,825,0,825,0,0,0,0,no,no,no,no,no,no,no,no,no,no,,,,,,,,,,,,,,,,,3,1,2,,,,17,5,12,,,,20,6,14
Asia,IRQ,Iraq,2015,0,0,0,100,825,259,43412.8,754.65,70.35,70.35,0,0,0,0,0,0,0,180,61.37,,,,37,37,,,37,,27.92205,2.60295,,,30.525,,,,,,,,,,,,,,,,,,,,,,52.46,14.95,,24.66,7.03,,,,,,,,,,,825,,,,,,0,0,0,0,0,0,0,825,0,825,0,0,0,0,no,no,no,no,no,no,no,no,no,no,,0.33,0.13,0.2,,,,,,,,,,,,,4,1,3,4,1,3,8,2,6,,,,16,4,12
Asia,IRQ,Iraq,2020,0,0,0,100,825,259,43412.8,735.21,89.79,89.79,0,0,0,0,0,0,0,200,65.81,,,,37,37,,,37,,27.20277,3.32223,,,30.525,,,,,,,,,,,,,,,,,,,,,,51.11,14.57,,24.02,6.85,,,,,,,,,,,825,,,,,,0,0,0,,,,,,,,,,,,no,no,no,no,no,no,no,no,no,no,,,,,,,,,,,,,,,,,,,,,,,,,,,,,,,
North and Central America,MAF,Saint-Martin (French Part),1990,0,0,100,0,1.24,0.83,5,1.24,0,0,0,0,0,,0,0.03,0,0,0,0,0.49,,83,0,0,0,83,,0.10292,0,0,0,0.10292,,,,,,,,,,,,,,,,,,,,,,124.5,34.86,,58.52,16.38,,,,,0,0,1,0,0,0.24,0,0,,1,,0.24,0,,0,,,,,,1.24,,,,,,no,,,,,,,,,,,,,,,,,,,,,,,,,,,,,,,,,,,,,,,,
North and Central America,MAF,Saint-Martin (French Part),2000,0,0,100,0,1.24,0.83,5,1.24,0,0,0,0,0,,0,0.03,0,0,0,0,0.49,,83,0,0,0,83,,0.10292,0,0,0,0.10292,,,,,,,,,,,,,,,,,,,,,,124.5,34.86,,58.52,16.38,,,,,0,0,1,0,0,0.24,0,0,,1,,0.24,0.14,,0,,,,,,1.24,,,,,,no,,,,,,,,,,,,,,,,,,,,,,,,,,,,,,,,,,,,,,,,
North and Central America,MAF,Saint-Martin (French Part),2010,0,0,100,0,1.24,0.83,5,1.24,0,0,0,0,0,,0,0.03,0,0,0,0,0.49,,83,0,0,0,83,,0.10292,0,0,0,0.10292,,,,,,,,,,,,,,,,,,,,,,124.5,34.86,,58.52,16.38,,,,,0,0,1,0,0,0.24,0,0,,1,,0.24,0.14,,0.14,,,,,,1.24,,,,,,no,,,,,,,,,,,,,,,,,,,,,,,,,,,,,,,,,,,,,,,,
North and Central America,MAF,Saint-Martin (French Part),2015,0,0,100,0,1.24,0.83,5,1.24,0,0,0,0,0,,0,0.03,0,0,0,0,0.49,,83,0,0,0,83,,0.10292,0,0,0,0.10292,,,,,,,,,,,,,,,,,,,,,,124.5,34.86,,58.52,16.38,,,,,0,0,1,0,0,0.24,0,0,,1,,0.24,0.14,,0.14,,,,,,1.24,,,,,,no,,,,,,,,,,,,,,,,,,,,,,,,,,,,,,,,,,,,,,,,
North and Central America,MAF,Saint-Martin (French Part),2020,0,0,100,0,1.24,0.83,5,1.24,0,0,0,0,0,,0,0.01,0,0,0,0,0.49,,83,0,0,0,83,,0.10292,0,0,0,0.10292,,,,,,,,,,,,,,,,,,,,,,124.5,34.86,,58.52,16.38,,,,,0,0,1,0,0,0.24,0,0,,1,,0.24,0.14,,0.14,,,,,,,,,,,,no,,,,,,,,,,,,,,,,,,,,,,,,,,,,,,,,,,,,,,,,
"FOREST EUROPE, Europe, UNECE",MCO,Monaco,1990,0,0,0,100,0,0,0,0,0,0,0,0,0,0,0,0,0,0,0,0,,0,,,,,,,0,0,0,0,0,0,,,,,,,,,,,,,,,,,,,,,0,0,0,0,0,0,0,0,,0,0,0,0,0,0,0,0,0,0,0,0,0,0,0,0,0,0,0,0,0,0,0,0,0,0,no,no,no,no,no,no,no,no,no,no,,0,0,0,0,0,0,0,0,0,0,0,0,0,0,0,0,0,0,0,0,0,0,0,0,0,0,0,0,0,0
"FOREST EUROPE, Europe, UNECE",MCO,Monaco,2000,0,0,0,100,0,0,0,0,0,0,0,0,0,0,0,0,0,0,0,0,,0,,,,,,,0,0,0,0,0,0,,,,,,,,,,,,,,,,,,,,,0,0,0,0,0,0,0,0,,0,0,0,0,0,0,0,0,0,0,0,0,0,0,0,0,0,0,0,0,0,0,0,0,0,0,no,no,no,no,no,no,no,no,no,no,,0,0,0,0,0,0,0,0,0,0,0,0,0,0,0,0,0,0,0,0,0,0,0,0,0,0,0,0,0,0
"FOREST EUROPE, Europe, UNECE",MCO,Monaco,2010,0,0,0,100,0,0,0,0,0,0,0,0,0,0,0,0,0,0,0,0,,0,,,,,,,0,0,0,0,0,0,,,,,,,,,,,,,,,,,,,,,0,0,0,0,0,0,0,0,,0,0,0,0,0,0,0,0,0,0,0,0,0,0,0,0,0,0,0,0,0,0,0,0,0,0,no,no,no,no,no,no,no,no,no,no,,0,0,0,0,0,0,0,0,0,0,0,0,0,0,0,0,0,0,0,0,0,0,0,0,0,0,0,0,0,0
"FOREST EUROPE, Europe, UNECE",MCO,Monaco,2015,0,0,0,100,0,0,0,0,0,0,0,0,0,0,0,0,0,0,0,0,,0,,,,,,,0,0,0,0,0,0,,,,,,,,,,,,,,,,,,,,,0,0,0,0,0,0,0,0,,0,0,0,0,0,0,0,0,0,0,0,0,0,0,0,0,0,0,0,0,0,0,0,0,0,0,no,no,no,no,no,no,no,no,no,no,,0,0,0,0,0,0,0,0,0,0,0,0,0,0,0,0,0,0,0,0,0,0,0,0,0,0,0,0,0,0
"FOREST EUROPE, Europe, UNECE",MCO,Monaco,2020,0,0,0,100,0,0,0,0,0,0,0,0,0,0,0,0,0,0,0,0,,0,,,,,,,0,0,0,0,0,0,,,,,,,,,,,,,,,,,,,,,0,0,0,0,0,0,0,0,,0,0,0,0,0,0,0,0,0,0,0,0,0,0,0,,,,,,,,,,,,no,no,no,no,no,no,no,no,no,no,,,,,,,,,,,,,,,,,,,,,,,,,,,,,,,
"UNECE, Asia",KGZ,Kyrgyzstan,1990,0,100,0,0,1136.4225,378.8075,19180,977.32335,159.1,0,,159.09915,420.7,0,0,0,0,0,34.4,0,3.4,0,44,7.2,0,7.2,38.84998757,4.1,43.0022274,1.14551388,0,1.14551388,44.15,1.55311075,0.59,12.49,4.92,3.25,0.64,1.56,0.39,0.33,,,19.98,44.15,,,,,,,,44.15,42.98,17.61,,20.2,8.27,,,,,0,1134.47,1.95,0,0,0,,0,1134.47,1.95,0,0,1.95,836.4,1.95,0,0,0,0,1136.42,,858.4,0,0,0,278.02,no,yes,yes,yes,yes,yes,yes,no,no,yes,1136.42,2.9,0.4,2.5,0,,,0,0,0,,,,,,,0,0,0,870,,,638,,,1392,,,2900,,
"UNECE, Asia",KGZ,Kyrgyzstan,2000,0,100,0,0,1180.9,393.63,19180,1015.58,165.33,0,0,165.33,437.2,0,0,0,0,0,34.6,0,3.4,0,46,7.5,0,7.5,40.61309171,4.1,46.71668,1.239975,0,1.239975,47.96,1.613883,0.59,14.46,6.2,3.69,0.64,1.78,0.7,0.42,,,19.48,47.96,,,,,,,,47.96,44.93,18.4,,21.11,8.65,,,,,0,1129.6,51.3,0,0,0,0,0,1129.6,51.3,0,0,51.3,858.3,51.3,0,0,0,0,1180.9,0,858.4,0,0,0,322.5,no,yes,yes,yes,yes,yes,yes,no,no,yes,1180.9,4.2,0.59,3.61,,,,0,0,0,,,,,,,0,0,0,1260,,,924,,,2016,,,4200,,
"UNECE, Asia",KGZ,Kyrgyzstan,2010,0,100,0,0,1229.68,406.1,19180,1044.92,184.76,0,0,184.76,455.2,0,0,0,0,0,35.7,0,3.4,0,47.42,7.7,0,7.7,41.44980808,4.2,49.5501064,1.422652,0,1.422652,50.97,1.70562,0.59,15.3,6.87,3.9,0.64,1.98,0.85,0.47,,,20.37,50.97,,,,,,,,50.97,46.02,14.83,,21.63,6.97,,,,,0,1151.43,78.25,0,0,0,0,0,1144.26,85.42,0,0,78.25,869.3,78.25,0,0,0,0,1229.68,0,858.4,0,0,0,371.28,no,yes,yes,yes,yes,yes,yes,no,no,yes,1229.68,3.1,0.43,2.67,,,,0,0,0,,,,,,,2,1,1,870,,,638,,,1392,,,2900,,
"UNECE, Asia",KGZ,Kyrgyzstan,2015,0,100,0,0,1251.81,410.77,19180,1054.95,196.86,0,0,196.86,463.4,0,0,0,0,0,35.7,0,3.4,0,48.1,7.8,0,7.8,41.76352641,4.2,50.743095,1.535508,0,1.535508,52.28,1.725234,0.59,15.3,6.87,3.9,0.64,1.98,0.85,0.47,,,21.68,52.28,,,,,,,,52.28,46.49,15,,21.85,7.05,,,,,0,1156.96,94.85,0,0,0,0,0,1159.33,92.48,0,0,94.85,955.38,94.85,0,0,0,0,1251.81,0,858.4,0,0,0,393.41,no,yes,yes,yes,yes,yes,yes,no,no,yes,1251.81,1.9,0.3,1.6,,,,0,0,0,,,,,,,1,1,0,570,,,418,,,912,,,1900,,
"UNECE, Asia",KGZ,Kyrgyzstan,2020,0,100,0,0,1315.38,430.88,19180,1085.96,228.71,0,0,228.71,487,0,0,0,0,0,35.7,0,3.4,0,51.9,8.4,0,8.4,44.30658821,4.2,56.361324,1.921164,0,1.921164,58.28,1.809696,0.59,16.13,8.3,4.53,0.64,2.68,1.22,0.65,,,23.7,58.44,,,,,,,,58.44,49.66,16.07,,23.34,7.55,,,,,0,1211.58,103.8,0,0,0,0,0,1211.58,102.8,0,0,103.8,1114.32,103.8,,,,,,,,,,,,no,yes,yes,yes,yes,yes,yes,no,no,yes,1315.38,,,,,,,,,,,,,,,,,,,,,,,,,,,,,,
Asia,KWT,Kuwait,1990,0,0,0,100,3.45,0,1782,0,3.45,3.45,3.45,0,,,,0.01,,,,,,,,,,,,,,,,,,,,,,,,,,,,,,,,,,,,,,,,,,,,,,,,0,3.45,0,0,0,0,0,,3.45,,,,,,,0,0,0,0,3.45,0,3.45,0,0,0,0,no,,,,,,,,,,,,,,,,,,,,,,,,,,,,,,,,,,,,,,,,
Asia,KWT,Kuwait,2000,0,0,0,100,4.85,0,1782,0,4.85,4.85,4.85,0,,,,0.01,,,,,,,,,,,,,,,,,,,,,,,,,,,,,,,,,,,,,,,,,,,,,,,,0,4.85,0,0,0,0,0,,4.85,,,,,,,0,0,0,0,4.85,0,4.85,0,0,0,0,no,,,,,,,,,,,,,,,,,,,,,,,,,,,,,,,,,,,,,,,,
Asia,KWT,Kuwait,2010,0,0,0,100,6.25,0,1782,0,6.25,6.25,6.25,0,,,,0.01,,,,,,,,,,,,,,,,,,,,,,,,,,,,,,,,,,,,,,,,,,,,,,,,0,6.25,0,0,0,0,0,,6.25,,,,,,,0,0,0,0,6.25,0,6.25,0,0,0,0,no,,,,,,,,,,,,,,,,,,,,,,,,,,,,,,,,,,,,,,,,
Asia,KWT,Kuwait,2015,0,0,0,100,6.25,0,1782,0,6.25,6.25,6.25,0,,,,0.01,,,,,,,,,,,,,,,,,,,,,,,,,,,,,,,,,,,,,,,,,,,,,,,,0,6.25,0,0,0,0,0,,6.25,,,,,,,0,0,0,0,6.25,0,6.25,0,0,0,0,no,,,,,,,,,,,,,,,,,,,,,,,,,,,,,,,,,,,,,,,,
Asia,KWT,Kuwait,2020,0,0,0,100,6.25,0,1782,0,6.25,6.25,6.25,0,,,,0.01,,,,,,,,,,,,,,,,,,,,,,,,,,,,,,,,,,,,,,,,,,,,,,,,0,6.25,0,0,0,0,0,,6.25,,,,,,,,,,,,,,,,,,no,,,,,,,,,,,,,,,,,,,,,,,,,,,,,,,,,,,,,,,,
Africa,LSO,Lesotho,1990,0,0,0,100,34.52,587.01,3036,25.85,8.67,5.32,5.32,3.35,,,,0,,,0.7,,0.3,3,40,140,140,140,65.12,,1.034,1.2138,0.7448,0.469,2.2479424,,,,,,,,,,,,,,,,,,,,,,73.72,27.32,,34.65,12.84,,,,,,,,,,,34.52,,,,,,,,,,,,,,34.52,,,,,,no,yes,no,yes,no,no,no,no,no,yes,,,,,,,,,,,,,,,,,,,,,,,,,,,,,,,
Africa,LSO,Lesotho,2000,0,0,0,100,34.52,587.01,3036,25.85,8.67,5.32,5.32,3.35,,,,0,,,0.7,,0.3,3,40,140,140,140,65.12,,1.034,1.2138,0.7448,0.469,2.2479424,,,,,,,,,,,,,,,,,,,,,,73.72,27.32,,34.65,12.84,,,,,,,,,,,34.52,,,,,,5,5,5,,,,,,34.52,,,,,,no,yes,no,yes,no,no,no,no,no,yes,5,,,,,,,,,,,,,,,,,,,,,,,,,,,,,,
Africa,LSO,Lesotho,2010,0,0,0,100,34.52,587.01,3036,25.85,8.67,5.32,5.32,3.35,,,,0,,,0.7,,0.3,3,40,140,140,140,65.12,,1.034,1.2138,0.7448,0.469,2.2479424,,,,,,,,,,,,,,,,,,,,,,73.72,27.32,,34.65,12.84,,,,,,,,,,,34.52,,,,,,5,5,5,,,,,,34.52,,,,,,no,yes,no,yes,no,no,no,no,no,yes,5,,,,,,,,,,,,,,,,,,,,,,,,,,,,,,
Africa,LSO,Lesotho,2015,0,0,0,100,34.52,587.01,3036,25.85,8.67,5.32,5.32,3.35,,,,0,,,0.7,,0.3,3,40,140,140,140,65.12,,1.034,1.2138,0.7448,0.469,2.2479424,,,,,,,,,,,,,,,,,,,,,,73.72,27.32,,34.65,12.84,,,,,,,,,,,34.52,,,,,,5,5,5,,,,,,34.52,,,,,,no,yes,no,yes,no,no,no,no,no,yes,5,,10,37,,,20,,2,12,,1,2,,7,3,,,,,,,,,,,12,18,,,
Africa,LSO,Lesotho,2020,0,0,0,100,34.52,587.01,3036,25.85,8.67,5.32,5.32,3.35,,,,0,,,0.7,,0.3,3,40,140,140,140,65.12,,1.034,1.2138,0.7448,0.469,2.2479424,,,,,,,,,,,,,,,,,,,,,,73.72,27.32,,34.65,12.84,,,,,,,,,,,34.52,,,,,,5,5,5,,,,,,,,,,,,no,yes,no,yes,no,no,no,no,no,yes,5,,,,,,,,,,,,,,,,,,,,,,,,,,,,,,
North and Central America,HTI,Haiti,1990,0,0,100,0,382.92,1533.68,2756,370.92,12,12,,0,,,,15,,,,,,,65,65,65,0,65,,24.1098,0.78,0.78,0,24.8898,,,,,,,,,,,,,,,,,,,,,,95.42,22.03,,44.85,10.35,,,,,40,,4,,,,338.92,,,,,,31.48,,,0,0,0,0,382.92,0,382.92,0,0,0,0,no,,,yes,,,,,,,,,,,,,,,,,,,,,,,,,,,,,,,,,,,,,
North and Central America,HTI,Haiti,2000,0,0,100,0,380.65,1529.73,2756,360.65,20,20,,0,,,,14.3,,,,,,,65,65,65,0,65,,23.44225,1.3,1.3,0,24.74225,,,,,,,,,,,,,,,,,,,,,,95.11,21.98,,44.7,10.33,,,,,48,,4,,,,,,,,,,31.47,,,0,0,0,0,380.65,,380.65,0,0,0,0,no,,,yes,,,,,,,,,,,,,,,,,,,,,,,,,,,,,,,,,,,,,
North and Central America,HTI,Haiti,2010,0,0,100,0,378.38,1525.78,2756,350.38,28,28,,0,,,,13.1,,,,,,,65,65,65,0,65,,22.7747,1.82,1.82,0,24.5947,,,,,,,,,,,,,,,,,,,,,,94.79,21.94,,44.55,10.31,,,,,52,,4,,,,,,,,,,31.46,,,0,0,0,0,378.38,,378.38,0,0,0,0,no,,,yes,,,,,,,,,,,,,,,,,,,,,,,,,,,,,,,,,,,,,
North and Central America,HTI,Haiti,2015,0,0,100,0,362.85,1535.2,2756,330.85,32,32,,0,,,,12.5,,,,,,,65,65,65,0,65,,21.50525,2.08,2.08,0,23.58525,,,,,,,,,,,,,,,,,,,,,,94.59,21.91,,44.46,10.3,,,,,58,,4,,,,,,,,,,31.46,,,0,0,0,0,362.85,,362.85,0,0,0,0,no,,,yes,,,,,,,,,,,,,,,,,,,,,,,,,,,,,,,,,,,,,
North and Central America,HTI,Haiti,2020,0,0,100,0,347.3,1544.6,2756,315.3,32,32,,0,,,,12.5,,,,,,,65,65,65,0,65,,20.4945,2.08,2.08,0,22.5745,,,,,,,,,,,,,,,,,,,,,,94.53,21.9,,44.43,10.29,,,,,55,,4,,,,288.3,,,,,,31.73,,,,,,,,,,,,,,no,,,yes,,,,,,,,,,,,,,,,,,,,,,,,,,,,,,,,,,,,,
Africa,LBY,Libya,1990,0,0,0,100,217,330,175954,0,217,217,,0,,,0,0,0,,,,,,,,,,36.26728111,,,,,,7.87,,5.04,2.4,0.43,,,,,,,,,7.87,,,,,,,,7.87,49.26,10,8.39,23.18,4.7,3.96,2.12,,,,,,,,,,,,,,,,,,,,,,,,,,,,,,,,,,,,,,,,,,,,,,,,,,,,,,,,,,,,,,,,,,,,,
Africa,LBY,Libya,2000,0,0,0,100,217,330,175954,0,217,217,,0,,,0,0,0,,,,,,,,,,36.26728111,,,,,,7.87,,5.04,2.4,0.43,,,,,,,,,7.87,,,,,,,,7.87,49.26,10,8.39,23.18,4.7,3.96,2.12,,,,,,,,,,,,,,,,,,,,,,,,,,,,,,,,,,,,,,,,,,,,,,,,,,,,,,,,,,,,,,,,,,,,,
Africa,LBY,Libya,2010,0,0,0,100,217,330,175954,0,217,217,,0,,,0,0,0,,,,,,,,,,36.26728111,,,,,,7.87,,5.04,2.4,0.43,,,,,,,,,7.87,,,,,,,,7.87,49.26,10,8.39,23.18,4.7,3.96,2.12,,,,,,,,,217,,,,,,,,,,,,,,217,,,,,,,,,,,,,,,,,,,,,,,,,,,,,,,,,,,,,,,,,,,,,,
Africa,LBY,Libya,2015,0,0,0,100,217,330,175954,0,217,217,,0,,,0,0,0,,,,,,,,,,36.26728111,,,,,,7.87,,5.04,2.4,0.43,,,,,,,,,7.87,,,,,,,,7.87,49.26,10,8.39,23.18,4.7,3.96,2.12,,,,,,,,,217,,,,,,,,,,,,,,217,,,,,,,,,,,,,,,,,,,,,,,,,,,,,,,,,,,,,,,,,,,,,,
Africa,LBY,Libya,2020,0,0,0,100,217,330,175954,0,217,217,,0,,,0,0,0,,,,,,,,,,36.27,,,,,,7.87059,,5.04,2.4,0.43,,,,,,,,,7.87,,,,,,,,7.87,49.26,10,8.39,23.18,4.7,3.96,2.12,,,,,,,,,217,,,,,,,,,,,,,,,,,,,,,,,,,,,,,,,,,,,,,,,,,,,,,,,,,,,,,,,,,,,,
"International Tropical Timber Organization, ASEAN, Asia",MMR,Myanmar,1990,0,0,100,0,39218.48,15080,65308,39187.3,30.7,30.7,,0,3192,,,517,,,,,,,31.57,31.57,31.57,0,31.57,,1237.143061,0.969199,0.969199,0,1238.127414,,82.93,179.31,73.53,63.66,37.73,56.07,26.39,27.81,21.05,22.92,646.61,1238.01,,,,,,,,1238.01,127.37,35.66,,59.86,16.76,,2.1,,,4422,312,720,0,,0,33764.48,,,,,,720,24565.27,,0,0,0,0,39218.48,0,39218.48,0,0,0,0,no,yes,yes,yes,yes,yes,no,yes,yes,yes,,,,,,,,,,,,,,,,,,,,,,,,,,,,,,,
"International Tropical Timber Organization, ASEAN, Asia",MMR,Myanmar,2000,0,0,100,0,34868.11,15080,65308,34837.28,30.72,30.72,,0,3192,,,486,,,,,,,31.57,31.57,31.57,0,31.57,,1099.81293,0.9698304,0.9698304,0,1100.786233,,73.73,159.42,65.38,56.6,33.54,49.85,23.46,24.73,18.72,20.38,574.89,1100.7,,,,,,,,1100.7,127.38,35.67,,59.87,16.76,,2.1,,,17895.11,1499,1220,0,6571,0,7683,,,,,,1220,24565.27,,0,0,0,0,34868.11,0,34800.11,0,0,34,34,no,yes,yes,yes,yes,yes,no,yes,yes,yes,,,,,,,,,,,,,,,,,,,,,,,46,0,46,2,1,1,,,
"International Tropical Timber Organization, ASEAN, Asia",MMR,Myanmar,2010,0,0,100,0,31441,15080,65308,31134.92,305.24,305.24,,0,3192,,,539.59,,,,,,,31.57,31.57,31.57,0,31.57,,982.9294244,9.6364268,9.6364268,0,992.59237,,66.49,143.75,58.95,51.04,30.25,44.95,21.16,22.3,16.88,18.37,518.39,992.53,,,,,,,,992.53,126.26,35.35,,59.34,16.62,,2.1,,,13712,3349,4466,0,7057,0,,,,,,,4466,28284.77,,0,0,0,0,31441,,31359,0,0,41,41,no,yes,yes,yes,yes,yes,no,yes,yes,yes,20041.36,,,,,,,,,,,,,,,,,,,2,2,0,32,6,26,,,,,,
"International Tropical Timber Organization, ASEAN, Asia",MMR,Myanmar,2015,0,0,100,0,29992.44,18756.05,65308,29586.42,406.02,406.02,,0,3192,,,471.24,,,,,,,31.57,31.57,31.57,0,31.57,,934.0432794,12.8180514,12.8180514,0,946.8613308,,63.42,137.13,56.24,48.69,28.85,42.88,20.18,21.27,16.1,17.53,494.5,946.79,,,,,,,,946.79,125.77,35.22,,59.11,16.55,,2.1,,,12324.14,4008.14,4962.4,0,7860.92,0,,,,,,,4962.4,27898.14,,0,0,0,0,29992.44,,,,,,29992.44,no,yes,yes,yes,yes,yes,no,yes,yes,yes,20616.78,65.17,,,19,,,46,,,,,,0.17,,,,,,1,1,0,176,46,130,,,,,,
"International Tropical Timber Organization, ASEAN, Asia",MMR,Myanmar,2020,0,0,100,0,28543.89,18756.05,65308,28117.63,427.09,427.09,,0,3192,,,402.89,,,,,,,31.57,31.57,31.57,0,31.57,,887.6735791,13.4832313,13.4832313,0,901.1306073,,60.36,130.5,53.52,46.33,27.46,40.81,19.21,20.24,15.32,16.68,470.62,901.05,,,,,,,,901.05,125.54,35.15,,59.01,16.52,,2.1,,,12324.14,4008.14,5237.07,0,6974.54,0,0,,,,,,5237.07,27898.14,,,,,,,,,,,,,no,yes,yes,yes,yes,yes,no,yes,yes,yes,,,,,,,,,,,,,,,,,,,,,,,,,,,,,,,
Asia,LBN,Lebanon,1990,0,0,0,100,139.7,125.52,1023,138.58,1.11,0,0,1.11,,,,0,0,,,,,,35.64,35.64,0,0,35.64,5.08,4.9389912,0.0395604,0,0,4.978908,0.6376416,,,,,,,,,,,,,,,,,,,,,60.93,13.58,,28.64,6.38,,,,30,,,,,,,139.7,,,,,,,,,,,,,,139.7,,,,,,no,yes,yes,yes,yes,yes,yes,no,no,,,,,,,,,,,,,,,,,,,,,,,,,,,,,,,,
Asia,LBN,Lebanon,2000,0,0,0,100,138.18,124.11,1023,137.58,0.59,0,0,0.59,,,,0,0,,,,,,35.64,35.64,0,0,35.64,5.08,4.9033512,0.0210276,0,0,4.9247352,0.6304788,,,,,,,,,,,,,,,,,,,,,61.16,13.63,,28.74,6.41,,,,30,,,,,,,138.18,,,,,,,,,,,,,,138.18,,,,,,no,yes,yes,yes,yes,yes,yes,no,no,,,,,,,,,,,,,,,,,,,,,,,,,,,,,,,,
Asia,LBN,Lebanon,2010,0,0,0,100,137.35,137.09,1023,137.01,0.34,0,0,0.34,,,,0,0,,,,,,35.64,35.64,0,0,35.64,5.08,4.8830364,0.0121176,0,0,4.895154,0.6964172,1.52,1.3,0.95,0.3,0.29,0.18,0.17,0.08,0.02,0.02,0.07,4.9,,,,,,,,4.9,61.27,13.65,,28.8,6.42,,,,30,,,,,,,137.35,,,,,,,,,,,,,,137.35,,,,,,no,yes,yes,yes,yes,yes,yes,no,no,,,,,,,,,,,,,,,,,,,,,,,,,,,,,,,,
Asia,LBN,Lebanon,2015,0,0,0,100,140.33,153.61,1023,139.98,0.35,0,0,0.35,,,,0,0,,,,,,35.64,35.64,0,0,35.64,5.08,4.9888872,0.012474,0,0,5.0013612,0.7803388,1.54,1.32,0.96,0.31,0.3,0.19,0.18,0.09,0.02,0.02,0.07,5,,,,,,,,5,61.26,13.65,,28.79,6.42,,,,30,,,,,,,140.33,,,,,,,,,,,,,,140.33,,,,,,no,yes,yes,yes,yes,yes,yes,no,no,,,,,,,,,,,,,,,,,,,,,,,,,,,,,,,,
Asia,LBN,Lebanon,2020,0,0,0,100,143.33,170.16,1023,142.93,0.35,0,0,0.35,,,,0,0,,,,,,35.64,35.64,0,0,35.64,5.08,5.0940252,0.012474,0,0,5.1082812,0.8644128,,,,,,,,,,,,,,,,,,,,,61.27,13.65,,28.8,6.42,,,,30,,,,,,,143.33,,,,,,,,,,,,,,,,,,,,no,yes,yes,yes,yes,yes,yes,no,no,,,,,,,,,,,,,,,,,,,,,,,,,,,,,,,,
Africa,MAR,Morocco,1990,0,0,0,100,5485.29,1431.2,44630,5166.89,318.4,318.4,218.43,0,0,951.77,0,0,0,23.7,558.4,,32.3,,24.29894966,10.45854271,10.45854271,0,23.5101517,0.090832868,125.55,3.33,3.33,0,128.96,0.13,54.25,24,13.04,5.63,9.42,8.18,5.1,2.1,,,5.3,127.02,1.9,,,,,,1.9,128.92,33.52,10.03,0.21,16.76,5.02,0.1,2.61,21.73,30,803.78,0,35.2,0,4646.31,0,0,803.78,0,35.2,0,5450.09,35.2,622,11,548.53,,,,4936.76,0,4896.76,0,40,0,0,no,yes,yes,yes,yes,yes,yes,no,no,yes,5485.29,82.73,32.23,50.51,57.68,14.21,43.47,,,,24,18,6,1.05,0.01,1.04,0,0,0,5,0,5,23,0,23,30,0,30,58,0,58
Africa,MAR,Morocco,2000,0,0,0,100,5506.54,1399.2,44630,5162.24,344.3,344.3,201.19,0,0,758.43,0,0,0,30.4,751.7,,32.3,,26.45556968,16.55532965,16.55532965,0,25.86560708,0.121497999,136.57,5.7,5.7,0,142.43,0.17,58.41,24.73,14.9,6.76,9.64,8.8,7.5,2.16,,,5.71,138.61,3.73,,,,,,3.73,142.34,37.07,11.17,0.21,18.53,5.59,0.1,2.63,21.73,30,818.55,33,47.2,0,4607.79,0,0,818.55,33,47.2,0,5459.34,47.2,1389.12,16.48,548.53,,,,4958.01,0,4918.01,0,40,0,0,no,yes,yes,yes,yes,yes,yes,no,no,yes,5506.54,116.56,55.63,60.93,89.26,35.6,53.66,,,,26.2,20,6.2,1.1,0.02,1.08,0,0,0,26,0,26,0,0,0,30,0,30,56,0,56
Africa,MAR,Morocco,2010,0,0,0,100,5674.57,1298.5,44630,5151.47,523.1,523.1,205.56,0,0,661.76,0,0,0,52.03,1256.41,8.88,32.3,,27.06994314,20.39762952,20.39762952,0,26.47249043,0.154023874,139.45,10.67,10.67,0,150.22,0.2,57.83,24.26,17.3,9.61,9.64,8.76,8.2,2.31,,,6.43,144.34,5.88,,,,,,5.88,150.22,39.23,11.94,0.21,19.61,5.97,0.1,2.68,21.73,30,866.32,88,260.9,162,4297.35,0,0,866.32,88,260.9,162,5251.67,260.9,2445.28,193.98,548.53,,,,5126.04,0,5086.04,0,40,0,0,no,yes,yes,yes,yes,yes,yes,no,no,yes,5674.57,110.74,59.3,51.43,82.99,39.26,43.72,,,,26.4,20,6.4,1.35,0.04,1.31,0,0,0,22,4,18,0,0,0,30,0,30,52,4,48
Africa,MAR,Morocco,2015,0,0,0,100,5684.69,1287.3,44630,5107.59,576.8,576.8,210.52,0,0,468.63,0,0,0,57.74,1511.9,28.8,32.3,,27.11846487,22.57281553,22.57281553,0,26.6733982,0.170900334,138.51,13.02,13.02,0,151.63,0.22,56.39,24.72,18.51,10.42,9.61,8.35,7.48,2.39,,,7.5,145.37,6.26,,,,,,6.26,151.63,39.63,12.12,0.2,19.82,6.06,0.1,2.69,21.72,30,908.58,139,260.9,163.4,4212.81,0,0,908.58,139,260.9,163.4,5260.39,260.9,2978.5,193.98,548.53,,,,5135.76,0.4,5095.76,0,40,0,0,no,yes,yes,yes,yes,yes,yes,no,no,yes,5684.69,105.02,62.96,42.07,73.11,39.5,33.61,,,,30.3,23.4,6.9,1.62,0.06,1.56,0,0,0,32,8,24,0,0,0,30,14,16,62,22,40
Africa,MAR,Morocco,2020,0,0,0,100,5742.49,1223.7,44630,5107.59,634.6,634.6,206.2,0,0,371.75,0,0,0,58.38,1625.66,48.75,32.3,,27.10475978,23.41632524,23.41632524,0,26.71489197,0.849881507,138.44,14.86,14.86,0,153.41,1.04,54.95,25.17,18.82,11.39,9.49,8.1,8.2,2.47,,,8.62,147.21,6.2,,,,,,6.2,153.41,39.89,12.25,0.21,19.95,6.13,0.1,2.72,21.72,30,920.66,237,260.9,163.4,4160.53,0,0,920.66,237,260.9,163.4,5318.19,260.6,3500,193.98,,,,,,,,,,,,no,yes,yes,yes,yes,yes,yes,no,no,yes,5742.49,,,,,,,,,,,,,,,,,,,,,,,,,,,,,,
"International Tropical Timber Organization, Africa",MDG,Madagascar,1990,0,0,100,0,13693.45,21148,58180,13462.45,231,231,,0,3367,,,330,,,,,,,,,,,171,,,,,,2341.57995,,133,72,67,56,51,50,42,29,23,19,1799.58,2341.58,,,,,,,,2341.58,163.2,43.1,,76.71,20.26,,2.1,,,3417.22,179.38,2973.22,,6336.92,,786.71,,,,,,1700,,,260,240,0,20,13309.78,123.67,13029.78,0,280,0,0,no,yes,yes,yes,yes,no,no,yes,yes,yes,,,,,,,,,,,,,,,,,1,,,5,,,,,,,,,6,,
"International Tropical Timber Organization, Africa",MDG,Madagascar,2000,0,0,100,0,13030.67,18453,58180,12758.67,272,272,,0,3179,,,315,,,,,,,,,,,171,,,,,,2228.24457,,127,69,63,53,49,47,40,27,22,18,1713.25,2228.25,,,,,,,,2228.25,163.2,43.1,,76.71,20.26,,2.1,,,3346.25,175.42,4709.58,,4491.54,,307.88,,,,,,3000,,,260,240,0,20,12646.75,123.92,12366.75,0,280,0,0,no,yes,yes,yes,yes,no,no,yes,yes,yes,,118,34,84,,,,,,,,,,,,,0,,,16,,,,,,,,,16,,
"International Tropical Timber Organization, Africa",MDG,Madagascar,2010,0,0,100,0,12561.98,15688,58180,12146.98,415,415,,0,3036,,,298,,,,,,,,,,,171,,,,,,2148.09858,,120,65,60,50,46,45,38,26,21,17,1660.1,2148.1,,,,,,,,2148.1,163.2,43.1,,76.71,20.26,,2.1,,,3272.52,172.44,4709.58,,4088.17,,319.27,,,,,,4752,,,260,240,0,20,12179.95,122.03,11899.95,0,280,0,0,no,yes,yes,yes,yes,no,no,yes,yes,yes,,19,6,13,,,,,,,,,,,,,3,,,17,,,,,,,,,20,,
"International Tropical Timber Organization, Africa",MDG,Madagascar,2015,0,0,100,0,12495.89,14466,58180,12183.89,312,312,,0,2993,,,283,,,,,,,,,,,171,,,,,,2136.79719,,113,61,56,47,43,42,36,25,20,16,1677.8,2136.8,,,,,,,,2136.8,163.2,43.1,,76.71,20.26,,2.1,,,3278,171.45,4869.14,,4043.41,,133.89,,,,,,4973,,,260,240,0,20,12101.66,134.23,11821.66,0,280,0,0,no,yes,yes,yes,yes,no,no,yes,yes,yes,,8,1,7,,,,,,,,,,,,,2,,,19,,,,,,,,,21,,
"International Tropical Timber Organization, Africa",MDG,Madagascar,2020,0,0,100,0,12429.81,13244,58180,12117.81,312,312,,0,2950,,,283,,,,,,,,,,,171,,,,,,2125.49751,,108,57,52,44,40,39,36,24,19,15,1691.5,2125.5,,,,,,,,2125.5,163.2,43.1,,76.71,20.26,,2.1,,,3278,171.45,4869.14,,3964.41,,146.81,,,,,,4973,,,,,,,,,,,,,,no,yes,yes,yes,yes,no,no,yes,yes,yes,,,,,,,,,,,,,,,,,,,,,,,,,,,,,,,
Asia,MDV,Maldives,1990,0,0,100,0,0.82,0,30,0.82,0,0,0,0,,0,0,0.04,0,26.28,0,0,,0,90,0,0,0,90,,0.0738,0,0,0,0.0738,,,,,,,,,,,,,,,,,,,,,,135,32.4,,63.45,15.23,,,,,,,,,,,0.82,,,,,,,,,0,0,0,0,0.82,0,,,,,0.82,,,,,,,,,,,,,,,,,,,,,,,,,,,,,,,,,,,,,,,,,
Asia,MDV,Maldives,2000,0,0,100,0,0.82,0,30,0.82,0,0,0,0,,0,0,0.04,0,26.28,0,0,,0,90,0,0,0,90,,0.0738,0,0,0,0.0738,,,,,,,,,,,,,,,,,,,,,,135,32.4,,63.45,15.23,,,,,,,,,,,0.82,,,,,,,,,0,0,0,0,0.82,0,,,,,0.82,,,,,,,,,,,,,,,,,,,,,,,,,,,,,,,,,,,,,,,,,
Asia,MDV,Maldives,2010,0,0,100,0,0.82,0,30,0.82,0,0,0,0,,0,0,0.04,0,26.28,0,0,,0,90,0,0,0,90,,0.0738,0,0,0,0.0738,,,,,,,,,,,,,,,,,,,,,,135,32.4,,63.45,15.23,,,,,,,,,,,0.82,,,,,,,,,0,0,0,0,0.82,0,,,,,0.82,,,,,,,,,,,,,,,,,,,,,,,,,,,,,,,,,,,,,,,,,
Asia,MDV,Maldives,2015,0,0,100,0,0.82,0,30,0.82,0,0,0,0,,0,0,0.04,0,26.28,0,0,,0,90,0,0,0,90,,0.0738,0,0,0,0.0738,,,,,,,,,,,,,,,,,,,,,,135,32.4,,63.45,15.23,,,,,,,,,,,0.82,,,,,,,,,0,0,0,0,0.82,0,,,,,0.82,,,,,,,,,,,,,,,,,,,,,,,,,,,,,,,,,,,,,,,,,
Asia,MDV,Maldives,2020,0,0,100,0,0.82,0,30,0.82,0,0,0,0,,0,0,0.04,0,26.2,0,0,,0,90,0,0,0,90,,0.0738,0,0,0,0.0738,,,,,,,,,,,,,,,,,,,,,,135,32.4,,63.45,15.23,,,,,,,,,,,0.82,,,,,,,,,,,,,,,,,,,,,,,,,,,,,,,,,,,,,,,,,,,,,,,,,,,,,,,,,,,,
"International Tropical Timber Organization, Europe, EU-27, UNECE, FOREST EUROPE",LTU,Lithuania,1990,0,100,0,0,1945,80,6265,1534.0215,410.98,0,,410.9785,20,,0,0,0,0,60,,3,,212.3177543,212.4198711,0,212.4198711,212.3393316,30,325.7,87.3,0,87.3,413,2.4,,,,,,,,,,,,,,,,,,,,,112,25.8,10,56,12.9,5,24,72,30,1412,171,160,75,127,0,,1695,171,180,1924,,,1945,,0,0,0,0,1945,,1945,0,0,0,0,no,yes,no,yes,no,yes,no,yes,no,yes,1945,15,,,,,,,,,,,,,,,3,1,2,33,13,20,0,0,0,74,68,6,110,82,28
"International Tropical Timber Organization, Europe, EU-27, UNECE, FOREST EUROPE",LTU,Lithuania,2000,0,100,0,0,2020,83,6265,1553.784,466.22,0,,466.216,21,60.06,0,0,0,0,59,,3,,223.2614057,220.0696673,0,220.0696673,222.5247525,30.12048193,346.9,102.6,0,102.6,449.5,2.5,162.9,92,75.2,33.2,31.2,19.8,13.4,3.5,11.3,1.7,4.81,449.01,0.09,0.26,0.04,0.03,0.07,0,0.49,449.5,117.4,26.7,10,58.7,13.4,5,24,72,30,1466,178,166,78,132,0,,1867,178,225,2146,,395,2020,395,458,458,0,0,1562,,1562,0,0,0,0,no,yes,no,yes,no,yes,no,yes,no,yes,2020,14,,,,,,,,,,,,,,,2,0,2,34,3,31,79,6,73,34,1,33,149,10,139
"International Tropical Timber Organization, Europe, EU-27, UNECE, FOREST EUROPE",LTU,Lithuania,2010,0,100,0,0,2170,84,6265,1634.227,535.77,0,,535.773,26,67.5,0,0,0,0,60,,3,,230.3535555,211.6568024,0,211.6568024,225.7373272,29.76190476,376.45,113.4,0,113.4,489.85,2.5,182.76,99.05,81.8,40.66,30.96,20.77,13.27,4.21,8.47,2.45,5,489.4,0.15,0.15,0.05,0.05,0.05,0,0.45,489.85,118.9,27.3,10,59.4,13.7,5,24,72,30,1549,192,201,65,163,0,,1879,192,226,2144,,454,2170,454,803,759,44,0,1367,,1333,0,0,0,34,no,yes,no,yes,no,yes,no,yes,no,yes,2170,9,,,,,,,,,,,,,,,0,0,0,22,7,15,137,18,119,0,0,0,159,25,134
"International Tropical Timber Organization, Europe, EU-27, UNECE, FOREST EUROPE",LTU,Lithuania,2015,0,100,0,0,2187,62.1,6265,1601.9775,585.02,0,,585.0225,26.54,78.85,0,0,0,0,12.8,,4.7,,253.3743451,224.1794119,0,224.1794119,245.5647005,34.6215781,405.9,131.15,0,131.15,537.05,2.15,195.29,115.14,87.19,46.81,33.99,22.61,15.45,5.16,5.04,3.77,6.09,536.54,0.21,0.11,0.06,0.04,0.03,0.06,0.51,537.05,129.4,29.9,10,64.4,14.9,5,23.3,72,30,1560,193,204,65,165,0,,1894,193,228,2160,,460,2187,460,839,741,98,0,1348,,1314,0,0,0,34,no,yes,no,yes,no,yes,no,yes,no,yes,2187,12,,,,,,,,,,,,,,,1,0,1,38,5,33,190,36,154,0,0,0,229,41,188
"International Tropical Timber Organization, Europe, EU-27, UNECE, FOREST EUROPE",LTU,Lithuania,2020,0,100,0,0,2201,62.1,6265,1590,611,0,0,611,26.54,82.9,0,0,0,0,12.8,,4.7,,254.4716981,252.8968903,0,252.8968903,254.0345298,34.6215781,404.61,154.52,0,154.52,559.13,2.15,202.08,124.09,86.49,52.29,32.19,24.31,16.45,5.51,3.58,4.71,6.95,558.65,0.22,0.11,0.04,0.03,0.02,0.06,0.48,559.13,133.9,31,10,66.6,15.5,5,23.2,72,30,1577,135,207,59,223,0,0,1912,135,207,2170,,684,2201,684,,,,,,,,,,,,no,yes,no,yes,no,yes,no,yes,no,yes,2201,,,,,,,,,,,,,,,,,,,,,,,,,,,,,,
"International Tropical Timber Organization, EU-27, Europe, FOREST EUROPE, UNECE",LUX,Luxembourg,1990,0,100,0,0,85.8,2.8,243,57.7,28.1,0,0,28.1,0,,0,0,0,0,,,,,,,,,237.53,,,,,,20.380074,,7.44,5.42,0.62,0.57,0.21,0.15,0.1,0.09,,,,14.6,4.8,0.64,,,,,5.44,20.04,111.56,22.1,,52.43,10.49,,,,,,,,,,,85.8,,,,,,,,,,,,,,85.8,,,,,,no,yes,no,yes,no,no,no,no,no,no,,,,,,,,,,,,,,,,,,,,,,,,,,,,,,,
"International Tropical Timber Organization, EU-27, Europe, FOREST EUROPE, UNECE",LUX,Luxembourg,2000,0,100,0,0,86.7,2.4,243,58.7,28,0,0,28,0,0.8,0,0,0,0,,,,,,,,,299.31,,,,,,25.950177,,9.47,6.9,0.79,0.73,0.27,0.19,0.13,0.11,,,,18.59,6.1,0.81,,,,,6.91,25.5,146.36,28.27,4.6,66.44,13.29,,,,,,,,,,,86.7,,,,,,,,,47.86,,,,38.84,0,38.84,0,0,0,0,no,yes,no,yes,no,no,no,no,no,no,,,,,,,,,,,,,,,,,,,,,,,,,,,,,,,
"International Tropical Timber Organization, EU-27, Europe, FOREST EUROPE, UNECE",LUX,Luxembourg,2010,0,100,0,0,88.7,2.7,243,58.7,30,0,0,30,0,0.8,0,0,0,0,,0,,,,,,,352.4239008,,,,,,31.26,,10.55,6.76,,,,,,,,,4.9,22.21,6.76,1.43,,,,0.86,9.05,31.26,166.46,46,7.9,78.24,15.65,5,,,,,,,,,,88.7,,,,,,,,,47.9,,,,40.8,0,40.8,0,0,0,0,no,yes,no,yes,no,no,no,no,no,no,,0.49,,,,,,,,,,,,,,,,,,,,,,,,,,,,,
"International Tropical Timber Organization, EU-27, Europe, FOREST EUROPE, UNECE",LUX,Luxembourg,2015,0,100,0,0,88.7,2.7,243,58.7,30,0,0,30,0,0.8,0,0,0,0,0.93,0,,,,,,,368.9966178,,,,,,32.73,,,,,,,,,,,,,,,,,,,,,,173.08,33.29,7.9,81.35,16.27,,,,,,,,,,,88.7,,,,,,,,,47.9,,,,40.8,0,40.8,0,0,0,0,no,yes,no,yes,no,no,no,no,no,no,,0.57,,,,,,,,,,,,,,,,,,,,,,,,,,,,,
"International Tropical Timber Organization, EU-27, Europe, FOREST EUROPE, UNECE",LUX,Luxembourg,2020,0,100,0,0,88.7,2.7,243,58.7,30,0,0,30,0,0.8,0,0,0,0,,,,,,,,,390.0789177,,,,,,34.6,,,,,,,,,,,,,,,,,,,,,,180.7,35.67,,84.93,16.99,,,,,,,,,,,88.7,,,,,,,,,,,,,,,,,,,,no,yes,no,yes,no,no,no,no,no,no,,,,,,,,,,,,,,,,,,,,,,,,,,,,,,,
"ASEAN, Asia",LAO,Lao People's Democratic Republic,1990,0,0,100,0,17843,138,23080,16237,1606,6,4.5,1600,,,,0,,,,,,,,,,,59.27,6.87,,,,,1057.55461,0.94806,121.71,104.41,95.7,35.92,23.2,22.7,8.98,1.95,1.52,0.03,641.45,1057.57,,,,,,,,1057.57,121.5,24.3,,57.11,11.42,,,,,3164,11634,2500,16,0,0,529,,,,,,,,,0,0,0,0,17843,0,,,,,17843,,yes,yes,yes,yes,yes,,,,,,,,,,,,,,,,,,,,,,,,,,,,,,,,,,,
"ASEAN, Asia",LAO,Lao People's Democratic Republic,2000,0,0,100,0,17425,136,23080,15845,1580,18,13.5,1562,,,66,0,,,,,,,,,,,59.27,6.87,,,,,1032.77975,0.93432,118.86,101.96,93.45,35.08,22.66,22.17,8.77,1.9,1.48,0.03,626.42,1032.78,,,,,,,,1032.78,121.5,24.3,,57.11,11.42,,,,,3380,10310,2815,27,0,0,,,,,,,3279.32,,,0,0,0,0,17425,,,,,,17425,,yes,yes,yes,yes,yes,,,,,,,,,,,,,,,,,,,,,,,,,,,,,,,,,,,
"ASEAN, Asia",LAO,Lao People's Democratic Republic,2010,0,0,100,0,16940.5,132,23080,15344.75,1595.75,112,84,1483.75,,,93,0,,,,,,,,,,,59.27,6.87,,,,,1004.063435,0.90684,115.56,99.12,90.86,34.1,22.03,21.55,8.52,1.85,1.44,0.03,609,1004.06,,,,,,,,1004.06,121.5,24.3,,57.11,11.42,,,,,3596,9074,3043,38,0,0,,,,,,,3304.64,,,0,0,0,0,16940.5,,,,,,16940.5,,yes,yes,yes,yes,yes,,,,,,,,,,,,,,,,,,,,,,,,,,,,,,,,,,,
"ASEAN, Asia",LAO,Lao People's Democratic Republic,2015,0,0,100,0,16768,131,23080,15084.5,1683.5,140,105,1543.5,,,90,0,,,,,,,,,,,59.27,6.87,,,,,993.83936,0.89997,114.38,98.12,89.93,33.76,21.8,21.33,8.44,1.83,1.42,0.03,602.8,993.84,,,,,,,,993.84,121.5,24.3,,57.11,11.42,,,,,3704,8456,3157,43.5,0,0,,,,,,,3262.16,,,0,0,0,0,16768,,,,,,16768,,yes,yes,yes,yes,yes,,,,,,,,,,,,,,,,,,,,,,,,,,,,,,,,,,,
"ASEAN, Asia",LAO,Lao People's Democratic Republic,2020,0,0,100,0,16595.5,130,23080,14824.25,1771.25,168,126,1603.25,,,90,0,,,,,,,,,,,59.27,6.87,,,,,983.615285,0.8931,113.2,97.11,89,33.41,21.58,21.11,8.35,1.81,1.41,0.03,596.6,983.61,,,,,,,,983.61,121.5,24.3,,57.11,11.42,,,,,3812,7838,3271,49,0,0,1625.5,,,,,,,,,,,,,,,,,,,,,yes,yes,yes,yes,yes,,,,,,,,,,,,,,,,,,,,,,,,,,,,,,,,,,,
"Asia, International Tropical Timber Organization, ASEAN",KHM,Cambodia,1990,0,0,100,0,11004.79,665.38,17652,10937.5,67.29,67.29,67.29,0,766,,31.46,79.63,,,,,,,,,,,105,,,,,,1155.50295,,,,,,,,,,,,,,,,,,,,,,69.3,38.81,,32.57,18.24,,,,,2244,0,2776,97,404,0,5483.79,,,,,,3277,,,0,0,0,0,11004.79,0,,,,,11004.79,no,,,,,,,,,yes,,,,,,,,,,,,,,,,,,,,,,,,,,,,,,,
"Asia, International Tropical Timber Organization, ASEAN",KHM,Cambodia,2000,0,0,100,0,10781,639.94,17652,10681.09,99.91,99.91,99.91,0,456,,76.44,66.74,,,,,,,,,,,105,,,,,,1132.005,,,,,,,,,,,,,,,,,,,,,,69.3,38.81,,32.57,18.24,,,,,4919,6,3381,97,404,0,1974,,,,,,3184,,,0,0,0,0,10781,0,,,,,10781,no,,,,,,,,,yes,,15.86,,,,,,,,,,,,,,,,,,,,,,,,,,,,,
"Asia, International Tropical Timber Organization, ASEAN",KHM,Cambodia,2010,0,0,100,0,10589.23,574.065,17652,10434.7,154.53,154.53,154.52,0,322,,130.93,58.81,137.31,5.06,,,,,,,,,105,,,,,,1111.86915,,,,,,,,,,,,,,,,,,,,,,69.3,38.81,,32.57,18.24,,,,,3374,551,3683,97,404,0,,,,,,,3138,,,0,0,0,0,10589.23,,,,,179,10410.23,no,,,,,,,,,yes,,15.86,,,,,,,,,15.11,,,,,,,,,,,,,,,,,,,,
"Asia, International Tropical Timber Organization, ASEAN",KHM,Cambodia,2015,0,0,100,0,8846.82,557.27,17652,8302.55,544.27,544.27,540.48,0,322,,125.4,57.14,496.77,43.79,,,,,,,,,105,,,,,,928.9161,,,,,,,,,,,,,,,,,,,,,,69.3,38.81,,32.57,18.24,,,,,3374,551,3985,97,404,0,435.82,,,,,,3138,,,0,0,0,0,8846.82,0,,,,179,8667.82,no,,,,,,,,,yes,,15.86,,,,,,,,,,,,,,,,,,,,,,,,,,,,,
"Asia, International Tropical Timber Organization, ASEAN",KHM,Cambodia,2020,0,0,100,0,8068.37,543.72,17652,7464.4,603.97,603.97,599.78,0,322,,119.87,55.47,559.02,81.22,,,,,,,,,105,,,,,,847.17885,,,,,,,,,,,,,,,,,,,,,,69.3,38.81,,32.57,18.24,,,,,3077.12,502.52,3634.35,88.46,368.45,0,397.47,,,,,,3138,,,,,,,,,,,,,,no,,,,,,,,,yes,,,,,,,,,,,,,,,,,,,,,,,,,,,,,,,
Africa,KEN,Kenya,1990,0,0,100,0,3858.54,34850.25,56914,3705.75,152.79,152.79,152.79,0,,,56,61,0,,,,,,211,284,284,,213.8891912,,781.91325,43.39236,43.39236,0,825.3,,27.17,27.17,0,0,0,0,0,0,0,0,770.96,825.3,,,,,,,,825.3,200.38,51.63,,94.18,24.27,,,65,30,152.79,0,0,0,3705.75,0,,152,3705.75,3705.75,,,1239.09,152.79,0,2466.66,,,,1391.88,,1391.88,0,0,0,0,yes,yes,no,yes,no,yes,no,yes,no,yes,1391.88,21.5,,,,,,,,,,,,,,,,,,,,,,,,,,,,,
Africa,KEN,Kenya,2000,0,0,100,0,3961.19,33240.61,56914,3808.4,152.79,152.79,152.79,0,,,73,60,0,,,,,,211,284,284,,213.8145355,,803.5724,43.39236,43.39236,0,846.96,,19.2,19.2,0,0,0,0,0,0,0,0,808.56,846.96,,,,,,,,846.96,200.39,51.64,,94.18,24.27,,,65,30,152.79,0,0,0,3808.4,0,,152,3808.4,3808.4,,,1152.67,152.79,0,2655.73,,,,1305.46,,1305.46,0,0,0,0,yes,yes,no,yes,no,yes,no,yes,no,yes,1305.46,20.1,,,,,,,,,,,,,,,,,,,,,,,,,,,,,
Africa,KEN,Kenya,2010,0,0,100,0,3616.34,33099.15,56914,3463.55,152.79,152.79,152.79,0,,,59,60.5,0,,,,,,211,284,284,,214.0838527,,730.80905,43.39236,43.39236,0,774.2,,22.31,22.31,0,0,0,0,0,0,0,0,729.58,774.2,,,,,,,,774.2,200.38,51.59,,94.18,24.25,,,65,30,152.79,0,0,0,3463.55,0,0,152,3463.55,3463.55,,,1145.2,152.79,0,2318.35,,,,1297.99,0,1297.99,0,0,0,0,yes,yes,no,yes,no,yes,no,yes,no,yes,1297.99,27.3,,,,,,,,,,,,,,,,,,,,,,,,,,,,,
Africa,KEN,Kenya,2015,0,0,100,0,3522.41,31622,56914,3369.62,152.79,152.79,152.79,0,,,60,61,0,,,,,,211,284,284,,214.1658694,,710.98982,43.39236,43.39236,0,754.38,,21.3,21.3,0,0,0,0,0,0,0,0,711.78,754.38,,,,,,,,754.38,200.38,51.58,,94.18,24.24,,,65,30,152.79,0,0,0,3369.62,0,,152,3369.62,3369.62,,,1173.5,152.79,0,2196.12,,,,1326.29,,1326.29,0,0,0,0,yes,yes,no,yes,no,yes,no,yes,no,yes,1326.29,,,,,,,,,,,,,,,,,,,,,,,,,,,,,,
Africa,KEN,Kenya,2020,0,0,100,0,3611.09,32271.45,56914,3458.3,152.79,152.79,152.79,0,,,60,61,0,,,,,,211,284,284,,214.0877131,,729.7013,43.39236,43.39236,0,773.09,,18.48,18.48,0,0,0,0,0,0,0,0,736.13,773.09,,,,,,,,773.09,200.38,51.59,,94.18,24.25,,,65,30,152.79,0,0,0,3458.3,0,0,152,3458.3,3458.3,,,1178.47,152.79,0,,,,,,,,,,,,yes,yes,no,yes,no,yes,no,yes,no,yes,1331.26,,,,,,,,,,,,,,,,,,,,,,,,,,,,,,
"FOREST EUROPE, International Tropical Timber Organization, Europe, UNECE, EU-27",LVA,Latvia,1990,0,100,0,0,3173,115,6218,2858.6,314.4,0,,314.4,15.23,60,0,0,0,0,21,0,3,0,139.2289932,139.9491094,0,139.9491094,139.3003467,16.95,398,44,0,44,442,1.94925,179.01,106.96,87.52,26.96,15.47,20.33,2.65,1.77,,,1.33,442,,,,,,,,442,90.5,28.96,3.21,45.25,14.48,1.61,12.14,181.7,30,2514.76,51,499.39,107.85,0,0,,2515.85,51,499.39,107.85,0,777.82,3173,777.82,32,0,32,0,3132,,3132,0,0,0,0,no,yes,no,yes,no,yes,yes,yes,no,yes,3173,15,,,,,,,,,,,,,,,,,,,,,,,,,,,,,
"FOREST EUROPE, International Tropical Timber Organization, Europe, UNECE, EU-27",LVA,Latvia,2000,0,100,0,0,3241,123,6218,2918.9,322.1,0,,322.1,15.23,84.12,0,0,0,0,29,0,3.3,0,165.4732947,167.6497982,0,167.6497982,165.689602,16.95,483,54,0,54,537,2.08485,232.4,152.1,87.8,19.2,13.3,25.8,3.3,2,,,1.1,537,,,,,,,,537,107.7,34.46,3.33,53.85,17.23,1.67,12.14,176.99,30,2601.23,71,489.65,79.12,0,0,,2602.39,71,489.65,79.12,0,560.05,3241,560.02,1463,1393,70,0,1749,,1749,0,0,0,0,no,yes,no,yes,no,yes,yes,yes,no,yes,3241,19,,,,,,,,,,,,,,,,,,,,,,,,,,,,,
"FOREST EUROPE, International Tropical Timber Organization, Europe, UNECE, EU-27",LVA,Latvia,2010,0,100,0,0,3372.12,113.8,6218,2964.46,407.66,6.57,0,401.09,14.92,147.57,0,0,0,0,29,0,5,0,194.7174012,153.7310504,0,156.2492209,189.7619302,22.8,577.23,62.67,0,62.67,639.9,2.59464,222.97,152.54,119.62,58.19,35.45,35.98,4.65,3.1,,,7.4,639.9,,,,,,,,639.9,123.34,39.47,11.34,61.67,19.74,5.67,12.14,168.77,30,2638.09,171.38,490.23,72.42,0,0,0,2638.09,171.38,490.23,72.42,0,533.31,3372.12,533.31,1604.79,1260.16,344.63,0,1761.93,5.4,1761.93,0,0,0,0,no,yes,no,yes,no,yes,yes,yes,no,yes,3372.12,18.4,2.33,16.07,,,,,,,,,,,,,,,,,,,,,,,,,,,
"FOREST EUROPE, International Tropical Timber Organization, Europe, UNECE, EU-27",LVA,Latvia,2015,0,100,0,0,3391.44,110.8,6218,2954.9,436.54,12.47,0,424.07,15.2,151.36,0,0,0,0,29,0,6.7,0,198.9976006,155.9994502,0,160.5866956,193.4605949,22.8,588.02,68.1,0,68.1,656.11,2.52624,222.63,154.54,126.39,63.05,39.47,35.88,4.61,3.06,,,6.48,656.11,,,,,,,,656.11,125.73,40.23,12.45,62.86,20.12,6.22,12.14,168.17,30,2601.64,206.38,514.1,69.32,0,0,0,2601.64,206.38,514.1,69.32,0,544.2,3391.44,544.2,1642.47,1151.05,491.42,0,1741.17,7.8,1741.17,0,0,0,0,no,yes,no,yes,no,yes,yes,yes,no,yes,3391.44,17.13,2.3,14.83,,,,,,,,,,,,,,,,,,,,,,,,,,,
"FOREST EUROPE, International Tropical Timber Organization, Europe, UNECE, EU-27",LVA,Latvia,2020,0,100,0,0,3410.79,107.8,6218,2945.35,465.44,18.37,0,447.07,16.98,140.5,0,0,0,0,29,0,6.7,0,203.3062172,157.9580612,0,164.4485204,197.1156242,22.8,598.81,73.52,0,73.52,672.32,2.45784,222.29,156.54,133.16,67.91,43.49,35.78,4.57,3.02,,,5.56,672.32,,,,,,,,672.32,128.13,41,10.2,64.06,20.5,5.1,12.14,168.5,30,2602.82,218.47,520.59,68.91,0,0,0,2602.82,218.47,520.59,68.91,0,559.93,3410.79,559.93,,,,,,,,,,,,no,yes,no,yes,no,yes,yes,yes,no,yes,3410.79,,,,,,,,,,,,,,,,,,,,,,,,,,,,,,
"Montreal Process, International Tropical Timber Organization, Asia",KOR,Republic of Korea,1990,0,88,0,12,6551,0,9744.5,4641.81,1909.19,1909.19,507,0,,47,20,0,0,0,132,0,,,,,,,37.92245459,,,,,,248.43,,,,,,,,,,,,,,,,,,,,,,31.29,9.83,,15.64,4.91,,,,30,2403,1462,1221,345,605,515,0,,,,,,218,3737,,4716,,,,1835,0,1763,17,30,25,0,no,yes,yes,yes,yes,yes,yes,yes,yes,no,,,,,,,,,,,,,,,,,,,,,,,,,,,,,,,
"Montreal Process, International Tropical Timber Organization, Asia",KOR,Republic of Korea,2000,0,88,0,12,6476,0,9744.5,4403.68,2072.32,2072.32,550.408192,0,,32,21,0,0,0,169,0,,,,,,,63.46,,,,,,410.96696,,,,,,,,,,,,,,,,,,,,,,58.68,18.64,,29.34,9.32,,,,30,2375,1446,1305,341,598,411,,,,,,,337,3740,,4550,,,,1926,,1854,11,37,24,0,no,yes,yes,yes,yes,yes,yes,yes,yes,no,,,,,,,,,,,,,,,,,50,,,196,,,1553,,,2855,,,4654,,
"Montreal Process, International Tropical Timber Organization, Asia",KOR,Republic of Korea,2010,0,88,0,12,6387,0,9744.5,4151.55,2235.45,2235.45,593.73552,0,,56,21,0,0,0,156,0,35,,,,,,125.62,,,,,,802.33494,,,,,,,,,,,,,,,,,,,,,,98.4,31.34,,49.2,15.67,,,,30,2343,1426,1385,336,590,307,,,,,,,413,3175,,4338,3241,340,757,2049,,2026,2,18,3,0,no,yes,yes,yes,yes,yes,yes,yes,yes,no,,254.81,,,220.44,,,8.86,,,19.22,,,6.29,,,70,,,210,,,1677,,,1321,,,3278,,
"Montreal Process, International Tropical Timber Organization, Asia",KOR,Republic of Korea,2015,0,88,0,12,6337,0,9744.5,4055.68,2281.32,2281.32,606.83112,0,,88,22,0,0,0,154,0,46,,,,,,145.99,,,,,,925.13863,,246.97,133.61,37.82,23.23,,,,,,,381.2,822.83,46.97,42.46,6.47,3.81,2.6,,102.31,925.14,115.7,36.78,,57.85,18.39,,5.87,63.74,30,2324,1414,1377,333,585,304,,2324,1414,1377,333,889,445,3278,,4250,3135,343,772,2087,,2064,2,20,1,0,no,yes,yes,yes,yes,yes,yes,yes,yes,no,,,,,,,,,,,,,,,,,68,22,46,174,84,90,1760,958,802,1851,,,3853,,
"Montreal Process, International Tropical Timber Organization, Asia",KOR,Republic of Korea,2020,0,88,0,12,6287,0,9744.5,4023.68,2263.32,2263.32,601.06,0,,100,24,0,0,0,152,0,60,,,,,,162,,,,,,1018.494,,,,,,,,,,,,,,,,,,,,,,131.69,41.88,,65.84,20.94,,,,30,2324,1414,1377,333,585,254,0,2324,1414,1377,333,839,435,2493,,,,,,,,,,,,,no,yes,yes,yes,yes,yes,yes,yes,yes,no,,,,,,,,,,,,,,,,,,,,,,,,,,,,,,,
"UNECE, Europe, FOREST EUROPE",MDA,Republic of Moldova,1990,0,100,0,0,325.4,79.2,3288,179,146.4,0,0,146.4,,,0,0,0,,,31.4,15.6,32.19,161,51.02459016,,51.02459016,111.49,46.2,28.819,7.47,0,7.47,36.278846,3.65904,8.66,8.42,4.72,2.6,2.5,0.7,0.69,0.49,0.4,0.31,2.57,32.06,3.07,0.43,0.36,0.32,0.02,,4.2,36.26,88.61,32.89,3.35,44.3,16.45,1.67,2.22,61.83,30,14,170.95,0,44.1,96.35,0,0,14,170.95,0,44.1,96.35,44.1,281.3,41.9,0,0,0,0,295.3,30.1,295.3,0,0,0,0,no,yes,yes,yes,yes,yes,yes,no,no,yes,325.4,6.87,,,4.6,,,,,,0.27,,,1.25,,,0,0,0,0,0,0,43,,,67,,,,,
"UNECE, Europe, FOREST EUROPE",MDA,Republic of Moldova,2000,0,100,0,0,344.4,75.3,3288,189.4,155,0,0,155,,,0,0,0,,,30.7,20.2,24.44,161.03,51,,51.03225806,111.5,46.2,30.499082,7.905,0,7.91,38.4006,3.47886,9.17,8.91,5,2.75,2.65,0.75,0.73,0.52,0.42,0.33,2.73,33.96,3.25,0.45,0.38,0.34,0.03,,4.45,38.41,88.61,32.89,3.35,44.3,16.45,1.67,2.22,61.83,30,0,181.87,0,60.6,101.94,0,-0.01,0,181.87,0,60.6,101.94,60.6,283.82,57.57,0,0,0,0,315.3,29.1,315.3,0,0,0,0,no,yes,yes,yes,yes,yes,yes,no,no,yes,344.4,4.69,1.05,3.65,3.76,,,,,,0.16,,,0.76,,,0,0,0,0,0,0,4,,,51,,,,,
"UNECE, Europe, FOREST EUROPE",MDA,Republic of Moldova,2010,0,100,0,0,374.5,82.5,3288,162.5,212,0,0,212,,,0,0,0,,,29.85,19.23,33.46,171.6307692,76,,75.99056604,117.5166889,46.2,27.89,16.112,0,16.11,44.01,3.8115,10.51,10.21,5.73,3.16,3.03,0.85,0.84,0.6,0.48,0.37,3.12,38.9,3.72,0.52,0.44,0.39,0.03,,5.1,44,93.37,34.66,3.52,46.68,17.33,1.76,2.33,61.83,30,0,224.92,0,66.1,83.51,0,-0.03,0,224.92,0,66.1,83.51,66.1,302.1,62.8,2.44,2.44,0,0,326.43,45.63,326.43,0,0,0,0,no,yes,yes,yes,yes,yes,yes,no,no,yes,374.5,4.46,1.23,3.23,4.03,,,,,,0.07,,,0.35,,,0,0,0,0,0,0,89,,,46,,,,,
"UNECE, Europe, FOREST EUROPE",MDA,Republic of Moldova,2015,0,100,0,0,386.4,72.2,3288,167.7,218.7,0,0,218.7,,,0,0,0,,,30.75,20.41,21.06,171.6159809,76,,75.99451303,117.49,46.2,28.78,16.6212,0,16.62,45.398136,3.33564,10.84,10.53,5.91,3.26,3.13,0.88,0.86,0.62,0.5,0.39,3.22,40.14,3.84,0.53,0.45,0.4,0.03,,5.25,45.39,93.37,34.66,3.52,46.68,17.33,1.76,2.33,61.83,30,0,224.38,0,75.85,86.17,0,0,0,224.38,0,75.85,86.17,75.85,308.44,72.06,2.61,2.61,0,0,331.14,52.65,331.14,0,0,0,0,no,yes,yes,yes,yes,yes,yes,no,no,yes,386.4,4.13,1.08,3.05,3.94,,,,,,0.04,,,0.15,,,0,0,0,0,0,0,102,,,45,,,,,
"UNECE, Europe, FOREST EUROPE",MDA,Republic of Moldova,2020,0,100,0,0,386.5,75.1,3288,167.7,218.8,0,0,218.8,,,0,0,0,,,30.79,20.86,23.41,171.6,76,,76.00548446,117.48,46.2,28.77732,16.6288,0,16.63,45.40602,3.46962,10.84,10.54,5.91,3.26,3.13,0.88,0.86,0.62,0.5,0.39,3.22,40.15,3.84,0.53,0.45,0.4,0.03,,5.25,45.4,93.36,34.66,3.52,46.68,17.33,1.76,2.33,61.83,30,0,224.53,0,75.85,86.12,0,0,0,224.53,0,75.85,86.12,75.85,310.65,72.06,,,,,,,,,,,,no,yes,yes,yes,yes,yes,yes,no,no,yes,386.5,,,,,,,,,,,,,,,,,,,,,,,,,,,,,,
"Africa, International Tropical Timber Organization",LBR,Liberia,1990,0,0,100,0,8525.24,306,9632,8524.04,1.2,1.2,,0,,,,10.9,,,,,,,158,158,158,0,158,,1346.79832,0.1896,0.1896,0,1346.98792,,,,,,,,,,,,,,,,,,,,,,205.4,49.3,,96.54,23.17,,,,,,,,,,,8525.24,,,,,,,,,,,,,,8525.24,,,,,,no,yes,no,yes,no,yes,no,yes,no,yes,1411,,,,,,,,,,,,,,,,,,,,,,,,,0,,,,,
"Africa, International Tropical Timber Organization",LBR,Liberia,2000,0,0,100,0,8222.64,306,9632,8212.83,9.81,9.81,,0,,,,10.9,,,,,,,158,158,158,0,158,,1297.62714,1.54998,1.54998,0,1299.17712,,,,,,,,,,,,,,,,,,,,,,205.4,49.3,,96.54,23.17,,,,,,,,,,,8222.64,,,,,,,,,,,,,,8222.64,,,,,,no,yes,no,yes,no,yes,no,yes,no,yes,1411,,,,,,,,,,,,,,,,,,,,,,15,2,13,,,,15,2,13
"Africa, International Tropical Timber Organization",LBR,Liberia,2010,0,0,100,0,7920.04,306,9632,7901.62,18.42,18.42,,0,,,,10.9,,,,,,,158,158,158,0,158,,1248.45596,2.91036,2.91036,0,1251.36632,,,,,,,,,,,,,,,,,,,,,,205.4,49.3,,96.54,23.17,,,,,,,,,,,7920.04,,,,,,,,,,,,,,7920.04,,,,,,no,yes,no,yes,no,yes,no,yes,no,yes,1411,18.75,4.08,14.67,0.35,0.04,0.31,10.4,1.04,9.36,5.5,2.85,2.65,2.5,0.75,1.75,,,,,,,27,3,24,65,12,53,92,15,77
"Africa, International Tropical Timber Organization",LBR,Liberia,2015,0,0,100,0,7768.74,306,9632,7746.02,22.72,22.72,,0,,,,10.9,,,,,,,158,158,158,0,158,,1223.87116,3.58976,3.58976,0,1227.46092,,,,,,,,,,,,,,,,,,,,,,205.4,49.3,,96.54,23.17,,,,,,,,,,,7768.74,,,,,,,,,,,,,,7768.74,,,,,,no,yes,no,yes,no,yes,no,yes,no,yes,2720,39.88,13.95,25.92,0.45,0.05,0.4,20.5,1.3,11.7,15.38,11.28,4.11,4,1.32,2.68,,,,25,4,21,65,10,55,76,15,61,176,29,147
"Africa, International Tropical Timber Organization",LBR,Liberia,2020,0,0,100,0,7617.44,306,9632,7590.41,27.03,27.03,,0,,,,10.9,,,,,,,158,158,158,0,158,,1199.28478,4.27074,4.27074,0,1203.55552,,,,,,,,,,,,,,,,,,,,,,205.4,49.3,,96.54,23.17,,,,,,,,,,,7617.44,,,,,,,,,,,,,,,,,,,,no,yes,no,yes,no,yes,no,yes,no,yes,1678,,,,,,,,,,,,,,,,,,,,,,,,,,,,,,
Asia,MNG,Mongolia,1990,53,47,0,0,14352,2645,155356,14347.6,4.4,4.4,0,0,0,20.25,0,0,0,0,0,0,3.47,0,96.3,25,25,0,96.3,0.69,1381.67388,0.11,0.11,0,1382.0976,1.82505,1019.19,122.19,108.99,108.68,11.24,7.4,4.55,,,,,1382.24,,,,,,,,1382.24,54.9,16.4,15.1,29.1,8.6,7.7,15.9,83.9,,3175.52,10214.02,26.31,2.02,,,,,,,,,43.52,14352,43.52,0,0,0,0,14352,,14352,0,0,0,0,yes,yes,yes,yes,yes,yes,yes,yes,yes,yes,14352,267,93,174,,,,,,,,,,,,,,,,,,,,,,,,,,,
Asia,MNG,Mongolia,2000,53,47,0,0,14263.9,2645,155356,14254.87,9.03,9.03,0,0,0,10.13,0,0,0,0,0,0,3.52,0,96.3,25,25,0,96.3,0.69,1372.743981,0.22575,0.22575,0,1373.61357,1.82505,1012.6,121.4,108.29,107.98,11.16,7.35,4.52,,,,,1373.3,,,,,,,,1373.3,54.9,16.4,15.1,29.1,8.6,7.7,15.9,83.9,,3175.52,10214.02,575.29,197.29,,,,,,,,,2343.72,14263.9,2343.72,0,0,0,0,14263.9,,14263.9,0,0,0,0,yes,yes,yes,yes,yes,yes,yes,yes,yes,yes,14263.9,77,27,50,,,,,,,,,,,,,3,1,2,6,3,3,97,33,64,0,0,0,106,37,69
Asia,MNG,Mongolia,2010,53,47,0,0,14183.9,2645,155356,14173.7,10.12,10.12,0,0,0,5.06,0,0,0,0,0,0,3.93,0,96.3,25,25,0,96.3,0.69,1364.92731,0.253,0.253,0,1365.90957,1.82505,1006.84,120.71,107.67,107.36,11.1,7.31,4.49,,,,,1365.48,,,,,,,,1365.48,54.9,16.4,15.1,29.1,8.6,7.7,15.9,83.9,,3175.52,10214.02,578.84,215.52,0,0,,,,,,,2403.95,14183.9,2403.95,0,0,0,0,14183.9,,10507.46,0,601.7,3074.74,0,yes,yes,yes,yes,yes,yes,yes,yes,yes,yes,14183.9,64,29,35,,,,,,,,,,,,,5,2,3,18,9,9,81,28,53,0,0,0,104,37,65
Asia,MNG,Mongolia,2015,53,47,0,0,14178.33,2645,155356,14170.68,7.65,7.65,0,0,0,0.51,0,0,0,0,0,0,4.21,0,96.3,25,25,0,96.3,0.69,1364.636484,0.19125,0.19125,0,1365.373179,1.82505,1006.71,120.69,107.66,107.35,11.1,7.31,4.49,,,,,1365.31,,,,,,,,1365.31,54.9,16.4,15.1,29.1,8.6,7.7,15.9,83.9,,3777,9198.63,952.77,249.93,0,0,,,,,,,2976.23,14178.33,2976.23,0,0,0,0,14178.33,,10139.1,0,522.23,3517,0,yes,yes,yes,yes,yes,yes,yes,yes,yes,yes,14178.33,,,,,,,,,,,,,,,,2,1,1,8,4,4,168,57,111,0,0,0,178,62,116
Asia,MNG,Mongolia,2020,53,47,0,0,14172.78,2645,155356,14165.1,7.68,7.68,0,0,0,0.51,0,0,0,0,0,0,4.21,0,96.3,25,25,0,96.3,0.69,1364.09913,0.192,0.192,0,1364.838714,1.82505,1006.23,120.63,107.61,107.3,11.09,7.31,4.49,,,,,1364.66,,,,,,,,1364.66,54.9,16.4,15.1,29.1,8.6,7.7,15.9,83.9,,3778,9192.08,952.77,249.93,0,0,0,,,,,,2976.23,14172.78,2976.23,,,,,,,,,,,,yes,yes,yes,yes,yes,yes,yes,yes,yes,yes,14172.78,,,,,,,,,,,,,,,,,,,,,,,,,,,,,,
"ASEAN, International Tropical Timber Organization, Asia",MYS,Malaysia,1990,0,0,100,0,20618.5,0,32855,18683.82,1934.68,1934.68,,0,1086.16,,,467.76,1836.6,2345.06,598.07,,,,227.79,145,145,0,220.0218251,,4255.987358,280.5286,280.5286,0,4536.52,,755,551,259.62,237,111.93,93.21,81.29,77.03,75.33,71.07,2224.04,4536.52,,,,,,,,4536.52,213.78,51.31,,100.48,24.11,,,,,11435.66,0,0,0,7346.24,1836.6,0,11435.66,,,,,1436.41,9141.13,1150.34,1836.6,0,1836.6,0,18781.9,0,18781.9,0,0,0,0,yes,yes,yes,yes,yes,yes,yes,yes,yes,yes,12491.13,,,,,,,,,,,,,,,,,,,,,,,,,,,,,,
"ASEAN, International Tropical Timber Organization, Asia",MYS,Malaysia,2000,0,0,100,0,19691.35,0,32855,18063.83,1627.52,1627.52,,0,1086.16,,,438.02,1430.7,3535.22,379.77,,,,217.4999529,145,145,0,211.5075909,,3928.88,235.9904,235.9904,0,4164.87,,695,507,239.66,219,103.33,86.04,75.04,71.11,69.54,65.61,2033.54,4164.87,,,,,,,,4164.87,205.12,49.23,,96.41,23.14,,,,,9979.47,0,0,0,8281.18,1430.7,0,9979.47,,,,,1837.29,8887.7,1516.32,1430.7,0,1430.7,0,18260.65,0,18195.47,0,0,0,65.18,yes,yes,yes,yes,yes,yes,yes,yes,yes,yes,12487.7,,,,,,,,,,,,,,,,,,,,,,,,,,,,,,
"ASEAN, International Tropical Timber Organization, Asia",MYS,Malaysia,2010,0,0,100,0,18947.65,0,32855,17638.74,1308.91,1308.91,,0,1086.16,,,429.77,1020.4,4959.42,437.97,,,,207.23,145,145,0,202.9312342,,3655.27609,189.79195,189.79195,0,3845.07,,679,495,222.97,213,96.13,80.05,69.82,66.16,64.7,61.04,1797.2,3845.07,,,,,,,,3845.07,196.29,47.11,,92.26,22.14,,,,,9989.55,0,0,0,7937.7,1020.4,0,9989.55,,,,,2094.74,9186.91,1912.96,1020.4,0,1020.4,0,17927.25,0,17927.25,0,0,0,0,yes,yes,yes,yes,yes,yes,yes,yes,yes,yes,12793.91,23.46,2.02,21.44,,,,,,,,,,,,,2,1,1,20,12,8,364,206,158,80,28,52,466,247,219
"ASEAN, International Tropical Timber Organization, Asia",MYS,Malaysia,2015,0,0,100,0,19464.22,0,32855,17756.22,1708,1708,,0,1086.16,,,410.66,1074.53,5724.94,221.71,,,,223.1101119,145,145,0,216.255776,,3961.59,247.66,247.66,0,4209.25,,491.63,454.39,241.66,154.11,104.19,86.76,75.67,71.7,70.12,66.16,2392.86,4209.25,,,,,,,,4209.25,209.9,50.38,,98.65,23.68,,,,,9046.54,0,0,0,9343.15,1074.53,0,9046.54,,,,,3038.12,10463.86,1255.11,1074.53,0,1074.53,0,18389.69,0,18389.69,0,0,0,0,yes,yes,yes,yes,yes,yes,yes,yes,yes,yes,12788.05,25.11,3.2,21.91,,,,,,,,,,,,,6,2,4,17,10,7,145,92,53,140,40,100,308,144,164
"ASEAN, International Tropical Timber Organization, Asia",MYS,Malaysia,2020,0,0,100,0,19114.04,0,32855,17416.92,1697.12,1697.12,,0,1086.16,,,409.29,1072.92,6357.6,153.08,,,,223.11,145,145,0,216.1746025,,3885.889021,246.0824,246.0824,0,4131.97,,482.24,445.71,237.04,151.16,102.2,85.1,74.22,70.33,68.78,64.89,2350.3,4131.97,,,,,,,,4131.97,209.87,50.37,,98.64,23.67,,,,,8661.25,0,0,0,9497.36,955.43,0,8661.25,,,,,3438.07,10618.87,1370.06,,,,,,,,,,,,yes,yes,yes,yes,yes,yes,yes,yes,yes,yes,12835.56,,,,,,,,,,,,,,,,,,,,,,,,,,,,,,
Oceania,NCL,New Caledonia,1990,0,0,100,0,831.13,544.09,1828,822.09,9.04,9.04,9,0,337.6,,,25.88,,,,,,,77.39,169.42,169.42,0,78.39,,63.6215451,1.5315568,1.5315568,0,65.1522807,,4.11,2.99,2.08,1.94,1.68,1.63,1.61,1.31,1.04,1.03,44.21,63.63,,,,,,1.53,1.53,65.16,146,33,17,68.7,15.67,7.77,1.56,78,100,19.04,123.84,60.49,,,,627.76,,,,,,60.49,,,,,,,,831.13,,,,,,no,no,no,no,yes,no,no,no,no,,,,,,,,,,,,,,,,,,,,,,,,,,,,,,,,
Oceania,NCL,New Caledonia,2000,0,0,100,0,837.85,533.11,1828,828.01,9.84,9.84,9.4,0,337.6,,,25.88,,,,,,,77.39,164.19,164.19,0,78.4,,64.0796939,1.6156296,1.6156296,0,65.68744,,4.11,2.99,2.08,1.94,1.68,1.63,1.61,1.31,1.04,1.03,44.68,64.1,,,,,,1.6,1.6,65.7,146,33,17,68.7,15.67,7.77,1.56,78,100,19.84,123.84,72.23,,,,621.94,,,,,,72.23,,,,,,,,837.85,,,,,,no,no,no,no,yes,no,no,no,no,,,,,,,,,0.04,,,,,,,,,,,,,,,,,,,,,,,
Oceania,NCL,New Caledonia,2010,0,0,100,0,839.02,531.38,1828,829.24,10.39,10.39,9.76,0,337.6,,,25.88,,,,,,,77.39,162.12,162.12,0,78.43,,64.1748836,1.6844268,1.6844268,0,65.8043386,,4.11,2.99,2.08,1.94,1.68,1.63,1.61,1.31,1.04,1.03,44.78,64.2,,,,,,1.66,1.66,65.86,146,33,17,68.7,15.67,7.77,1.56,78,100,20.39,123.84,76.15,,,,618.64,,,,,,76.15,,,373.07,93.01,0,280.06,462.2,3.75,462.2,0,0,0,0,no,no,no,no,yes,no,no,no,no,,,0.26,,,,,,,,,,,,,,,,,,,,,,,,,,,,,
Oceania,NCL,New Caledonia,2015,0,0,100,0,838.52,530.33,1828,828.63,10.39,10.39,9.76,0,337.6,,,25.88,,,,,,,77.39,162.12,162.12,0,78.43,,64.1276757,1.6844268,1.6844268,0,65.7651236,,4.11,2.99,2.08,1.94,1.68,1.63,1.61,1.31,1.04,1.03,44.74,64.16,,,,,,1.66,1.66,65.82,146,33,17,68.7,15.67,7.77,1.56,78,100,20.39,123.84,90.67,,,,603.62,,,,,,90.67,,,373.07,93.01,0,280.06,462.2,3.25,462.2,0,0,0,0,no,no,no,no,yes,no,no,no,no,,,,,,,,,,,,,,,,,,,,,,,,,,,,,,,,
Oceania,NCL,New Caledonia,2020,0,0,100,0,838.02,529.28,1828,827.73,10.39,10.39,9.76,0,337.6,,,25.88,,,,,,,77.39,162.12,162.12,0,78.43,,64.0580247,1.6844268,1.6844268,0,65.7259086,,4.11,2.99,2.08,1.94,1.68,1.63,1.61,1.31,1.04,1.03,44.67,64.09,,,,,,1.66,1.66,65.75,146,33,17,68.7,15.67,7.77,1.56,78,100,20.39,123.84,90.67,,,,603.12,,,,,,90.67,,,,,,,,,,,,,,no,no,no,no,yes,no,no,no,no,,,,,,,,,,,,,,,,,,,,,,,,,,,,,,,,
"Europe, UNECE, FOREST EUROPE",ISL,Iceland,1990,100,0,0,0,17.07,127.99,10025,10.51,6.56,0,0,6.56,0,,0,0,0,0,0,0,7.6,0,2.854424358,3.048780488,,3.048780488,2.929115407,0.234393312,0.03,0.02,0,0.02,0.05,0.03,,,,,,,,,,,,,,,,,,,,,19.62,4.91,,9.81,2.45,,6,84.73,30,2.9,10.03,0.06,2.05,1.92,0.06,0.05,5.6,14,0.41,3.97,0.06,0.35,8.71,0.35,11.33,10.1,1.24,0,5.74,0,5.74,,,,0,no,yes,no,yes,no,yes,no,no,no,no,,0.12,,,,,,,,,,,,,,,1,0,1,0,0,0,1,0,1,0,0,0,2,0,2
"Europe, UNECE, FOREST EUROPE",ISL,Iceland,2000,100,0,0,0,29.83,134.44,10025,10.94,18.89,0,0,18.89,0,,0,0,0,0,0,0,9.01,0,2.742230347,3.705664373,,3.705664373,3.352329869,0.223147873,0.03,0.07,0,0.07,0.1,0.03,,,,,,,,,,,,,,,,,,,,,14.19,3.55,,7.09,1.77,,6,84.73,30,8.38,11.71,0.06,4.59,4.86,0.17,0.06,14.36,21.16,0.53,9.45,0.17,0.48,21.17,0.48,20.38,16.77,3.61,0,9.45,0,9.45,,,,0,no,yes,no,yes,no,yes,no,no,no,no,,0.12,,,,,,,,,,,,,,,0,0,0,1,1,0,0,0,0,1,0,1,2,1,1
"Europe, UNECE, FOREST EUROPE",ISL,Iceland,2010,100,0,0,0,44.67,142.22,10025,11.37,33.3,0,0,33.3,0,22.44,0,0,0,0,0,0,10.24,0,2.638522427,8.708708709,,8.708708709,7.387508395,0.210940796,0.03,0.29,0,0.29,0.33,0.03,0.06,,,,,,,,,,0,0.06,0.07,0.05,0.06,0.04,0.03,0.02,0.27,0.33,15.63,3.91,,7.82,1.95,,6,84.73,30,14.36,14.41,0.13,5.97,9.56,0.17,0.07,24.33,29.94,0.73,15.53,0.17,0.6,35.7,0.6,33.89,28.29,5.6,0,10.78,0,10.78,,,,0,no,yes,no,yes,no,yes,no,no,no,no,,0.14,,,,,,,,,,,,,,,1,1,0,1,1,0,3,1,2,2,1,1,7,4,3
"Europe, UNECE, FOREST EUROPE",ISL,Iceland,2015,100,0,0,0,48.16,145.94,10025,11.58,36.58,0,0,36.58,0,24.39,0,0,0,0,0,0,10.54,0,3.454231434,12.84855112,,12.84855112,10.589701,0.20556393,0.04,0.47,0,0.47,0.51,0.03,0.06,,,,,,,,,,0,0.06,0.12,0.09,0.09,0.08,0.04,0.03,0.45,0.51,19.86,4.96,,9.93,2.48,,6,84.73,30,16.59,14.85,0.16,6.11,10.15,0.17,0.13,27.16,31.11,0.77,16.26,0.17,0.61,38.99,0.61,37.12,31.07,6.05,0,11.04,0,11.04,,,,0,no,yes,no,yes,no,yes,no,no,no,no,,0.12,,,,,,,,,,,,,,,0,0,0,2,1,1,3,1,2,1,1,0,6,3,3
"Europe, UNECE, FOREST EUROPE",ISL,Iceland,2020,100,0,0,0,51.35,149.54,10025,11.79,39.56,0,0,39.56,0,26.33,0,0,0,0,0,0,10.86,0,3.392705683,19.71688574,,19.71688574,15.96884129,0.20061522,0.04,0.78,0,0.78,0.82,0.03,0.09,,,,,,,,,,0,0.09,0.19,0.16,0.14,0.13,0.06,0.05,0.73,0.82,23.66,5.91,,11.83,2.96,,6,84.73,30,17.87,15.39,0.17,6.6,10.98,0.18,0.16,29.51,32.98,,17.58,0.18,,41.36,,,,,,,,,,,,,no,yes,no,yes,no,yes,no,no,no,no,,,,,,,,,,,,,,,,,,,,,,,,,,,,,,,
"UNECE, FOREST EUROPE, International Tropical Timber Organization, Europe, EU-27",MLT,Malta,1990,0,0,0,100,0.35,0,32,0.35,0,0,0,0,0,,0,0,0,,,,,,,,,,,,,,,,,,,,,,,,,,,,,,,,,,,,,,,,,,,,,,,,,,,,,0.35,,,,,,,,,,,,,,0.35,,,,,,no,yes,no,yes,no,,,,,,,,,,,,,,,,,,,,,,,,,,,,,,,,,,,,
"UNECE, FOREST EUROPE, International Tropical Timber Organization, Europe, EU-27",MLT,Malta,2000,0,0,0,100,0.35,0,32,0.35,0,0,0,0,0,,0,0,0,,,,,,,,,,,,,,,,,,,,,,,,,,,,,,,,,,,,,,,,,,,,,,,,,,,,,0.35,,,,,,,,,,,,,,0.35,,,,,,no,yes,no,yes,no,,,,,,,,,,,,,,,,,,,,,,,,,,,,,,,,,,,,
"UNECE, FOREST EUROPE, International Tropical Timber Organization, Europe, EU-27",MLT,Malta,2010,0,0,0,100,0.35,0,32,0.35,0,0,0,0,0,,0,0,0,,,,,,,,,,,,,,,,,,,,,,,,,,,,,,,,,,,,,,,,,,,,,,,,,,,,,0.35,,,,,,,,,,,,,,0.35,,,,,,no,yes,no,yes,no,,,,,,,,,,,,,,,,,,,,,,,,,,,,,,,,,,,,
"UNECE, FOREST EUROPE, International Tropical Timber Organization, Europe, EU-27",MLT,Malta,2015,0,0,0,100,0.35,0,32,0.35,0,0,0,0,0,,0,0,0,,,,,,,,,,,,,,,,,,,,,,,,,,,,,,,,,,,,,,,,,,,,,,,,,,,,,0.35,,,,,,,,,,,,,,0.35,,,,,,no,yes,no,yes,no,,,,,,,,,,,,,,,,,,,,,,,,,,,,,,,,,,,,
"UNECE, FOREST EUROPE, International Tropical Timber Organization, Europe, EU-27",MLT,Malta,2020,0,0,0,100,0.46,0.07,32,0.42,0.04,0.04,,0,0,,0,0,0,,,,,,,,,,,,,,,,,,,,,,,,,,,,,,,,,,,,,,,,,,,,,,,,,,,,,0.46,,,,,,0.04,0.04,0.04,,,,,,,,,,,,no,yes,no,yes,no,,,,,,,,,,,,,,,,,,,,,,,,,,,,,,,,,,,,
"FOREST EUROPE, UNECE, Europe",MNE,Montenegro,1990,0,68,0,32,626,118,1345,618,8,8,,0,,,0,0,0,,,,,,117.4757282,,,,,12.71186441,72.6,,,,,1.5,,,,,,,,,,,,,,,,,,,,,,,,,,,,,,,,,,,,626,,,,,,,,,,,,,,626,,,,,,yes,yes,,yes,,yes,,no,,yes,,,,,,,,,,,,,,,,,,,,,,,,,,,,,,,
"FOREST EUROPE, UNECE, Europe",MNE,Montenegro,2000,0,68,0,32,626,118,1345,618,8,8,,0,,,0,0,0,,,,,,117.48,,,,,12.71186441,72.60264,,,,,1.5,,,,,,,,,,,,,,,,,,,,,,,,,,,,,,,,,,,,626,,,,,,,,,,,,,,626,,,,,,yes,yes,,yes,,yes,,no,,yes,,,,,,,,,,,,,,,,,,,,,,,,,,,,,,,
"FOREST EUROPE, UNECE, Europe",MNE,Montenegro,2010,0,68,0,32,827,137,1345,819,8,8,,0,,,0,0,0,,,,,,148.23,,,,,2.919708029,121.40037,,,,,0.4,52,24.2,15.2,5.5,4.7,3.4,3.1,3,2.5,1.8,6,121.4,,,,,,,,121.4,96.87,15.99,8.31,48.43,8,4.15,,,,675.4,106,,,,,45.6,675.4,106,,827,,83.9,303.93,28.4,393.99,,,,432.79,0.22,420.94,0,0,0,11.85,yes,yes,,yes,,yes,,no,,yes,,,,,,,,,,,,,,,,,,,,,,,,,,,,,,,
"FOREST EUROPE, UNECE, Europe",MNE,Montenegro,2015,0,68,0,32,827,137,1345,819,8,8,,0,1.6,,0,0,0,,,,,,148.23,,,,,2.919708029,121.40037,,,,,0.4,52,24.2,15.2,5.5,4.7,3.4,3.1,3,2.5,1.8,6,121.4,,,,,,,,121.4,96.87,15.99,8.31,48.43,8,4.15,,,,675.4,106,,,,,45.6,675.4,106,,827,,83.9,303.93,28.4,393.99,,,,432.79,0.22,420.94,0,0,0,11.85,yes,yes,,yes,,yes,,no,,yes,826.78,,,,,,,,,,,,,,,,,,,,,,,,,,,,,,
"FOREST EUROPE, UNECE, Europe",MNE,Montenegro,2020,0,68,0,32,827,137,1345,819,8,8,,0,1.6,0,0,0,0,,,,,,148.23,,,,,2.919708029,121.40037,,,,,0.4,52,24.2,15.2,5.5,4.7,3.4,3.1,3,2.5,1.8,6,121.4,,,,,,,,121.4,96.87,15.99,8.31,48.43,8,4.15,,,,675.4,106,,,,,45.6,675.4,106,,827,,83.9,303.93,28.4,,,,,,,,,,,,yes,yes,,yes,,yes,,no,,yes,,,,,,,,,,,,,,,,,,,,,,,,,,,,,,,
Africa,NGA,Nigeria,1990,0,0,100,0,26526.09,0,91077,26260.3,265.26,265.26,105,0,,,,1012,,,,,,,100.16,100.16,100.16,0,100.16,,2630.231648,26.5684416,26.5684416,0,2656.853174,,,,,,,,,,,,,,,,,,,,,,134.77,28.66,10.87,63.34,13.47,5.11,,,,6893.6,3446.8,2890.7,861.7,861.7,0,11571.59,,,,,,2890.7,11202.1,,861.7,,,,16372.3,9292.09,16372.3,0,0,0,0,yes,yes,yes,yes,yes,yes,yes,yes,yes,yes,4105,9.4,0.94,8.46,,,,,,,,,,,,,,,,,,,,,,24,21,3,,,
Africa,NGA,Nigeria,2000,0,0,100,0,24893.04,0,91077,24644.11,248.93,248.93,135,0,,,,997,,,,,,,100.16,100.16,100.16,0,100.16,,2468.354058,24.9328288,24.9328288,0,2493.286886,,,,,,,,,,,,,,,,,,,,,,134.77,28.66,10.87,63.34,13.47,5.11,,,,5254.8,2627.4,2890.7,656.85,656.85,0,12806.44,,,,,,2890.7,8539.05,,656.85,,,,12480.15,11756.04,12480.15,0,0,0,0,yes,yes,yes,yes,yes,yes,yes,yes,yes,yes,4105,9.9,0.99,8.91,,,,,,,,,,,,,,,,,,,,,,379,38,341,,,
Africa,NGA,Nigeria,2010,0,0,100,0,23259.98,0,91077,23027.38,232.6,232.6,165,0,,,,997,,,,,,,100.16,100.16,100.16,0,100.16,,2306.422381,23.297216,23.297216,0,2329.719597,,,,,,,,,,,,,,,,,,,,,,134.77,28.66,10.87,63.34,13.47,5.11,,,,3616.4,1808.2,2890.7,452.05,452.05,0,14040.58,,,,,,2890.7,6031.9,,452.05,,,,8588.95,14218.98,8588.95,0,0,0,0,yes,yes,yes,yes,yes,yes,yes,yes,yes,yes,4105,12,1.2,10.8,,,,,,,,,,,,,,,,,,,,,,562,136,426,,,
Africa,NGA,Nigeria,2015,0,0,100,0,22443.45,0,91077,22219.02,224.43,224.43,200,0,,,,983.7,,,,,,,100.16,100.16,100.16,0,100.16,,2225.457043,22.4789088,22.4789088,0,2247.935952,,,,,,,,,,,,,,,,,,,,,,134.77,28.66,10.87,63.34,13.47,5.11,,,,2797.2,1398.6,2890.7,349.65,349.65,0,14657.65,,,,,,2890.7,4545.45,,349.65,,,,6643.35,15450.45,6643.35,0,0,0,0,yes,yes,yes,yes,yes,yes,yes,yes,yes,yes,4105,20,4,16,,,,,,,,,,,,,,,,,,,,,,979,349,630,,,
Africa,NGA,Nigeria,2020,0,0,100,0,21626.95,0,91077,21410.68,216.27,216.27,,0,,,,976.4,,,,,,,100.16,100.16,100.16,0,100.16,,2144.493709,21.6616032,21.6616032,0,2166.155312,,,,,,,,,,,,,,,,,,,,,,134.77,28.66,10.87,63.34,13.47,5.11,,,,1502.2,751.11,2890.7,187.82,187.83,0,16107.29,,,,,,2890.7,2441.14,,,,,,,,,,,,,yes,yes,yes,yes,yes,yes,yes,yes,yes,yes,3575,,,,,,,,,,,,,,,,,,,,,,,,,,,,,,
Africa,MUS,Mauritius,1990,0,0,100,0,41.07,17.95,203,23.82,17.25,0,0,17.25,23.8,,,0.07,0,,,,,,55.8,119.8,0,119.8,82.78548819,27.8551532,1.329156,2.06655,0,2.06655,3.4,0.5,,,,,,,,,,,1.33,1.33,1.01,0.63,0.12,0.03,0.21,0.58,2.58,3.91,123.2,31.56,,57.91,14.83,,2.83,70,30,12.32,17.25,8.63,2.87,0,0,,12.32,28.75,28.75,5.4,0,12.13,5.63,5.63,17.72,,,,23.35,,23.35,0,0,0,0,yes,yes,no,yes,no,yes,no,yes,no,no,,2.3,0.02,2.28,1.44,0.01,1.43,0.7,0,0.7,0.06,0,0.06,0.1,0.01,0.09,0,0,0,0,0,0,0,0,0,30,0,30,30,0,30
Africa,MUS,Mauritius,2000,0,0,100,0,41.93,17.9,203,23.82,18.11,0,0,18.11,23.8,,,0.09,0,,,,,,55.8,119.2,0,119.2,83.23396136,27.9,1.329156,2.158712,0,2.158712,3.49,0.49941,,,,,,,,,,,1.33,1.33,1.03,0.69,0.12,0.03,0.21,0.58,2.66,3.99,123.16,31.59,,57.89,14.85,,2.83,70,30,12.58,17.61,8.8,2.94,0,0,,12.58,29.35,29.35,6.5,0,14.53,7.85,7.85,17.78,,,,24.14,,24.14,0,0,0,0,yes,yes,no,yes,no,yes,no,yes,no,no,,2.55,0.06,2.49,1.5,0.02,1.48,0.9,0.01,0.89,0.1,0.01,0.09,0.15,0.02,0.13,0,0,0,0,0,0,0,0,0,43,0,43,43,0,43
Africa,MUS,Mauritius,2010,0,0,100,0,38.39,12.17,203,20.31,18.05,0,0,18.05,20.3,,,0.2,0,,,,,,55.8,119.7,0,119.7,85.43891638,27.9,1.133298,2.160585,0,2.160585,3.28,0.339543,,,,,,,,,,,1.14,1.14,1.05,0.67,0.13,0.03,0.21,0.42,2.51,3.65,124.21,32.04,,58.38,15.06,,2.83,70,30,11.52,16.13,6.72,2.69,1.33,0,0,11.52,26.88,26.88,7.7,0,14.81,8.25,8.25,14.54,,,,23.85,0,23.85,0,0,0,0,yes,yes,no,yes,no,yes,no,yes,no,no,,3.1,0.07,3.03,1.8,0.05,1.6,1,0.01,1.19,0.1,0.01,0.11,0.2,0.2,0.13,0,0,0,4,1,3,0,0,0,19,0,19,23,1,22
Africa,MUS,Mauritius,2015,0,0,100,0,38.3,12.19,203,20.3,18,0,0,18,20.3,,,0.2,0,,,,,,55.8,119.7,0,119.7,86.4229765,27.9,1.13274,2.1546,0,2.1546,3.31,0.340101,,,,,,,,,,,1.14,1.14,1.05,0.68,0.13,0.03,0.21,0.41,2.51,3.65,124.2,32.03,,58.37,15.06,,2.83,70,30,7.66,16.85,7.66,3.06,3.07,0,,7.66,27.57,27.57,8.3,0,14.83,8.27,8.27,14.53,,,,23.77,,23.77,0,0,0,0,yes,yes,no,yes,no,yes,no,yes,no,no,,3.8,0.19,3.61,2,0.08,1.92,1.5,0.01,1.49,0.1,0.02,0.08,0.2,0.08,0.12,0,0,0,0,0,0,0,0,0,0,0,0,0,0,0
Africa,MUS,Mauritius,2020,0,0,100,0,38.77,11.96,203,20.3,17.95,0,0,17.95,20.3,,,0.2,0,,,,,,55.8,119.7,0,119.7,83.82770183,27.9,1.13274,2.148615,0,2.148615,3.25,0.333684,,,,,,,,,,,1.07,1.07,1.06,0.68,0.13,0.03,0.09,0.47,2.46,3.53,124.18,32.03,,58.37,15.05,,2.83,70,30,7.5,17.15,7.86,3.12,3.14,0,0,7.5,28.3,28.3,8.35,0,14.83,8.27,8.27,,,,,,,,,,,,yes,yes,no,yes,no,yes,no,yes,no,no,,,,,,,,,,,,,,,,,,,,,,,,,,,,,,,
Africa,MWI,Malawi,1990,0,0,100,0,3501.7,0,9428,3362.6,139.1,139.1,139.1,0,1727,,,0,0,,,,,,52.5,52.5,52.5,0,52.5,,176.5365,7.30275,7.30275,0,183.83925,0,,,,,,,,,,,,,,,,,,,,,78.7,18.9,6,37,8.9,2.8,0.5,56.1,30,965.8,,757.9,,,,1778,,,,,,757.9,,,,,,,,3501.7,,,,,,no,yes,no,yes,no,yes,no,no,no,yes,1526.5,0.81,,,,,,,,,,,,,,,,,,,,,,,,,,,,,
Africa,MWI,Malawi,2000,0,0,100,0,3081.7,0,9428,2963.7,118,118,118,0,1330,,,0,0,,,,,,52.5,52.5,52.5,0,52.5,,155.59425,6.195,6.195,0,161.78925,0,,,,,,,,,,,,,,,,,,,,,78.7,18.9,6,37,8.9,2.8,0.5,56.1,30,965.8,,757.9,,,,1358,,,,,,757.9,,,,,,,,3081.7,,,,,,no,yes,no,yes,no,yes,no,no,no,yes,1526.5,1,,,,,,,,,,,,,,,,,,,,,,,,,,,,,
Africa,MWI,Malawi,2010,0,0,100,0,2661.7,0,9428,2564.9,96.8,96.8,96.8,0,734,,,0,0,,,,,,52.5,52.5,52.5,0,52.5,,134.65725,5.082,5.082,0,139.73925,0,,,,,,,,,,,,,,,,,,,,,78.7,18.9,6,37,8.9,2.8,0.5,56.1,30,965.8,,757.9,,,,938,,,,,,757.9,,,,,,,,2661.7,,,,,,no,yes,no,yes,no,yes,no,no,no,yes,1526.5,1,,,,,,,,,,,,,,,,,,,,,,,,,,,,,
Africa,MWI,Malawi,2015,0,0,100,0,2451.7,0,9428,2365.5,86.2,86.2,86.2,0,721,,,0,0,,,,,,52.5,52.5,52.5,0,52.5,,124.18875,4.5255,4.5255,0,128.71425,0,,,,,,,,,,,,,,,,,,,,,78.7,18.9,6,37,8.9,2.8,0.5,56.1,30,965.8,,757.9,,,,728,,,,,,757.9,,,,,,,,2451.7,,,,,,no,yes,no,yes,no,yes,no,no,no,yes,1526.5,1,,,,,,,,,,,,,,,,,,,,,,,,,,,,,
Africa,MWI,Malawi,2020,0,0,100,0,2241.7,0,9428,2166,75.7,75.7,75.7,0,708,,,0,0,,,,,,52.5,52.5,52.5,0,52.5,,113.715,3.97425,3.97425,0,117.68925,0,,,,,,,,,,,,,,,,,,,,,78.7,18.9,6,37,8.9,2.8,0.5,56.1,30,965.8,,757.9,,,,518,,,,,,757.9,,,,,,,,,,,,,,no,yes,no,yes,no,yes,no,no,no,yes,1526.5,,,,,,,,,,,,,,,,,,,,,,,,,,,,,,
"Africa, International Tropical Timber Organization",MLI,Mali,1990,0,0,100,0,13296,13842,122019,13291,5,0,0,5,0,,,0,,,,,,,,,,,42.57,,,,,,566.01072,,,,,,,,,,,,,,,,,,,,,,46.36,11.61,,21.79,5.46,,,35,30,6476.8,809.6,4030,0,1979.6,0,0,,3737,,,3012.18,3900,,,4,4,0,0,13292,0,13292,0,0,0,0,no,yes,yes,yes,yes,yes,no,yes,no,yes,,135,,,,,,,,,,,,,,,,,,,,,,,,,,,,,
"Africa, International Tropical Timber Organization",MLI,Mali,2000,0,0,100,0,13296,13842,122019,13241,55,0,0,55,0,,,0,,,,,,,,,,,42.57,,,,,,566.01072,,,,,,,,,,,,,,,,,,,,,,46.36,11.61,,21.79,5.46,,,35,30,6476.8,809.6,4030,0,1979.6,0,0,,3737,,,3012.18,3900,,,4,4,0,0,13292,0,13292,0,0,0,0,no,yes,yes,yes,yes,yes,no,yes,no,yes,,135,,,,,,,,,,,,,,,,,,,,,,,,,,,,,
"Africa, International Tropical Timber Organization",MLI,Mali,2010,0,0,100,0,13296,13842,122019,12766,530,0,0,530,0,,,0,,,,,,,,,,,42.57,,,,,,566.01072,,,,,,,,,,,,,,,,,,,,,,46.36,11.61,,21.79,5.46,,,35,30,6476.8,809.6,4030,0,1979.6,0,0,,3737,,,3012.18,3900,589,,4,4,0,0,13292,0,13292,0,0,0,0,no,yes,yes,yes,yes,yes,no,yes,no,yes,3987,200,180,20,,,,,,,,,,,,,,,,,,,,,,,,,,,
"Africa, International Tropical Timber Organization",MLI,Mali,2015,0,0,100,0,13296,13842,122019,12732,564,0,0,564,0,,,0,,,,,,,,,,,42.57,,,,,,566.01072,,,,,,,,,,,,,,,,,,,,,,46.36,11.61,,21.79,5.46,,,35,30,6476.8,809.6,4030,0,1979.6,0,0,,3737,,,3012.18,3900,,,4,4,0,0,13292,0,13292,0,0,0,0,no,yes,yes,yes,yes,yes,no,yes,no,yes,,,,,,,,,,,,,,,,,,,,,,,,,,,,,,,
"Africa, International Tropical Timber Organization",MLI,Mali,2020,0,0,100,0,13296,13842,122019,12728,568,0,0,568,0,,,0,,,,,,,,,,,42.57,,,,,,566.01072,,,,,,,,,,,,,,,,,,,,,,46.36,11.61,,21.79,5.46,,,35,30,6476.8,809.6,4030,0,1979.6,0,0,,3737,,,3012.18,2953.43,,,,,,,,,,,,,,no,yes,yes,yes,yes,yes,no,yes,no,yes,,,,,,,,,,,,,,,,,,,,,,,,,,,,,,,
"Europe, FOREST EUROPE, EU-27, International Tropical Timber Organization, UNECE",NLD,Netherlands,1990,0,100,0,0,345.33,0,3369,49.95,295.38,31,0,264.38,0,,0,0,0,0,,,,,151.7517518,151.7028912,151.6129032,151.7134428,151.7099586,0,7.58,44.81,4.7,40.11,52.39,0,17.29,7.33,3.67,0.79,2.62,1.05,0.79,1.57,0.52,,,35.63,3.14,4.19,2.62,2.62,,4.19,16.76,52.39,34,7,1,17.1,3.4,0.5,9,37,30,31,0,34.33,0,280,0,0,266,4.5,314.3,245.2,,,274,,169,,,0,176,0.33,176,0,0,0,0,no,yes,yes,yes,no,no,no,no,no,yes,345.33,1.8,0.13,1.67,,,,,,,,,,,,,1,,,237,80,156,0,0,0,,,,,,
"Europe, FOREST EUROPE, EU-27, International Tropical Timber Organization, UNECE",NLD,Netherlands,2000,0,100,0,0,359.5,0,3369,45.94,313.56,4,0,309.56,0,,0,0,0,0,20.6,,,,170.0043535,169.9515244,170,169.950898,169.9582754,0,7.81,53.29,0.68,52.61,61.1,0,15.64,11.44,4.95,3.78,2.47,0.89,0.65,0.54,0.53,0.31,0.5,41.7,6.04,4.2,2.84,2.33,1.85,2.14,19.4,61.1,40,8,1,20,4,0.6,9,39,30,4,0,89.5,0,266,0,,245.4,4.5,335.5,291.5,,83,283.9,,182,52,62,0,177.5,,177.5,0,0,0,0,no,yes,yes,yes,no,no,no,no,no,yes,359.5,1.46,0.11,1.35,,,,,,,,,,,,,2,,,126,43,83,0,0,0,,,,,,
"Europe, FOREST EUROPE, EU-27, International Tropical Timber Organization, UNECE",NLD,Netherlands,2010,0,100,0,0,373.48,0,3369,40.87,332.61,4,0,328.61,0,11.58,0,0,0,0,19.5,,,,203.5723024,203.481555,202.5,203.4935029,203.4914855,0,8.32,67.68,0.81,66.87,76,0,18.36,14.16,7.28,3.79,3.08,1.3,0.96,0.69,0.62,0.4,1.3,51.94,7.62,4.58,3.81,2.84,2.35,2.51,23.71,75.65,48,10,3,24.1,4.8,1.7,9,40.5,30,4,0,95.73,0,273.75,0,,254.6,4.5,370.7,307.7,,217,293.2,,192.24,52,80,0,181.24,,181,0,0,0,0.24,no,yes,yes,yes,no,no,no,no,no,yes,373.48,1.61,0.21,1.4,,,,,,,,,,,,,9,,,127,51,76,109,51,58,135,,,,,
"Europe, FOREST EUROPE, EU-27, International Tropical Timber Organization, UNECE",NLD,Netherlands,2015,0,100,0,0,364.83,0,3369,39.93,324.9,3,0,321.9,0,11.29,0,0,0,0,19.77,27.8,,,216.6291009,216.5897199,216.6666667,216.5890028,216.5940301,0,8.65,70.37,0.65,69.72,79.02,0,18.52,15.24,8.16,3.46,3.2,1.45,1.08,0.73,0.63,0.41,1.7,54.58,7.97,4.43,4.1,2.93,2.47,2.53,24.43,79.01,52.65,10.58,3.85,26.32,5.29,1.93,12.14,35.02,30,3,0,143.43,0,218.4,0,,223.7,1.72,361.9,307.6,,217,285.6,,187.79,48.9,78.25,0,177.04,,177.04,0,0,0,0,no,yes,yes,yes,no,no,no,no,no,yes,364.83,2.1,0.3,1.8,,,,,,,,,,,,,10,,,105,55,50,129,53,76,94,,,,,
"Europe, FOREST EUROPE, EU-27, International Tropical Timber Organization, UNECE",NLD,Netherlands,2020,0,100,0,0,369.5,0,3369,37.92,331.58,3,0,328.58,0,11.43,0,0,0,0,21.55,,,,223.8924051,223.9278605,223.3333333,223.9332887,223.9242219,0,8.49,74.25,0.67,73.58,82.74,0,18.8,16.12,9.16,3.13,3.36,1.62,1.21,0.78,0.64,0.44,2.14,57.4,8.4,4.29,4.44,3.03,2.61,2.57,25.34,82.74,55.13,11.08,4.41,27.56,5.54,2.2,12.29,35.47,30,3,0,145.27,0,221.23,0,0,226.5,1.72,366.5,311.6,,217,288.5,,,,,,,,,,,,,no,yes,yes,yes,no,no,no,no,no,yes,369.5,,,,,,,,,,,,,,,,,,,,,,,,,,,,,,
Africa,MRT,Mauritania,1990,0,0,100,0,476.04,3418.02,103070,465.97,10.07,0,0,10.07,0,,0,0.3,0,8.18,,,,,20,40,0,40,20.41845223,,9.3194,0.4028,0,0.4028,9.72,,,,,,,,,,,,,,,,,,,,,,38.81,15.52,,18.24,7.3,,,,,0,18.3,48,0,348.7,0,61.04,47,18.3,48,100,61.04,48,0,,8,8,0,0,407,61.04,407,0,0,0,0,yes,yes,yes,yes,yes,no,no,yes,no,yes,60,7.2,0.13,7.07,2,0.02,1.98,4.5,0,4.5,0.3,0.1,0.2,0.4,0.01,0.39,0,0,0,6,0,6,16,0,16,61,2,59,83,2,81
Africa,MRT,Mauritania,2000,0,0,100,0,421.64,3010.27,103070,400.39,21.25,0,0,21.25,0,,0,0.2,0,13.4,,,,,20,40,0,40,21.0131866,,8.0078,0.85,0,0.85,8.86,,,,,,,,,,,,,,,,,,,,,,39.92,15.97,,18.76,7.5,,,,,0,33.21,48,0,235.79,0,104.64,42,33.21,48,100,104.64,48,0,,8,8,0,0,347,66.64,309,0,0,0,38,yes,yes,yes,yes,yes,no,no,yes,no,yes,71,6.06,0.17,5.89,1.2,0.01,1.19,4.2,0,4.2,0.35,0.15,0.2,0.31,0.01,0.3,1,0,1,6,0,6,28,0,28,75,2,73,110,2,108
Africa,MRT,Mauritania,2010,0,0,100,0,367.24,2602.51,103070,334.81,32.43,0,0,32.43,0,,0,0.2,0,14.5,,,,,20,40,0,40,21.75688923,,6.6962,1.2972,0,1.2972,7.99,,1.72,1.18,0.5,0.21,0.12,0.02,0.02,0.02,0.02,0.01,3.47,7.29,0.7,,,,,,0.7,7.99,41.35,16.54,,19.44,7.77,,,,,0,35.35,48,0,158.65,0,125.24,36,35.35,48,100,125.24,48,6.37,,34,8,0,26,309,24.24,263,0,0,0,46,yes,yes,yes,yes,yes,no,no,yes,no,yes,83,5.45,0.29,5.16,0.75,0.08,0.67,4,0,4,0.4,0.2,0.2,0.3,0.01,0.29,2,0,2,6,0,6,21,0,21,86,11,74,126,11,115
Africa,MRT,Mauritania,2015,0,0,100,0,340.04,2398.64,103070,302.02,38.02,0,0,38.02,0,,0,0.21,0,20.18,,,,,20,40,0,40,22.23267851,,6.0404,1.5208,0,1.5208,7.56,,1.59,1.09,0.5,0.21,0.1,0.02,0.02,0.02,0.02,0.01,3.26,6.84,0.72,,,,,,0.72,7.56,42.25,16.9,,19.86,7.94,,,,,0.2,39.4,48,0,137.1,0,115.34,34,39.4,48,100,115.34,48,0,,108,8,0,100,209,23.04,209,0,0,0,0,yes,yes,yes,yes,yes,no,no,yes,no,yes,89,3.45,0.38,3.07,0.65,0.12,0.53,2,0,2,0.5,0.25,0.25,0.3,0.01,0.29,3,0,3,6,0,6,18,0,18,93,11,82,120,11,109
Africa,MRT,Mauritania,2020,0,0,100,0,312.8,2194.79,103070,269.3,43.57,0,0,43.57,0,,0,0.22,0,23,,,,,26,40,0,40,27.98,,7.0018,1.7428,0,1.7428,8.752144,,1.43,1.09,0.5,0.21,0.09,0.02,0.02,0.02,0.02,0.01,4.54,7.95,0.8,,,,,,0.8,8.75,53.11,21.24,,24.96,9.98,,,,,2,39.4,50,0,137.1,0,84.3,30,39.4,50,100,78.4,50,0.5,0.5,,,,,,,,,,,,yes,yes,yes,yes,yes,no,no,yes,no,yes,91,,,,,,,,,,,,,,,,,,,,,,,,,,,,,,
"UNECE, Europe, International Tropical Timber Organization, FOREST EUROPE",NOR,Norway,1990,93,7,0,0,12132,1868,30413,,,,,,200,940,0,0,0,0,,0,,,,,,,64.95219255,2.601713062,,,,,788,4.86,323.28,223.24,105.41,12.79,12.21,,,,6.07,,105,788,,,,,,,,788,42.63,11.76,,21.32,5.88,,,152.5,100,5889,4609,108,16,1485,25,,,,,,,108,3828,108,,,,,,,,,,,,no,yes,no,yes,no,yes,no,yes,no,no,,5.17,0.95,4.22,,,,,,,,,,,,,,,,,,,,,,,,,,,
"UNECE, Europe, International Tropical Timber Organization, FOREST EUROPE",NOR,Norway,2000,93,7,0,0,12113,1869,30413,,,,,,200,818,0,0,0,0,,0,,,,,,,74.13522662,3.140716961,,,,,898,5.87,354.4,265.68,118.84,13.76,14.31,6.08,7.86,6.39,7.44,2.3,95.52,892.58,3.65,0.84,0.55,0.38,,,5.42,898,48.45,13.33,10,24.23,6.66,5,,,100,5827,4609,158,16,1478,25,,,,,,,158,4631,158,,,,,,,,,,,,no,yes,no,yes,no,yes,no,yes,no,no,,4.37,0.8,3.57,,,,,,,,,,,,,,,,36,8,28,,,,,,,,,
"UNECE, Europe, International Tropical Timber Organization, FOREST EUROPE",NOR,Norway,2010,93,7,0,0,12102,1941,30413,11987,115,115,75,0,200,811,0,0,0,0,,0,,,87.41219655,184.2608696,184.2608696,,88.33250702,3.699124163,1047.81,21.19,21.19,0,1069,7.18,440.85,318.04,181.57,18.48,18.89,10.34,10.17,9.95,9.65,2.96,36.94,1057.84,7.73,1.05,1.08,0.73,0.57,,11.16,1069,57.17,15.5,,28.58,7.75,,,,100,5705,4609,492,17,1253,26,,,,,,,430,3748,430,9642,7952,363,1327,1488,,1467,0,0,21,0,no,yes,no,yes,no,yes,no,yes,no,no,,5.4,0.97,4.43,,,,,,,,,,,,,3,,,5,1,4,6,1,5,,,,,,
"UNECE, Europe, International Tropical Timber Organization, FOREST EUROPE",NOR,Norway,2015,93,7,0,0,12141,2043,30413,12033,108,108,76,0,200,805,0,0,0,0,,0,,,93.68403557,219.4444444,219.4444444,,94.80273454,4.033284386,1127.3,23.7,23.7,0,1151,8.24,479.17,337.24,190.5,20.7,20.24,11.74,11.05,11,9.96,3.09,41.49,1136.18,10.49,1.46,1.28,0.88,0.71,,14.82,1151,60.68,16.29,,30.34,8.14,,,,100,5674,4609,613,18,1201,26,,,,,,,520,5535,520,,,,,,,,,,,,no,yes,no,yes,no,yes,no,yes,no,no,,5.77,0.99,4.78,,,,,,,,,,,,,5,,,14,2,12,19,4,15,,,,,,
"UNECE, Europe, International Tropical Timber Organization, FOREST EUROPE",NOR,Norway,2020,93,7,0,0,12180,2145,30413,12072,108,108,76,0,200,799,0,0,0,0,,0,,,99.96603711,242.6851852,242.6851852,,101.2315271,4.335664336,1206.79,26.21,26.21,0,1233,9.3,517.49,356.45,199.44,22.93,21.58,13.14,11.93,12.05,10.26,3.23,46.01,1214.51,13.26,1.86,1.48,1.04,0.85,,18.49,1233,64.16,17.08,,32.08,8.54,,,,100,5643,4609,734,19,1149,26,0,,,,,,610,6218,610,,,,,,,,,,,,no,yes,no,yes,no,yes,no,yes,no,no,,,,,,,,,,,,,,,,,,,,,,,,,,,,,,,
"Oceania, Montreal Process, International Tropical Timber Organization",NZL,New Zealand,1990,12.63,66.28,4.2,16.89,9372.27,1494.19,26331,7841.16,1531.12,1531.12,1531.12,0,2103,27,0,28,0,0,26.04,,,,431.1402905,204.6475782,204.6475782,0,394.1378192,35.92581934,3380.64,313.34,313.34,0,3693.97,53.68,567.8,459.68,326.94,223.45,156.34,139.71,96.12,93.14,68.21,50.18,1199.07,3380.64,260.16,26.42,21.52,5.29,,0,313.39,3694.03,279.69,69.28,39.6,139.85,34.64,19.8,11.03,95.34,30,1758,0,4536,0,62,0,,1820,62,4536,5852,0,3180,6356,3180,3523,,,,5849,,5849,0,0,0,0,no,yes,yes,yes,no,yes,yes,no,no,yes,3180,5.88,,,3.34,,,2.28,,,,,,0.26,,,2,,,4,,,19,,,2,,,27,,
"Oceania, Montreal Process, International Tropical Timber Organization",NZL,New Zealand,2000,12.63,66.28,4.2,16.89,9850.44,1399.22,26331,7825.32,2025.12,2025.12,2025.12,0,2127,45,0,28,0,0,23.76,,,,431.1529752,238.7710358,238.7710358,0,391.602194,35.92715942,3373.91,483.54,483.54,0,3857.45,50.27,565.57,457.88,325.66,222.57,155.72,139.17,95.75,92.78,67.94,49.98,1200.89,3373.91,445.43,19.18,10.26,8.67,,0,483.54,3857.45,278.38,68.63,39.69,139.19,34.32,19.84,10.83,95.4,30,1995,0,4916,0,92,0,,2087,92,4916,6350,0,3426,7003,3426,3975,,,,5875,,5863,0,12,0,0,no,yes,yes,yes,no,yes,yes,no,no,yes,3426,9.21,,,3.39,,,4.61,,,,,,0.61,,,4,,,6,,,46,,,11,,,67,,
"Oceania, Montreal Process, International Tropical Timber Organization",NZL,New Zealand,2010,12.63,66.28,4.2,16.89,9848.12,1386.48,26331,7823.8,2024.32,2024.32,2024.32,0,2152,62,0,28,0,0,21.49,,,,430.4519543,329.4983007,329.4983007,0,409.7005317,35.9255092,3367.77,667.01,667.01,0,4034.78,49.81,563.61,456.29,324.53,221.8,155.18,138.68,95.41,92.46,67.71,49.81,1202.29,3367.77,626.64,19.49,10.08,10.8,,0,667.01,4034.78,289.32,71.05,41.16,144.66,35.53,20.58,11.03,95.06,30,2057,0,5258,0,102,0,,2159,103,5258,6609,157,3672,7417,3672,3662,,,,6186,,6174,0,12,0,0,no,yes,yes,yes,no,yes,yes,no,no,yes,3672,9.01,,,3.94,,,4.52,,,,,,0.55,,,3,,,3,,,21,,,17,,,44,,
"Oceania, Montreal Process, International Tropical Timber Organization",NZL,New Zealand,2015,12.63,66.28,4.2,16.89,9846.61,1370.39,26331,7821.51,2025.1,2025.1,2025.1,0,1973,61,0,28,0,0,20.36,,,,430.4309526,364.7079157,364.7079157,0,416.9140445,35.9313772,3366.62,738.57,738.57,0,4105.19,49.24,563.33,456.06,324.37,221.69,155.11,138.62,95.37,92.41,67.67,49.78,1202.22,3366.63,695.89,21.8,10.41,10.46,,0,738.56,4105.19,293.4,71.98,42.11,146.7,35.99,21.05,10.95,94.95,30,2053,0,5187,0,109,0,,2162,109,5187,6523,328,3566,7349,3566,3823,,,565,6023,,6011,0,12,0,0,no,yes,yes,yes,no,yes,yes,no,no,yes,3566,8.71,,,3.78,,,4.43,,,,,,0.5,,,4,,,3,,,21,,,165,,,193,,
"Oceania, Montreal Process, International Tropical Timber Organization",NZL,New Zealand,2020,12.63,66.28,4.2,16.89,9892.59,1356.7,26331,7808.1,2084.48,2084.48,2084.48,0,1971,51,0,28,0,0,19.22,,,,430.7283462,374.7889162,374.7889162,0,418.9412671,35.92540724,3363.17,781.24,781.24,0,4144.41,48.74,563.06,455.85,324.33,221.59,155.03,138.55,95.32,92.37,67.64,49.76,1199.78,3363.28,736,23.42,10.76,11.05,,0,781.23,4144.51,294.65,72.27,42.82,147.33,36.13,21.41,10.86,94.98,30,2081,0,5216,0,111,0,2484.59,2191,110,5216,6666,394,3566,7412,3566,,,,,,,,,,,,no,yes,yes,yes,no,yes,yes,no,no,yes,3566,,,,,,,,,,,,,,,,,,,,,,,,,,,,,,
Oceania,NFK,Norfolk Island,1990,0,0,0,100,0.49,0,4,0.44,0.05,0.05,,0,,,,,,,,,,,,,,,,,,,,,,,,,,,,,,,,,,,,,,,,,,,,,,,,,,,,0.05,,0.37,,,,0.07,,,,,,,0.49,,,,,,,0.49,,,,,,,,,,,,,,,,,,,,,,,,,,,,,,,,,,,,,,,,,,,,,,
Oceania,NFK,Norfolk Island,2000,0,0,0,100,0.49,0,4,0.44,0.05,0.05,,0,,,,,,,,,,,,,,,,,,,,,,,,,,,,,,,,,,,,,,,,,,,,,,,,,,,,0.05,,0.37,,,,0.07,,,,,,,0.49,,,,,,,0.49,,,,,,,,,,,,,,,,,,,,,,,,,,,,,,,,,,,,,,,,,,,,,,
Oceania,NFK,Norfolk Island,2010,0,0,0,100,0.49,0,4,0.44,0.05,0.05,,0,,,,,,,,,,,,,,,,,,,,,,,,,,,,,,,,,,,,,,,,,,,,,,,,,,,,0.05,,0.37,,,,0.07,,,,,,,0.49,,,,,,,0.49,,,,,,,,,,,,,,,,,,,,,,,,,,,,,,,,,,,,,,,,,,,,,,
Oceania,NFK,Norfolk Island,2015,0,0,0,100,0.49,0,4,0.44,0.05,0.05,,0,,,,,,,,,,,,,,,,,,,,,,,,,,,,,,,,,,,,,,,,,,,,,,,,,,,,0.05,,0.37,,,,0.07,,,,,,,0.49,,,,,,,0.49,,,,,,,,,,,,,,,,,,,,,,,,,,,,,,,,,,,,,,,,,,,,,,
Oceania,NFK,Norfolk Island,2020,0,0,0,100,0.49,0,4,0.44,0.05,0.05,,0,,,,,,,,,,,,,,,,,,,,,,,,,,,,,,,,,,,,,,,,,,,,,,,,,,,,0.05,,0.37,,,,0.07,,,,,,,0.49,,,,,,,,,,,,,,,,,,,,,,,,,,,,,,,,,,,,,,,,,,,,,,,,,,,,,
"FOREST EUROPE, Europe, UNECE",MKD,North Macedonia,1990,0,59,0,41,912,143,2522,,,,,,,,0,0,0,,,,,,,,,,83.65,,,,,,76.2888,,,,,,,,,,,,,,,,,,,,,,77.64,20.94,,36.49,9.84,,,,,,,,,,,,,,,,,,,,94,,,,818,,818,0,0,0,0,yes,yes,,yes,,yes,,,,,,,,,,,,,,,,,,,,,,,,,,,,,,,,,,,
"FOREST EUROPE, Europe, UNECE",MKD,North Macedonia,2000,0,59,0,41,957.55,143,2522,,,,,,,,0,0,0,,,,,,,,,,82.3873427,,,,,,78.89,,,,,,,,,,,,,,,,,,,,,,76.95,20.75,,36.16,9.75,,,,,,,,,,,,,,,,,,,,109.2,,,,848.35,,848.35,0,0,0,0,yes,yes,,yes,,yes,,,,,,3,,,,,,,,,,,,,,,,,,,,,,,,,,,,,
"FOREST EUROPE, Europe, UNECE",MKD,North Macedonia,2010,0,59,0,41,960.43,143,2522,,,,,,,,0,0,0,,,,,,,,,,79.55811459,,,,,,76.41,,,,,,,,,,,,,,,,,,,,,,74.33,20.05,,34.94,9.42,,,,,,,,,,,,835.06,,,,,,,,80.88,,,,879.55,,879.55,0,0,0,0,yes,yes,,yes,,yes,,,,,,2.51,,,,,,,,,,,,,,,,,,,,,,,,,,,,,
"FOREST EUROPE, Europe, UNECE",MKD,North Macedonia,2015,0,59,0,41,994.4,143,2522,,,,,,,,0,0,0,,,,,,,,,,76.84030571,,,,,,76.41,,,,,,,,,,,,,,,,,,,,,,72.09,19.44,,33.88,9.14,,,,,,,,,,,,,,,,,,,,111.93,,,,882.47,,882.47,0,0,0,0,yes,yes,,yes,,yes,,,,,,2.41,,,,,,,,,,,,,,,,,,,,,,,,,,,,,
"FOREST EUROPE, Europe, UNECE",MKD,North Macedonia,2020,0,59,0,41,1001.49,143,2522,,,,,,,,0,0,0,,,,,,,,,,76.29631849,,,,,,76.41,,,,,,,,,,,,,,,,,,,,,,71.64,19.32,,33.67,9.08,,,,,,,,,,,1001.49,,,,,,,,,,,,,,,,,,,,yes,yes,,yes,,yes,,,,,,,,,,,,,,,,,,,,,,,,,,,,,,,,,,,
Oceania,MHL,Marshall Islands,1990,0,0,100,0,9.4,0,18,6.27,3.13,0,0,3.13,5.76,0,0,0.12,0,,,,,,172.2488038,146.9648562,0,146.96,162.7659574,0,1.08,0.46,0,0.4599848,1.53,0,1.04,0.09,0.09,0.08,0.07,0.04,0.04,0.03,0.02,0.02,,1.52,,,,,,,,1.52,132.13,31.71,,62.1,14.9,,,,,0,0,0,0,9.4,0,0,9.4,9.4,9.4,9.4,,,,,9.4,,,,0,0,0,0,0,0,0,no,no,no,no,no,yes,yes,no,no,no,,,,,,,,,,,,,,,,,,,,,,,,,,,,,,,
Oceania,MHL,Marshall Islands,2000,0,0,100,0,9.4,0,18,6.27,3.13,0,0,3.13,5.76,0,0,0.12,0,,,,,,172.2488038,146.9648562,0,146.96,162.7659574,0,1.08,0.46,0,0.4599848,1.53,0,1.04,0.09,0.09,0.08,0.07,0.04,0.04,0.03,0.02,0.02,,1.52,,,,,,,,1.52,132.13,31.71,,62.1,14.9,,,,,0,0,0,0,9.4,0,0,9.4,9.4,9.4,9.4,,,,,9.4,,,,0,0,0,0,0,0,0,no,no,no,no,no,yes,yes,no,no,no,,,,,,,,,,,,,,,,,,,,,,,,,,,,,,,
Oceania,MHL,Marshall Islands,2010,0,0,100,0,9.4,0,18,6.27,3.13,0,0,3.13,5.76,0,0,0.12,0,,,,,,172.2488038,146.9648562,0,146.96,162.7659574,0,1.08,0.46,0,0.4599848,1.53,0,1.04,0.09,0.09,0.08,0.07,0.04,0.04,0.03,0.02,0.02,,1.52,,,,,,,,1.52,132.13,31.71,,62.1,14.9,,,,,0,0,0,0,9.4,0,0,9.4,9.4,9.4,9.4,,,,,9.4,,,,0,0,0,0,0,0,0,no,no,no,no,no,yes,yes,no,no,no,,,,,,,,,,,,,,,,,,,,,,,,,,,,,,,
Oceania,MHL,Marshall Islands,2015,0,0,100,0,9.4,0,18,6.27,3.13,0,0,3.13,5.76,0,0,0.12,0,,,,,,172.2488038,146.9648562,0,146.96,162.7659574,0,1.08,0.46,0,0.4599848,1.53,0,1.04,0.09,0.09,0.08,0.07,0.04,0.04,0.03,0.02,0.02,,1.52,,,,,,,,1.52,132.13,31.71,,62.1,14.9,,,,,0,0,0,0,9.4,0,0,9.4,9.4,9.4,9.4,,,,,9.4,,,,0,0,0,0,0,0,0,no,no,no,no,no,yes,yes,no,no,no,,,,,,,,,,,,,,,,,,,,,,,,,,,,,,,
Oceania,MHL,Marshall Islands,2020,0,0,100,0,9.4,0,18,6.27,3.13,0,0,3.13,5.76,0,0,0.12,0,,,,,,172.2488038,146.9648562,0,146.96,162.7659574,0,1.08,0.46,0,0.4599848,1.53,0,1.04,0.09,0.09,0.08,0.07,0.04,0.04,0.03,0.02,0.02,,1.52,,,,,,,,1.52,132.13,31.71,,62.1,14.9,,,,,0,0,0,0,9.4,0,0,9.4,9.4,9.4,9.4,,,,,,,,,,,,,,,,no,no,no,no,no,yes,yes,no,no,no,,,,,,,,,,,,,,,,,,,,,,,,,,,,,,,
North and Central America,JAM,Jamaica,1990,0,0,100,0,521.28,12.08,1083,512.49,8.79,8.79,8.68,0,88.67,,37.47,9.75,0,1.81,4.33,3.08,2,,123.2609417,132.03,132.03,0,123.426949,22.79,63.17,1.1605437,1.1605437,0,64.34,0.2753032,3.09,2.83,2.7,1.99,1.8,1.48,1.48,1.42,1.42,1.35,42.85,62.41,,,,,,1.93,1.93,64.34,158.42,39.6,,74.46,18.61,,,,,8.79,18.97,76.15,0,20.6,0,396.77,430.27,302.86,198.95,521.28,,127.71,98.15,93.15,192,155,37,0,192,137.28,156.16,0,35.84,0,0,no,yes,yes,yes,yes,yes,yes,no,no,yes,100.02,3.63,,,,,,,,,,,,,,,,,,,,,,,,,0,,,,
North and Central America,JAM,Jamaica,2000,0,0,100,0,521,10.84,1083,512.79,8.21,8.21,8.11,0,87.75,,44.78,9.73,0,2.04,5.06,2.02,2,,121.5312311,132.92,132.92,0,121.7274472,22.79,62.32,1.0912732,1.0912732,0,63.42,0.2470436,3.04,2.79,2.66,1.97,1.78,1.46,1.46,1.4,1.4,1.33,42.24,61.53,,,,,,1.9,1.9,63.43,156.97,39.24,,73.77,18.44,,,,,8.21,19.66,71.18,0,20.6,0,401.35,431.29,303.17,136.05,521,,128.19,98.72,98.72,232.53,193.52,38.9,0,196.14,92.33,159.82,0,36.32,0,0,no,yes,yes,yes,yes,yes,yes,no,no,yes,100.02,1.13,,,,,,,,,,,,0.14,0.05,0.09,1,0,1,,,,18,10,8,8,0,8,27,10,17
North and Central America,JAM,Jamaica,2010,0,0,100,0,558.45,4.52,1083,550.16,8.29,8.29,8.19,0,85.36,,80.82,9.73,0,2.1,6.4,0.64,2,,113.3306674,132.79,132.79,0,113.61805,22.79,62.35,1.1008291,1.1008291,0,63.45,0.1030108,3.05,2.79,2.66,1.97,1.78,1.46,1.46,1.4,1.4,1.33,42.25,61.55,,,,,,1.9,1.9,63.45,168.85,42.2,,79.36,19.83,,,,,8.29,22.68,69.07,0,20.6,0,437.81,472.55,319.97,136.69,558.45,,129.06,109.01,109.01,273.6,232.53,40.57,0.5,200.59,84.26,163.82,0,36.77,0,0,no,yes,yes,yes,yes,yes,yes,no,no,yes,100.02,0.44,0.15,0.29,,,,,,,,,,,,,,,,2,1,1,26,10,16,4,0,4,32,11,21
North and Central America,JAM,Jamaica,2015,0,0,100,0,577.46,2.62,1083,569.12,8.34,8.34,8.24,0,84.16,,98.89,9.73,0,2.53,6.66,0.42,2,,109.6605285,132.71,132.71,0,109.9816438,22.79,62.41,1.1068014,1.1068014,0,63.51,0.0597098,3.05,2.79,2.66,1.97,1.78,1.46,1.46,1.4,1.4,1.33,42.3,61.6,,,,,,1.91,1.91,63.51,163.46,40.85,,76.82,19.2,,,,,8.34,24.52,68.15,0,20.6,0,455.85,493.17,328.7,137.07,577.46,,130.53,109.19,109.19,294,252.1,41.4,0.5,202.82,80.64,165.84,0,36.98,0,0,no,yes,yes,yes,yes,yes,yes,no,no,yes,101.6,0.26,,,0.02,,,,,,,,,0.24,,,1,1,0,,,,45,10,35,9,1,8,55,12,43
North and Central America,JAM,Jamaica,2020,0,0,100,0,596.89,2.62,1083,588.51,8.38,8.38,8.28,0,82.96,,116.89,9.73,0,2.67,7.18,0.42,2,,106.2853647,132.64,132.64,0,106.6528171,22.79,62.55,1.1115232,1.1115232,0,63.66,0.0597098,3.06,2.8,2.67,1.97,1.78,1.46,1.46,1.4,1.4,1.34,42.4,61.74,,,,,,1.91,1.91,63.65,158.5,39.61,,74.5,18.62,,,,,8.38,26.26,67.98,0,20.6,0,473.67,513.8,337.8,137.17,596.89,,132.01,109.37,109.37,,,,,,,,,,,,no,yes,yes,yes,yes,yes,yes,no,no,yes,104.72,,,,,,,,,,,,,,,,,,,,,,,,,,,,,,
North and Central America,NIC,Nicaragua,1990,0,0,100,0,6399.32,1342.23,12034,6399.03,0.29,0.29,0,0,,,,,,,,,,,148.22,148.22,148.22,0,148.22,,948.4642266,0.0429838,0.0429838,0,948.5072104,,,,,,,,,,,,,,,,,,,,,,91.02,21.84,9.4,42.78,10.27,4.42,,,,4351.54,127.98,1919.8,0,0,0,0,,,,,,2513.07,,,,,,,,6399.32,,,,,,no,yes,no,yes,no,yes,no,yes,no,no,,,,,,,,,,,,,,,,,,,,,,,,,,,,,,,
North and Central America,NIC,Nicaragua,2000,0,0,100,0,5399.32,1652.23,12034,5397.058835,2.26,2.261165,0.225506658,0,,,,107.45,,,,120.26,,,148.22,148.22,148.22,0,148.22,,799.9520605,0.335149876,0.335149876,0,800.2872104,,,,,,,,,,,,,,,,,,,,,,91.02,21.84,9.4,42.78,10.27,4.42,,,,3671.54,107.98,1619.8,0,0,0,,,,,,,2120.36,21.91,,,,,,,,,,,,,no,yes,no,yes,no,yes,no,yes,no,no,,,,,,,,,,,,,,,,,,,,,,,,,,,,,,,
North and Central America,NIC,Nicaragua,2010,0,0,100,0,4188.15,1938.16,12034,4172.19,15.96,15.96,1.16,0,,,,114.16,,,,268.58,,,148.22,148.22,148.22,0,148.22,,618.4020018,2.3655912,2.3655912,0,620.767593,,,,,,,,,,,,,,,,,,,,,,91.02,21.84,9.4,42.78,10.27,4.42,,,,2847.94,83.76,1256.45,0,0,0,0,,,,,,1644.72,15.64,,,,,,,4188.15,,,,,,no,yes,no,yes,no,yes,no,yes,no,no,,,,,,,,,,,,,,,,,,,,,,,,,,,,,,,
North and Central America,NIC,Nicaragua,2015,0,0,100,0,3907.53,2115.4,12034,3866.420126,41.11,41.109874,4.251919608,0,,,,103.43,,,,231.61,,,148.22,148.22,148.22,0,148.22,,573.0807911,6.093305524,6.093305524,0,579.1740966,,,,,,,,,,,,,,,,,,,,,,91.02,21.84,9.4,42.78,10.27,4.42,,,,2657.12,78.15,1172.26,0,0,0,,,,,,,1534.52,15.7,,,,,,,,,,,,,no,yes,no,yes,no,yes,no,yes,no,no,,,,,,,,,,,,,,,,,,,,,,,,,,,,,,,
North and Central America,NIC,Nicaragua,2020,0,0,100,0,3407.53,2270.4,12034,3341.27,66.26,66.26,7.35,0,,,,103.43,,,,,,,148.22,148.22,148.22,0,148.22,,495.2430394,9.8210572,9.8210572,0,505.0640966,,,,,,,,,,,,,,,,,,,,,,91.02,21.84,9.4,42.78,10.27,4.42,,,,2317.12,68.15,1022.26,0,0,0,0,,,,,,1338.17,19.58,,,,,,,,,,,,,no,yes,no,yes,no,yes,no,yes,no,no,,,,,,,,,,,,,,,,,,,,,,,,,,,,,,,
Oceania,NRU,Nauru,1990,0,0,100,0,0,0.56,2,0,0,0,0,0,0,0,0,0,0,,,,,,,,,,,0,0,0,0,0,0,0,,,,,,,,,,,,,,,,,,,,,0,0,0,0,0,0,0,0,,0,0,0,0,0,0,0,,,,,,0,0,0,0,0,0,0,0,0,0,0,0,0,0,no,no,no,no,no,no,no,no,no,no,,0,0,0,0,0,0,0,0,0,0,0,0,0,0,0,0,0,0,0,0,0,0,0,0,0,0,0,0,0,0
Oceania,NRU,Nauru,2000,0,0,100,0,0,0.56,2,0,0,0,0,0,0,0,0,0,0,,,,,,,,,,,0,0,0,0,0,0,0,,,,,,,,,,,,,,,,,,,,,0,0,0,0,0,0,0,0,,0,0,0,0,0,0,0,,,,,,0,0,0,0,0,0,0,0,0,0,0,0,0,0,no,no,no,no,no,no,no,no,no,no,,0,0,0,0,0,0,0,0,0,0,0,0,0,0,0,0,0,0,0,0,0,0,0,0,0,0,0,0,0,0
Oceania,NRU,Nauru,2010,0,0,100,0,0,0.56,2,0,0,0,0,0,0,0,0,0,0,,,,,,,,,,,0,0,0,0,0,0,0,,,,,,,,,,,,,,,,,,,,,0,0,0,0,0,0,0,0,,0,0,0,0,0,0,0,,,,,,0,0,0,0,0,0,0,0,0,0,0,0,0,0,no,no,no,no,no,no,no,no,no,no,,0,0,0,0,0,0,0,0,0,0,0,0,0,0,0,0,0,0,0,0,0,0,0,0,0,0,0,0,0,0
Oceania,NRU,Nauru,2015,0,0,100,0,0,0.56,2,0,0,0,0,0,0,0,0,0,0,,,,,,,,,,,0,0,0,0,0,0,0,,,,,,,,,,,,,,,,,,,,,0,0,0,0,0,0,0,0,,0,0,0,0,0,0,0,,,,,,0,0,0,0,0,0,0,0,0,0,0,0,0,0,no,no,no,no,no,no,no,no,no,no,,0,0,0,0,0,0,0,0,0,0,0,0,0,0,0,0,0,0,0,0,0,0,0,0,0,0,0,0,0,0
Oceania,NRU,Nauru,2020,0,0,100,0,0,0.56,2,0,0,0,0,0,0,0,0,0,0,,,,,,,,,,,0,0,0,0,0,0,0,,,,,,,,,,,,,,,,,,,,,0,0,0,0,0,0,0,0,,0,0,0,0,0,0,0,,,,,,0,0,0,,,,,,,,,,,,no,no,no,no,no,no,no,no,no,no,,,,,,,,,,,,,,,,,,,,,,,,,,,,,,,
North and Central America,MSR,Montserrat,1990,0,0,100,0,3.5,1.6,10,3.5,0,0,0,0,,,,0.01,0,,,,,,,,,,,,,,,,,,,,,,,,,,,,,,,,,,,,,,,,,,,,,,,0,0,0,0,3.5,0,0,,3.5,3.5,3.5,,0,,,2.24,,,,1.16,0.1,1.16,0,0,0,0,no,,,,,,,,,yes,1.16,,,,,,,,,,,,,,,,,,,,,,,,,,,,,,
North and Central America,MSR,Montserrat,2000,0,0,100,0,2.5,1.6,10,2.5,0,0,0,0,,,,0.01,0,,,,,,,,,,,,,,,,,,,,,,,,,,,,,,,,,,,,,,,,,,,,,,,0,0,0,0,2.5,0,0,,3.5,3.5,3.5,,0,,,1.6,,,,0.83,0.07,0.83,0,0,0,0,no,,,,,,,,,yes,1.16,,,,,,,,,,,,,,,,,,,,,,,,,,,,,,
North and Central America,MSR,Montserrat,2010,0,0,100,0,2.5,1.6,10,2.5,0,0,0,0,,,,0.01,0,,,,,,,,,,,,,,,,,,,,,,,,,,,,,,,,,,,,,,,,,,,,,,,0,0,0,0,2.5,0,0,,3.5,3.5,3.5,,1.16,,,1.6,,,,0.83,0.07,0.83,0,0,0,0,no,,,,,,,,,yes,1.16,,,,,,,,,,,,,,,,,,,,,,,,,,,,,,
North and Central America,MSR,Montserrat,2015,0,0,100,0,2.5,1.6,10,2.5,0,0,0,0,,,,0.01,0,,,,,,,,,,,,,,,,,,,,,,,,,,,,,,,,,,,,,,,,,,,,,,,0,0,0,0,2.5,0,0,,3.5,3.5,3.5,,1.16,,,1.6,,,,0.83,0.07,0.83,0,0,0,0,no,,,,,,,,,yes,1.16,,,,,,,,,,,,,,,,,,,,,,,,,,,,,,
North and Central America,MSR,Montserrat,2020,0,0,100,0,2.5,1.6,10,2.5,0,0,0,0,,,,0.01,0,,,,,,,,,,,,,,,,,,,,,,,,,,,,,,,,,,,,,,,,,,,,,,,0,0,0,0,2.5,0,0,,3.5,3.5,3.5,,1.16,,,,,,,,,,,,,,no,,,,,,,,,yes,1.16,,,,,,,,,,,,,,,,,,,,,,,,,,,,,,
Oceania,MNP,Northern Mariana Islands,1990,0,0,100,0,33.61,0,46,33.61,0,0,0,0,,,,,,,,,,,,,,,,,,,,,,,,,,,,,,,,,,,,,,,,,,,,,,,,,,,,,,,,,,33.61,,,,,,,,,,,,,,33.61,,,,,,,,,,,,,,,,,,,,,,,,,,,,,,,,,,,,,,,,,,,,,,
Oceania,MNP,Northern Mariana Islands,2000,0,0,100,0,31.96,0,46,31.96,0,0,0,0,,,,,,,,,,,,,,,,,,,,,,,,,,,,,,,,,,,,,,,,,,,,,,,,,,,,,,,,,,31.96,,,,,,,,,,,,,,31.96,,,,,,,,,,,,,,,,,,,,,,,,,,,,,,,,,,,,,,,,,,,,,,
Oceania,MNP,Northern Mariana Islands,2010,0,0,100,0,30.32,0,46,30.32,0,0,0,0,,,,,,,,,,,,,,,,,,,,,,,,,,,,,,,,,,,,,,,,,,,,,,,,,,,,,,,,,,30.32,,,,,,,,,,,,,,30.32,,,,,,,,,,,,,,,,,,,,,,,,,,,,,,,,,,,,,,,,,,,,,,
Oceania,MNP,Northern Mariana Islands,2015,0,0,100,0,29.49,0,46,29.49,0,0,0,0,,,,,,,,,,,,,,,,,,,,,,,,,,,,,,,,,,,,,,,,,,,,,,,,,,,,,,,,,,29.49,,,,,,,,,5.92,,,,18.45,5.12,,,,,18.45,,,,,,,,,,,,,,,,,,,,,,,,,,,,,,,,,,,,,,,,,
Oceania,MNP,Northern Mariana Islands,2020,0,0,100,0,24.36,0,46,24.36,0,0,0,0,,,,,,,,,,,,,,,,,,,,,,,,,,,,,,,,,,,,,,,,,,,,,,,,,,,,,,,,,,24.36,,,,,,,,,,,,,,,,,,,,,,,,,,,,,,,,,,,,,,,,,,,,,,,,,,,,,,,,,,,,
Oceania,PCN,Pitcairn,1990,0,0,100,0,3.5,0.5,5,,,,,,,,,,,,,,,,,,,,,,,,,,,,,,,,,,,,,,,,,,,,,,,,,,,,,,,,,,,,,,,3.5,,,,,,,,,,,,,,3.5,,,,,,no,,,,,,,,,,,,,,,,,,,,,,,,,,,,,,,,,,,,,,,,
Oceania,PCN,Pitcairn,2000,0,0,100,0,3.5,0.5,5,,,,,,,,,,,,,,,,,,,,,,,,,,,,,,,,,,,,,,,,,,,,,,,,,,,,,,,,,,,,,,,3.5,,,,,,,,,,,,,,3.5,,,,,,no,,,,,,,,,,,,,,,,,,,,,,,,,,,,,,,,,,,,,,,,
Oceania,PCN,Pitcairn,2010,0,0,100,0,3.5,0.5,5,,,,,,,,,,,,,,,,,,,,,,,,,,,,,,,,,,,,,,,,,,,,,,,,,,,,,,,,,,,,,,,3.5,,,,,,,,,,,,,,3.5,,,,,,no,,,,,,,,,,,,,,,,,,,,,,,,,,,,,,,,,,,,,,,,
Oceania,PCN,Pitcairn,2015,0,0,100,0,3.5,0.5,5,,,,,,,,,,,,,,,,,,,,,,,,,,,,,,,,,,,,,,,,,,,,,,,,,,,,,,,,,,,,,,,3.5,,,,,,,,,,,,,,3.5,,,,,,no,,,,,,,,,,,,,,,,,,,,,,,,,,,,,,,,,,,,,,,,
Oceania,PCN,Pitcairn,2020,0,0,100,0,3.5,0.5,5,,,,,,,,,,,,,,,,,,,,,,,,,,,,,,,,,,,,,,,,,,,,,,,,,,,,,,,,,,,,,,,3.5,,,,,,,,,,,,,,,,,,,,no,,,,,,,,,,,,,,,,,,,,,,,,,,,,,,,,,,,,,,,,
Asia,OMN,Oman,1990,0,0,100,0,3,9,30950,2,1,0,0,1,,0,0,1,0,,,,,,55.1,30.9,0,30.9,47.03,2.5,0.1102,0.0309,0,0.0309,0.14109,0.0225,,,,,,,,,,,,,,,,,,,,,104.14,29.16,,48.95,13.71,,,,,,,,,,,3,,,,,,,,,1,0,0,0,2,0,2,0,0,0,0,no,yes,no,yes,no,yes,no,no,no,no,,,,,,,,,,,,,,,,,0,0,0,0,0,0,0,0,0,,,,,,
Asia,OMN,Oman,2000,0,0,100,0,3,9,30950,2,1,0,0,1,,0,0,1,0,,,,,,55.1,30.9,0,30.9,47.03,2.5,0.1102,0.0309,0,0.0309,0.14109,0.0225,,,,,,,,,,,,,,,,,,,,,104.14,29.16,,48.95,13.71,,,,,,,,,,,3,,,,,,,,,1,0,0,0,2,0,2,0,0,0,0,no,yes,no,yes,no,yes,no,no,no,no,,,,,,,,,,,,,,,,,0,0,0,0,0,0,0,0,0,,,,,,
Asia,OMN,Oman,2010,0,0,100,0,3,9,30950,2,1,0,0,1,,0,0,1,0,24.8,1.8,,8,,55.1,30.9,0,30.9,47.03,2.5,0.1102,0.0309,0,0.0309,0.14109,0.0225,,,,,,,,,,,,,,,,,,,,,104.14,29.16,,48.95,13.71,,,,,,,,,,,,,,,,,,,,1,0,0,0,2,,2,0,0,0,0,no,yes,no,yes,no,yes,no,no,no,no,,,,,,,,,,,,,,,,,0,0,0,0,0,0,0,0,0,,,,,,
Asia,OMN,Oman,2015,0,0,100,0,3,9,30950,2,1,0,0,1,,0,0,1,0,24.8,1.8,,8,,55.1,30.9,0,30.9,47.03,2.5,0.1102,0.0309,0,0.0309,0.14109,0.0225,,,,,,,,,,,,,,,,,,,,,104.14,29.16,,48.95,13.71,,,,,,,,,,,3,,,,,,,,,1,0,0,0,2,0,2.4,0,0,0,-0.4,no,yes,no,yes,no,yes,no,no,no,no,,,,,,,,,,,,,,,,,0,0,0,0,0,0,0,0,0,0,0,0,0,0,0
Asia,OMN,Oman,2020,0,0,100,0,2.5,9,30950,2,0.5,0,0,0.5,,0,0,1,0,,,,,,55.1,30.9,0,30.9,50.26,2.5,0.1102,0.01545,0,0.01545,0.12565,0.0225,,,,,,,,,,,,,,,,,,,,,107.67,30.15,,50.6,14.17,,,,,,,,,,,2.5,,,,,,,,,,,,,,,,,,,,no,yes,no,yes,no,yes,no,no,no,no,,,,,,,,,,,,,,,,,,,,,,,,,,,,,,,
North and Central America,MTQ,Martinique,1990,0,0,100,0,47.84,0.06,106,45.4,2.44,2.44,0,0,2.8,0,1.8,2.14,0,,,0.79,3.6,,284,194,,,279.264214,10,12.8936,0.47336,,,13.36,0.0006,,,,,,,,,,,,,,,,,,,,,306,73,20,145,35,9.5,1.5,69,30,0,0,0,0,47.84,0,0,,,,,,1.77,0.32,0.32,31.94,,,,15.9,0,,,,,15.9,no,yes,yes,yes,yes,yes,yes,yes,no,yes,47.84,,,,,,,,,,,,,,,,,,,,,,,,,,,,,,
North and Central America,MTQ,Martinique,2000,0,0,100,0,48.74,0.36,106,46.15,2.59,2.59,0,0,2.8,0,2.09,2.14,0,,,0.69,3.98,,284,194,,,279.2367665,10,13.1066,0.50246,,,13.61,0.0036,,,,,,,,,,,,,,,,,,,,,306,73,20,145,35,9.5,1.5,69,30,0,0,0,0,48.74,0,0,,,,,,9.07,0.32,0.32,32.84,,,,15.9,0,,,,10.5,5.4,no,yes,yes,yes,yes,yes,yes,yes,no,yes,48.74,,,,,,,,,,,,,,,,,,,,,,,,,,,,,,
North and Central America,MTQ,Martinique,2010,0,0,100,0,50.29,0.47,106,47.61,2.68,2.65,0,0.03,2.8,0,2.31,2.17,0,,,0.59,4.36,,284,194,,,279,10,13.52124,0.51992,,,14.03091,0.0047,,,,,,,,,,,,,,,,,,,,,306,73,20,145,35,9.5,1.5,69,30,0,0,0,0,50.29,0,0,,,,,,,3.07,1.67,34.19,,,,16.1,0,4.9,,,10.5,0.7,no,yes,yes,yes,yes,yes,yes,yes,no,yes,50.29,,,,,,,,,,,,,,,,,,,,,,,,,,,,,,
North and Central America,MTQ,Martinique,2015,0,0,100,0,51.29,0.46,106,48.69,2.7,2.66,0,0.04,2.8,0,2.41,2.21,0,,,0.55,4.54,,284,194,,,279,10,13.82796,0.5238,,,14.30991,0.0046,,,,,,,,,,,,,,,,,,,,,306,73,20,145,35,9.5,1.5,69,30,0,0,0,0,51.29,0,0,1.2,9.8,9.8,0.4,,13.15,13.5,6.41,35.29,,,,16,0,4.9,,,11.1,0,no,yes,yes,yes,yes,yes,yes,yes,no,yes,51.29,0.27,,,,,,,,,,,,,,,,,,,,,,,,,,,,,
North and Central America,MTQ,Martinique,2020,0,0,100,0,52.29,0.46,106,49.59,2.7,2.66,0,0.04,2.8,0,2.51,2.21,0,,,0.5,4.73,,284,194,,,279,10,14.08356,0.5238,,,14.58891,0.0046,,,,,,,,,,,,,,,,,,,,,306,73,20,145,35,9.5,1.5,69,30,0,0,0,0,52.29,0,0,2,13.4,13.4,0.4,,13.15,13.75,6.41,,,,,,,,,,,,no,yes,yes,yes,yes,yes,yes,yes,no,yes,52.29,,,,,,,,,,,,,,,,,,,,,,,,,,,,,,
"FOREST EUROPE, UNECE, Europe, EU-27, International Tropical Timber Organization",PRT,Portugal,1990,0,100,0,0,3399,1086,9161,1326,2073,574,574,1499,22,564,0,0,0,0,481,0,17,0,,,,,,,,,,,,,,,,,,,,,,,,,,,,,,,,,,,,,,,,,,,,,,,,3399,,,,,,,,,3311.7,,,164.1,87.3,0,87.3,,,,0,no,yes,yes,yes,yes,yes,yes,no,no,yes,1285.39,3.09,0.8,2.28,1.26,0.57,0.69,1.83,0.23,1.59,,,,,,,,,,,,,,,,,,,,,
"FOREST EUROPE, UNECE, Europe, EU-27, International Tropical Timber Organization",PRT,Portugal,2000,0,100,0,0,3281,987,9161,1013,2268,623,623,1645,22,333,0,0,0,0,475,0,22,0,,,,,,,,,,,,,,,,,,,,,,,,,,,,,,,,,,,,,,,,,,,,,,,,3281,,,,,,,,,3190.13,,,164.1,90.87,0,90.87,,,,0,no,yes,yes,yes,yes,yes,yes,no,no,yes,1262.76,4.01,0.87,3.13,0.83,0.29,0.53,2.86,0.49,2.36,0.05,0.01,0.04,0.26,0.07,0.2,5,2,3,2,1,1,159,89,70,,,,166,92,74
"FOREST EUROPE, UNECE, Europe, EU-27, International Tropical Timber Organization",PRT,Portugal,2010,0,100,0,0,3252,1501,9161,1030,2222,680,680,1542,22,215,0,0,0,0,532,0,18,0,78.65,40.46,40.18,40.5,52.4,1.7,81.0095,89.90212,27.3224,62.451,170.4048,2.5517,24.73,6.77,4.5,2.72,,,,,,,1.59,40.31,64.25,36.17,4.78,10.68,14.21,,130.09,170.4,41.03,11.74,0.92,20.52,5.87,0.5,,,,,,,,,,3252,,,,,,592.58,726,,3158.12,,,160.99,93.88,0,93.88,,,,0,no,yes,yes,yes,yes,yes,yes,no,no,yes,1239.18,6.07,1.07,5.01,1.09,0.28,0.81,3.26,0.45,2.82,0.17,0.04,0.13,1.55,0.3,1.25,6,3,3,32,20,12,71,29,42,,,,109,52,57
"FOREST EUROPE, UNECE, Europe, EU-27, International Tropical Timber Organization",PRT,Portugal,2015,0,100,0,0,3312,1543,9161,1056,2256,695,695,1561,22,237,0,0,0,0,553,0,10,0,77.51,39.77,40.48,39.37,51.65,1.44,81.85056,89.72112,28.1336,61.45657,171.0648,2.22192,25.01,6.75,5.05,2.95,,,,,,,1.47,41.23,63.91,37.46,5.12,11.33,12.01,,129.83,171.06,40.91,11.82,0.9,20.46,5.91,0.5,,,,,,,,3224,,88,3062,2675,869,264,2717,615.61,884,,3215.49,,,165.57,96.51,0,96.51,,,,0,no,yes,yes,yes,yes,yes,yes,no,no,yes,1249.45,8.39,1.43,6.96,2.19,0.47,1.73,3.91,0.5,3.41,0.34,0.1,0.24,1.95,0.36,1.58,4,3,1,32,15,17,50,15,34,,,,86,33,52
"FOREST EUROPE, UNECE, Europe, EU-27, International Tropical Timber Organization",PRT,Portugal,2020,0,100,0,0,3312,1543,9161,1056,2256,695,695,1561,,,,,,,,,,,,,,,,,,,,,,,,,,,,,,,,,,,,,,,,,,,,,,,,,,,,,,,,,,3312,,,,,,,,,,,,,,,,,,,,no,yes,yes,yes,yes,yes,yes,no,no,yes,,,,,,,,,,,,,,,,,,,,,,,,,,,,,,,
Asia,PRK,Democratic People's Republic of Korea,1990,0,100,0,0,6912.03,1863.64,12041,5782.03,1130,1130,,0,,,,0,,,,,,,62.3,62.3,62.3,,62.3,,360.220469,70.399,70.399,0,430.619469,,,,,,,,,,,,,,,,,,,,,,61.14,22.6,,28.74,10.62,,,,,,,,,,,,,,,,,,,,0,0,0,0,6912.03,,6912.03,0,0,0,0,no,yes,yes,yes,yes,,,,,,,,,,,,,,,,,,,,,,,,,,,,,,,,,,,,
Asia,PRK,Democratic People's Republic of Korea,2000,0,100,0,0,6454.69,2171.97,12041,5399.46,1055.23,1055.23,,0,,,,0,,,,,,,62.5,62.5,62.5,,62.5,,337.46625,65.951875,65.951875,0,403.418125,,,,,,,,,,,,,,,,,,,,,,61.34,22.67,,28.83,10.66,,,,,,,,,,,,,,,,,,,,0,0,0,0,6454.69,,6454.69,0,0,0,0,no,yes,yes,yes,yes,,,,,,,,,,,,,,,,,,,,,,,,,,,,,,,,,,,,
Asia,PRK,Democratic People's Republic of Korea,2010,0,100,0,0,6242.39,2301.01,12041,5221.86,1020.53,1020.53,,0,,,,0,,,,,,,63.5,63.5,63.5,,63.5,,331.58811,64.803655,64.803655,0,396.391765,,,,,,,,,,,,,,,,,,,,,,62.32,23.03,,29.29,10.83,,,,,,,,,,,6242.39,,,,,,,,,0,0,0,0,6236.39,6,6236.39,0,0,0,0,no,yes,yes,yes,yes,,,,,,,,,,,,,,,,,,,,,,,,,,,,,,,,,,,,
Asia,PRK,Democratic People's Republic of Korea,2015,0,100,0,0,6136.24,2365.53,12041,5132.5,1003.74,1003.74,,0,,,,0,,,,,,,63.5,63.5,63.5,,63.5,,325.91375,63.73749,63.73749,0,389.65124,,,,,,,,,,,,,,,,,,,,,,62.31,23.03,,29.29,10.83,,,,,,,,,,,6136.24,,,,,,,,,0,0,0,0,6136.24,0,6136.24,0,0,0,0,no,yes,yes,yes,yes,,,,,,,,,,,,,,,,,,,,,,,,,,,,,,,,,,,,
Asia,PRK,Democratic People's Republic of Korea,2020,0,100,0,0,6030.09,2430.03,12041,5042.75,987.34,987.34,,0,,,,0,,,,,,,63.5,63.5,63.5,,63.5,,320.214625,62.69609,62.69609,0,382.910715,,,,,,,,,,,,,,,,,,,,,,62.3,23.03,,29.28,10.82,,,,,,,,,,,6030.09,,,,,,,,,,,,,,,,,,,,no,yes,yes,yes,yes,,,,,,,,,,,,,,,,,,,,,,,,,,,,,,,,,,,,
Oceania,PYF,French Polynesia,1990,0,0,100,0,144.43,35.11,366,140,4.43,2.78,2.73,1.65,40,,,0.01,,13.21,0.61,,,0.57,100,144.469526,170,100,101.3639826,,14,0.64,0.4726,0.165,14.64,,,,,,,,,,,,,,,,,,,,,,149.5,36.4,,70.27,17.11,,,,,2.78,1.65,6.57,,,,133.43,,,,,,6.57,,,,,,,,144.43,,,,,,no,no,,yes,,no,,no,,no,,,,,,,,,,,,,,,,,,,,,,,,,,,,,,,
Oceania,PYF,French Polynesia,2000,0,0,100,0,148.55,35.11,366,140,8.55,6.08,6,2.47,40,,,0.01,,30.15,0.69,,,0.45,100,149.7076023,170,100,102.8609896,,14,1.28,1.0336,0.247,15.28,,,,,,,,,,,,,,,,,,,,,,148.94,36.37,,70,17.1,,,,,6.08,2.47,7.4,,,,132.6,,,,,,7.4,,,,,,,,148.55,,,,,,no,no,,yes,,no,,no,,no,,,,,,,,,,,,,,,,,,,,,,,,,,,,,,,
Oceania,PYF,French Polynesia,2010,0,0,100,0,149.46,35.11,366,140,9.46,6.21,6.1,3.25,40,,,0.01,,58.83,0.77,,,0.32,100,146.9344609,170,100,102.9706945,,14,1.39,1.0557,0.325,15.39,,,,,,,,,,,,,,,,,,,,,,148.92,36.37,,69.99,17.09,,,,,6.21,3.25,7.4,,,,132.6,,,,,,7.4,,,119,,,,30.46,0,30.46,0,0,0,0,no,no,,yes,,no,,no,,no,,,,,,,,,,,,,,,,,,,,,,,,,,,,,,,
Oceania,PYF,French Polynesia,2015,0,0,100,0,149.46,35.11,366,140,9.46,6.21,6.1,3.25,40,,,0.01,,58.83,0.81,,,0.25,100,146.9344609,170,100,102.9706945,,14,1.39,1.0557,0.325,15.39,,,,,,,,,,,,,,,,,,,,,,148.92,36.37,,69.99,17.09,,,,,6.21,3.25,7.4,,,,132.6,,,,,,7.4,,,119,,,,30.46,0,30.46,0,0,0,0,no,no,,yes,,no,,no,,no,,,,,,,,,,,,,,,,,,,,,,,,,,,,,,,
Oceania,PYF,French Polynesia,2020,0,0,100,0,149.46,35.11,366,140,9.46,6.21,6.1,3.25,40,,,0.01,,58.83,0.85,,,0.19,100,146.9344609,170,100,102.9706945,,14,1.39,1.0557,0.325,15.39,,,,,,,,,,,,,,,,,,,,,,148.92,36.37,,69.99,17.09,,,,,6.21,3.25,7.4,,,,132.6,,,,,,7.4,,,,,,,,,,,,,,no,no,,yes,,no,,no,,no,,,,,,,,,,,,,,,,,,,,,,,,,,,,,,,
"Oceania, International Tropical Timber Organization",PNG,Papua New Guinea,1990,0,0,100,0,36399.68,0,45286,36339.49,60.75,60.75,23.55,0,,,,,11.69,,,,,,95,150,150,0,95.09479204,,3452.25155,9.1125,9.1125,0,3461.42,,,,,,,,,,,,,,,,,,,,,,176,22,,82.6,10.1,,,,,5231.13,1032.49,1376.08,,1103.9,,27656.08,5231.13,1610.82,2479.98,,,,,,36365.32,0,0,36365.32,32,2.36,32,0,0,0,0,no,yes,yes,yes,yes,yes,yes,no,no,yes,,,,,,,,,,,,,,,,,,,,,,,,,,,,,,,
"Oceania, International Tropical Timber Organization",PNG,Papua New Guinea,2000,0,0,100,0,36277.96626,0,45286,36217.12,60.75,60.75,23.55,0,,,,281,11.69,,,,,,95,150,150,0,95.09187962,,3440.6264,9.1125,9.1125,0,3449.74,,,,,,,,,,,,,,,,,,,,,,176,22,,82.6,10.1,,,,,5213.64,1029.03,1371.48,,1100.21,,,5213.64,1605.44,2471.69,,,1360,5035.9,,36228.12,0,0,36228.12,32,,32,0,0,0,0,no,yes,yes,yes,yes,yes,yes,no,no,yes,,,,,,,,,,,,,,,,,,,,,,,,,,,,,,,
"Oceania, International Tropical Timber Organization",PNG,Papua New Guinea,2010,0,0,100,0,36178.8853,0,45286,36117.92,60.75,60.75,23.55,0,,,,281,11.69,,,,,,95,150,150,0,95.09165282,,3431.2024,9.1125,9.1125,0,3440.31,,,,,,,,,,,,,,,,,,,,,,176,22,,82.6,10.1,,,,,5199.4,1026.22,1367.73,,1097.2,,,5199.4,1601.05,2464.94,,,1360,5035.9,,36058.92,0,0,36058.92,32,,32,0,0,0,0,no,yes,yes,yes,yes,yes,yes,no,no,yes,,,,,,,,,,,,,,,,,,,,,,,,,,,,,,,
"Oceania, International Tropical Timber Organization",PNG,Papua New Guinea,2015,0,0,100,0,36024.42088,0,45286,35963.27,60.75,60.75,23.55,0,27200.9,,,281,11.69,469.5,0,0,215.1,2291.4,95,150,150,0,95.09160499,,3416.51065,9.1125,9.1125,0,3425.62,,,,,,,,,,,,,,,,,,,,,,176,22,,82.6,10.1,,,,,5177.2,1021.84,1361.89,,1092.52,,,5177.2,1594.22,2454.41,,,1360,5035.9,,35974.32,0,0,35974.32,32,,32,0,0,0,0,no,yes,yes,yes,yes,yes,yes,no,no,yes,5035.9,,,,,,,,,,,,,,,,,,,,,,,,,,,,,,
"Oceania, International Tropical Timber Organization",PNG,Papua New Guinea,2020,0,0,100,0,35855.76,0,45286,35795.57,60.75,60.75,23.55,0,,,,281,11.69,,,,,,95,150,150,0,95.09462357,,3400.57915,9.1125,9.1125,0,3409.69,,,,,,,,,,,,,,,,,,,,,,176,22,,82.6,10.1,,,,,5152.96,1017.06,1355.52,,1087.4,,27242.82,5152.96,1586.75,2442.92,,,1360,5035.9,,,,,,,,,,,,,no,yes,yes,yes,yes,yes,yes,no,no,yes,,,,,,,,,,,,,,,,,,,,,,,,,,,,,,,
"FOREST EUROPE, Europe, UNECE",LIE,Liechtenstein,1990,0,100,0,0,6.5,0.5,16,6.3,0.2,0,0,0.2,1.5,,0,0,0,,,,,,,,,,460,,,,,,2.99,,,,,,,,,,,,,,,,,,,,,,288.77,54.4,0.01,135.72,25.57,,,,,1.79,2.9,0.84,,,,0.97,2.08,,,,,3.9,,,0.5,,,,6,0,6,0,0,0,0,yes,yes,no,yes,no,,,,,,,,,,,,,,,,,,,,,,,,,,,,,,,,,,,,
"FOREST EUROPE, Europe, UNECE",LIE,Liechtenstein,2000,0,100,0,0,6.7,0.26,16,6.1,0.6,0,0,0.6,1.5,,0,0,0,,,,,,,,,,428,,,,,,2.8676,,,,,,,,,,,,,,,,,,,,,,263.7,49.68,0.01,123.94,23.35,,,,,1.79,2.9,0.84,,,,1.17,,,,,,1.75,,,0.54,,,,6.16,0,6.16,0,0,0,0,yes,yes,no,yes,no,,,,,,,,,,,,,,,,,,,,,,,,,,,,,,,,,,,,
"FOREST EUROPE, Europe, UNECE",LIE,Liechtenstein,2010,0,100,0,0,6.6992,0.2592,16,6.1,0.6,0,0,0.6,1.5,,0,0,0,,,,,,,,,,409.0040602,,,,,,2.74,,1.47,0.3,0.13,0.19,0.19,0.08,0.25,0.12,,,,2.73,,,,,,,,2.73,242.41,45.67,0.01,113.94,21.47,,,,,1.29,3.75,1.55,,,,,,,,,,1.75,,,0.54,,,,6.16,,6.16,0,0,0,0,yes,yes,no,yes,no,,,,,,,,,,,,,,,,,,,,,,,,,,,,,,,,,,,,
"FOREST EUROPE, Europe, UNECE",LIE,Liechtenstein,2015,0,100,0,0,6.7,0.26,16,6.1,0.6,0,0,0.6,1.5,,0,0,0,,,,,,,,,,409,,,,,,2.7403,,1.47,0.3,0.13,0.19,0.19,0.08,0.25,0.12,,,,2.73,,,,,,,,2.73,242.41,45.67,0.01,113.94,21.47,,,,,1.29,3.75,1.55,,,,0.11,,,,,,1.75,,,0.54,,,,6.16,0,6.16,0,0,0,0,yes,yes,no,yes,no,,,,,,,0.08,,,0.05,,,,,,,,,0.03,,,,,,,,,,,,,,,,,
"FOREST EUROPE, Europe, UNECE",LIE,Liechtenstein,2020,0,100,0,0,6.7,0.26,16,6.1,0.6,0,0,0.6,1.5,,0,0,0,,,,,,,,,,409,,,,,,2.7403,,1.47,0.3,0.13,0.19,0.19,0.08,0.25,0.12,,,,2.73,,,,,,,,2.73,242.41,45.67,0.01,113.94,21.47,,,,,1.29,3.75,1.55,,,,0.11,,,,,,1.75,,,,,,,,,,,,,,yes,yes,no,yes,no,,,,,,,,,,,,,,,,,,,,,,,,,,,,,,,,,,,,
Asia,NPL,Nepal,1990,0,32,30,38,5672,156,14335,5584.08,87.92,87.92,17.58,0,,0,0,0,1,0,1,5,1,,164.76,164.76,164.76,0,164.76,14.49,920.0330208,14.4856992,14.4856992,0,934.51872,2.26044,241,80,65,54,38,37,25,17,16,15,346.52,934.52,,,,,,,,934.52,172.23,57.4,,80.95,26.98,,11.86,66.88,,136,,302.14,,,,5233.86,216.6,302.14,302.14,80.6,4118.86,1094.9,401.17,401.17,,,,,,5672,80.6,,,,,no,yes,no,yes,no,no,no,no,no,yes,5672,,,,,,,,,,,,,,,,2,,2,100,20,80,800,150,650,1200,400,800,2102,570,1532
Asia,NPL,Nepal,2000,0,32,30,38,5780.76,340.46,14335,5643.09,137.67,137.67,27.53,0,548,0,0,0,1,0,1,5,1,,164.76,164.76,164.76,0,164.76,14.49,929.7555084,22.6825092,22.6825092,0,952.4380176,4.9332654,195.6,64.5,52.7,43.7,30.5,29.8,20.1,13.9,13.2,12.5,475.94,952.44,,,,,,,,952.44,172.23,57.4,,80.95,26.98,,11.86,66.88,,206,,784.67,,9.91,,4780.18,612.91,792.56,792.56,610.9,3902.68,2682.6,816.43,816.43,2.01,,,,4901.16,877.59,605,,,7.8,4288.36,no,yes,no,yes,no,no,no,no,no,yes,5780.76,,,,,,,,,,,,,,,,4,0,4,300,60,240,800,200,600,800,300,500,1904,560,1344
Asia,NPL,Nepal,2010,0,32,30,38,5962.03,647.89,14335,5741.43489,220.6,220.59511,44.119022,0,526,0,0,0,1,0,1,5,1,,164.76,164.76,164.76,0,164.76,14.49,945.9588125,36.34525032,36.34525032,0,982.3040628,9.3879261,,,,,,,,,,,,,,,,,,,,,172.23,57.4,,80.95,26.98,,11.86,66.88,,1112,,1136.67,2.06,20.7,0.64,,1609.41,1157.36,1157.36,1554.06,3689.96,3366.4,1199.83,1012.44,2.36,,,,5959.63,,1721.55,,,0,4238.08,no,yes,no,yes,no,no,no,no,no,yes,5962.03,,,,,,,,,,,,,,,,6,1,5,150,50,100,600,200,400,700,200,500,1456,451,1005
Asia,NPL,Nepal,2015,0,32,30,38,5962.03,647.89,14335,5741.43,220.6,220.6,44.12,0,526,0,0,0,1,0,1,5,1,,164.76,164.76,164.76,0,164.76,14.49,945.9580068,36.346056,36.346056,0,982.3040628,9.3879261,189.35,145.41,45.91,69.28,45.13,51.75,34.94,26.11,34.16,,340.28,982.32,,,,,,,,982.32,172.23,57.4,,80.95,26.98,,11.86,66.88,,1879.78,,1165.96,2.06,44.7,0.64,2868.89,1922.76,1313.36,1313.36,2283.05,2868.89,3366.4,1210.06,1012.44,2.36,,,,5959.13,0.54,1879.5,,0.64,42.34,4036.65,no,yes,no,yes,no,no,no,no,no,yes,5962.03,,,,,,,,,,,,,,,,7,2,5,100,40,60,450,150,300,480,180,300,1037,372,665
Asia,NPL,Nepal,2020,0,32,30,38,5962.03,647.89,14335,5741.43,220.6,220.6,44.12,0,526,0,0,0,1,0,1,5,1,,164.76,164.76,164.76,0,164.76,14.49,945.9580068,36.346056,36.346056,0,982.3040628,9.3879261,,,,,,,,,,,,,,,,,,,,,172.23,57.4,,80.95,26.98,,11.86,66.88,,2026.78,,1303.79,2.06,45.68,0.64,2583.08,2648.03,1349.83,1349.83,2565.04,2583.08,3442.1,1444.69,1043.86,,,,,,,,,,,,no,yes,no,yes,no,no,no,no,no,yes,5962.03,,,,,,,,,,,,,,,,,,,,,,,,,,,,,,
Asia,PSE,Palestine,1990,0,0,54,46,9.08,0,602,,,,,,,,,,,,,,,,,,,,,,,,,,,,,,,,,,,,,,,,,,,,,,,,,,,,,,,,,,,,,,,9.08,,,,,,,,,,,,,,9.08,,,,,,,,,,,,,,,,,,,,,,,,,,,,,,,,,,,,,,,,,,,,,,
Asia,PSE,Palestine,2000,0,0,54,46,9.08,0,602,,,,,,,,,,,,,,,,,,,,,,,,,,,,,,,,,,,,,,,,,,,,,,,,,,,,,,,,,,,,,,,,,,,,,,,,,,,,,,,,,,,,,,,,,,,,,,,,,,,,,,,,,,,,,,,,,,,,,,,,,,,
Asia,PSE,Palestine,2010,0,0,54,46,9.95,0,602,,,,,,,,,,,,,,,,,,,,,,,,,,,,,,,,,,,,,,,,,,,,,,,,,,,,,,,,,,,,,,,9.95,,,,,,,,,,,,,,9.95,,,,,,,,,,,,,,,,,,,,,,,,,,,,,,,,,,,,,,,,,,,,,,
Asia,PSE,Palestine,2015,0,0,54,46,10.14,0,602,,,,,,,,,,,,,,,,,,,,,,,,,,,,,,,,,,,,,,,,,,,,,,,,,,,,,,,,,,,,,,,10.14,,,,,,,,,,,,,,10.14,,,,,,,,,,,,,,,,,,,,,,,,,,,,,,,,,,,,,,,,,,,,,,
Asia,PSE,Palestine,2020,0,0,54,46,10.14,0,602,,,,,,,,,,,,,,,,,,,,,,,,,,,,,,,,,,,,,,,,,,,,,,,,,,,,,,,,,,,,,,,10.14,,,,,,,,,,,,,,,,,,,,,,,,,,,,,,,,,,,,,,,,,,,,,,,,,,,,,,,,,,,,
Africa,NER,Niger,1990,0,0,100,0,1945,4640,126670,1897,48,48,,0,220,0,0,0,0,,,,,,10.2,10.2,10.2,0,10.2,3.3,19.3494,0.4896,0.4896,0,19.839,15.312,,,,,,,,,,,,,,,,,,,,,40.23,11.32,,18.91,5.32,,,,,0,2.5,220,0,1722.5,0,0,,,,,,220,220,220,0,0,0,0,1945,0,1945,0,0,0,0,no,yes,yes,yes,yes,yes,yes,,,,,,,,1.52,,,,,,,,,0.91,,,,,,,,,,,,30,,,,,
Africa,NER,Niger,2000,0,0,100,0,1328.1,4040,126670,1255.1,73,73,,0,220,0,0,0,0,,,,,,10.2,10.2,10.2,0,10.2,3.3,12.80202,0.7446,0.7446,0,13.54662,13.332,,,,,,,,,,,,,,,,,,,,,39.54,11.19,,18.58,5.26,,,,,9,2.5,220,0,1096.6,0,0,,,,,,220,220,220,0,0,0,0,1328.1,0,1328.1,0,0,0,0,no,yes,yes,yes,yes,yes,yes,,,,,,,,2.59,,,,,,,,,0.91,,,,,,,,,,,,30,,,,,
Africa,NER,Niger,2010,0,0,100,0,1203.9,3440,126670,1105.9,98,98,,0,220,0,0,0,0,,,,,,10.2,10.2,10.2,0,10.2,3.3,11.28018,0.9996,0.9996,0,12.27978,11.352,,,,,,,,,,,,,,,,,,,,,38.93,11.08,,18.3,5.21,,,,,17,2.5,220,0,964.4,0,0,,,,,,220,220,220,9,9,0,0,1194.9,0,1194.9,0,0,0,0,no,yes,yes,yes,yes,yes,yes,,,,,,,,1.58,,,,,,,,,,,,,,,,,,,,,30,,,,,
Africa,NER,Niger,2015,0,0,100,0,1141.8,3140,126670,1031.8,110,110,,0,220,0,0,0,0,,4.89,83.55,,,10.2,10.2,10.2,0,10.2,3.3,10.52436,1.122,1.122,0,11.64636,10.362,,,,,,,,,,,,,,,,,,,,,38.59,11.01,,18.14,5.18,,,,,0,2.5,220,0,919.3,0,0,,,,,,220,220,220,16.5,16.5,0,0,1125.3,0,1125.3,0,0,0,0,no,yes,yes,yes,yes,yes,yes,,,,,,,,1.58,,,,,,,,,0.91,,,,,,,,,,,,30,,,,,
Africa,NER,Niger,2020,0,0,100,0,1079.7,2840,126670,957.2,122.5,122.5,,0,220,0,0,0,0,,,,,,10.2,10.2,10.2,0,10.2,3.3,9.76344,1.2495,1.2495,0,11.01294,9.372,,,,,,,,,,,,,,,,,,,,,38.2,10.94,,17.95,5.14,,,,,24,2.5,220,0,833.2,0,0,,,,,,220,220,220,,,,,,,,,,,,no,yes,yes,yes,yes,yes,yes,,,,,,,,,,,,,,,,,,,,,,,,,,,,,,,,,,
Africa,NAM,Namibia,1990,0,0,100,0,8769.17,54080.98,82329,8769.17,0,0,0,0,,0,0,0,0,0,,0,,,24.07,0,0,0,24.07,5.23,211.0739219,0,0,0,211.0739219,282.8435254,,,,,,,,,,,,,,,,,,,,,67.4,18.87,,31.68,8.87,,,,,0,0,689.23,0,996.88,0,7083.06,0,689.23,1686.11,0,0,,,,0,0,0,0,8769.17,0,8769.17,0,0,0,0,no,yes,no,yes,no,yes,no,no,no,no,,,,,,,,,,,,,,,,,,,,,,,,,,,,,,,
Africa,NAM,Namibia,2000,0,0,100,0,8059.084,54080.9759,82329,8059.084,0,0,,0,,0,0,0,0,0,,0,,,24.07,0,0,0,24.07,5.23,193.9821519,0,0,0,193.9821519,282.843504,,,,,,,,,,,,,,,,,,,,,67.4,18.87,,31.68,8.87,,,,,0,0,689.23,0,1440.52,0,,443.64,1132.87,2129.76,0,0,1686,54.42,,0,0,0,0,8059.08,,8059.08,0,0,0,0,no,yes,no,yes,no,yes,no,no,no,no,,0.48,,,,,,,,,,,,0.48,,,,,,,,,,,,,,,,,
Africa,NAM,Namibia,2010,0,0,100,0,7348.99,54080.98,82329,7348.99,0,0,0,0,,0,0,0,0,0,,0,,,24.07,0,0,0,24.07,5.23,176.8901893,0,0,0,176.8901893,282.8435254,,,,,,,,,,,,,,,,,,,,,67.4,18.87,,31.68,8.87,,,,,0,0,689.23,0,1440.52,0,5219.24,443.64,1132.87,2129.76,0,0,1686,277.32,,0,0,0,0,7348.99,0,7348.99,0,0,0,0,no,yes,no,yes,no,yes,no,no,no,no,,0.67,,,,,,,,,,,,0.67,,,,,,,,,,,,,,,,,
Africa,NAM,Namibia,2015,0,0,100,0,6993.95,54080.98,82329,6993.95,0,0,0,0,,0,0,0,0,0,,0,,,24.07,0,0,0,24.07,5.23,168.3443765,0,0,0,168.3443765,282.8435254,,,,,,,,,,,,,,,,,,,,,67.4,18.87,,31.68,8.87,,,,,0,0,689.23,0,1593.17,0,4711.55,596.29,1285.52,2282.4,0,0,1686,142.47,,0,0,0,0,6993.95,0,6993.95,0,0,0,0,no,yes,no,yes,no,yes,no,no,no,no,,0.67,,,,,,,,,,,,0.67,,,,,,,,,,,,,,,,,
Africa,NAM,Namibia,2020,0,0,100,0,6638.9,54080.98,82329,6638.9,0,0,0,0,,0,0,0,0,0,,0,,,24.07,0,0,0,24.07,5.23,159.798323,0,0,0,159.798323,282.8435254,,,,,,,,,,,,,,,,,,,,,67.4,18.87,,31.68,8.87,,,,,0,0,689.23,0,1593.17,0,4356.5,596.29,1285.52,2282.4,0,0,1686,212.01,,,,,,,,,,,,,no,yes,no,yes,no,yes,no,no,no,no,,,,,,,,,,,,,,,,,,,,,,,,,,,,,,,
Asia,PAK,Pakistan,1990,0,1,1,98,4986.79,593.17,77088,4732.89,253.9,253.9,,0,0,,0,207,0,,,,,,59.9,16.39,16.39,,57.68440219,,283.500111,4.161421,4.161421,0,287.66,,,,,,,,,,,,,,,,,,,,,,75.3,22.9,,35.39,10.76,,,,,,,,,,,4986.79,,,,,,,,,,,,,,4986.79,,,,,,no,yes,yes,yes,yes,yes,yes,no,no,no,,,,,,,,,,,,,,,,,,,,,,,,,,,,,,,
Asia,PAK,Pakistan,2000,0,1,1,98,4511.26,814.79,77088,4257.36,253.9,253.9,,0,0,,0,158,0,,,,,,59.9,16.39,16.39,,57.45179839,,255.015864,4.161421,4.161421,0,259.18,,,,,,,,,,,,,,,,,,,,,,75.3,22.9,,35.39,10.76,,,,,,,,,,,4511.26,,,,,,,,,,,,,,4511.26,,,,,,no,yes,yes,yes,yes,yes,yes,no,no,no,,,,,,,,,,,,,,,,,,,,,,,,,,,,,,,
Asia,PAK,Pakistan,2010,0,1,1,98,4093.73,995.96,77088,3839.83,253.9,253.9,,0,0,,0,98,0,,,,,,59.9,16.39,16.39,,57.20211152,,230.005817,4.161421,4.161421,0,234.17,,,,,,,,,,,,,,,,,,,,,,75.3,22.9,,35.39,10.76,,,,,,,,,,,4093.73,,,,,,,,,,,,,,4093.73,,,,,,no,yes,yes,yes,yes,yes,yes,no,no,no,,14.98,,,,,,0,,,0,,,,,,,,,,,,,,,,,,,,
Asia,PAK,Pakistan,2015,0,1,1,98,3932.6,924.7,77088,3678.7,253.9,253.9,,0,0,,0,75,0,,,,,,59.9,16.39,16.39,,57.08945736,,220.35413,4.161421,4.161421,0,224.51,,,,,,,,,,,,,,,,,,,,,,75.3,22.9,,35.39,10.76,,,,,,,,,,,3932.6,,,,,,,,,656.8,,,,3275.8,0,3508,0,0,0,-232.2,no,yes,yes,yes,yes,yes,yes,no,no,no,,17.83,,,,,,0,,,0,,,,,,,,,,,,,,,,,,,,
Asia,PAK,Pakistan,2020,0,1,1,98,3725.9,799.45,77088,3472,253.9,253.9,,0,0,,0,40,0,,,,,,59.9,16.39,16.39,,56.93389517,,207.9728,4.161421,4.161421,0,212.13,,,,,,,,,,,,,,,,,,,,,,75.3,22.9,,35.39,10.76,,,,,,,,,,,3725.9,,,,,,,,,,,,,,,,,,,,no,yes,yes,yes,yes,yes,yes,no,no,no,,,,,,,,,,,,,,,,,,,,,,,,,,,,,,,
"Europe, UNECE",SMR,San Marino,1990,0,0,0,100,1,0,6,1,0,0,0,0,0,,,0,0,0,,,,,109.7,0,0,0,109.7,0,0.1097,0,0,0,0.1097,0,,,,,,,,,,,,,,,,,,,,,66.37,18.92,,31.19,8.89,,,,,,,,,,,1,,,,,,,,,,,,,,1,,,,,,no,,,,,,,,,,,,,,,,,,,,,,,,,,0,0,0,0,0,0,0,0,0,0,0,0,0,0,0
"Europe, UNECE",SMR,San Marino,2000,0,0,0,100,1,0,6,1,0,0,0,0,0,,,0,0,0,,,,,126.8,0,0,0,126.8,0,0.1268,0,0,0,0.1268,0,,,,,,,,,,,,,,,,,,,,,76.71,21.86,,36.06,10.28,,,,,,,,,,,1,,,,,,,,,,,,,,1,,,,,,no,,,,,,,,,,,,,,,,,,,,,,,,,,0,0,0,0,0,0,0,0,0,0,0,0,0,0,0
"Europe, UNECE",SMR,San Marino,2010,0,0,0,100,1,0,6,1,0,0,0,0,0,,,0,0,0,,,,,142.9,0,0,0,142.9,0,0.1429,0,0,0,0.1429,0,,,,,,,,,,,,,,,,,,,,,86.45,24.64,,40.63,11.58,,,,,,,,,,,,,,,,,,,,,,,,,,,,,,,no,,,,,,,,,,,,,,,,,,,,,,,,,,0,0,0,0,0,0,0,0,0,0,0,0,0,0,0
"Europe, UNECE",SMR,San Marino,2015,0,0,0,100,1,0,6,1,0,0,0,0,0,,,0,0,0,,,,,150.4,0,0,0,150.4,0,0.1504,0,0,0,0.1504,0,,,,,,,,,,,,,,,,,,,,,90.99,25.93,,42.77,12.19,,,,,,,,,,,1,,,,,,,,,,,,,,1,,,,,,no,,,,,,,,,,,,,,,,,,,,,,,,,,0,0,0,0,0,0,0,0,0,0,0,0,0,0,0
"Europe, UNECE",SMR,San Marino,2020,0,0,0,100,1,0,6,1,0,0,0,0,0,,,0,0,0,,,,,150.4,0,0,0,150.4,0,0.1504,0,0,0,0.1504,0,,,,,,,,,,,,,,,,,,,,,90.99,25.93,,42.77,12.19,,,,,,,,,,,1,,,,,,,,,,,,,,,,,,,,no,,,,,,,,,,,,,,,,,,,,,,,,,,,,,,,,,,,,,,,,
"International Tropical Timber Organization, Europe, FOREST EUROPE, UNECE, EU-27",ROU,Romania,1990,0,100,0,0,6371,314,23008,5843,528,0,0,528,,,0,0,0,0,,,,,,,,,211.5052582,,,,,,1347.5,,474.8,388.4,103.1,124.2,79.45,32.69,22.5,10.9,24.2,19.1,68.16,1347.5,,,,,,,,1347.5,108,20,,50,10,,22.61,90.81,30,4186,1639,197,0,0,349,0,,,,,,142,6371,,0,0,0,0,6371,0,6371,0,0,0,0,yes,yes,no,yes,no,yes,no,yes,no,yes,6371,103.07,,,,,,,,,,,,,,,,,,94,,,,,,150,,,,,
"International Tropical Timber Organization, Europe, FOREST EUROPE, UNECE, EU-27",ROU,Romania,2000,0,100,0,0,6366,234,23008,5838,528,0,0,528,127.7,,0,0,0,0,,,,,,,,,211.4985862,,,,,,1346.4,,474.4,388.1,103,124.1,79.39,32.69,22.5,10.9,24.2,19.1,68.02,1346.4,,,,,,,,1346.4,107,20,,50,10,,22.58,90.81,30,3043,2478,308,0,0,537,0,,,,,,153,5984.04,,356,356,0,0,6010,0,6010,0,0,0,0,yes,yes,no,yes,no,yes,no,yes,no,yes,6366,49.97,,,,,,,,,,,,,,,,,,260,,,,,,703,,,,,
"International Tropical Timber Organization, Europe, FOREST EUROPE, UNECE, EU-27",ROU,Romania,2010,0,100,0,0,6515,404,23008,5975,540,0,0,540,127.7,,0,0,0,0,,,,,,,,,211.4965464,,,,,,1377.9,,485.5,397.1,105.4,127,81.24,33.45,23.1,11.1,24.76,19.55,69.69,1377.89,,,,,,,,1377.89,107,20,,50,10,,22.61,90.81,30,3043,2543,317,0,0,612,0,,,,,,1746,5653,,2152,,,,4363,0,4363,0,0,0,0,yes,yes,no,yes,no,yes,no,yes,no,yes,6515,29.99,3.67,26.32,,,,,,,,,,,,,,,,999,,,,,,336,,,,,
"International Tropical Timber Organization, Europe, FOREST EUROPE, UNECE, EU-27",ROU,Romania,2015,0,100,0,0,6900.96,93.59,23008,5944.47,956.49,0,0,956.49,127.7,,0,0,0,0,,,,,339.6534931,211.7429351,,,321.93,62.09,2019.06,202.53,,,2221.626053,5.8110031,852.54,528.47,166.33,151.01,107.15,64.25,40.15,27.37,22.33,21.61,240.38,2221.59,,,,,,,,2221.59,200.12,40.5,,94.06,19.04,9.23,22.52,90.81,30,3501,2490,318,0,0,552,39.96,,,,,,2606,5587.52,,2306,,,,4249,345.96,4249,0,0,0,0,yes,yes,no,yes,no,yes,no,yes,no,yes,6900.96,32.75,4.16,28.59,,,,,,,,,,,,,8,,,515,,,,,,369,,,,,
"International Tropical Timber Organization, Europe, FOREST EUROPE, UNECE, EU-27",ROU,Romania,2020,0,100,0,0,6929.05,15.57,23008,6033.98,895.07,0,0,895.07,165.23,,0,0,0,0,,,,,348.360452,282.4248383,,,339.8431242,50.42,2102,252.79,,,2354.79,0.7850394,881.51,560.16,176.31,160.07,113.57,68.1,42.55,29.01,23.66,22.91,257.78,2335.63,,,,,,19.16,19.16,2354.79,207.5,42,,97.52,19.74,9.23,22.51,90.81,30,2959,2515,321,0,0,1134,0.05,,,,,,2606,5587.52,,,,,,,,,,,,,yes,yes,no,yes,no,yes,no,yes,no,yes,6929.05,,,,,,,,,,,,,,,,,,,,,,,,,,,,,,
Asia,QAT,Qatar,1990,0,0,0,100,0,0.5,1161,0,0,0,0,0,0,0,0,,0,,,,,,,,,,,,0,0,0,0,0,,,,,,,,,,,,,,,,,,,,,,0,0,0,0,0,0,0,0,,0,0,0,0,0,0,0,,,,,,0,0,0,0,0,0,0,0,0,0,0,0,0,0,no,no,no,no,no,no,no,no,no,no,,0,0,0,0,0,0,0,0,0,0,0,0,0,0,0,0,0,0,0,0,0,0,0,0,0,0,0,0,0,0
Asia,QAT,Qatar,2000,0,0,0,100,0,0.5,1161,0,0,0,0,0,0,0,0,,0,,,,,,,,,,,,0,0,0,0,0,,,,,,,,,,,,,,,,,,,,,,0,0,0,0,0,0,0,0,,0,0,0,0,0,0,0,,,,,,0,0,0,0,0,0,0,0,0,0,0,0,0,0,no,no,no,no,no,no,no,no,no,no,,0,0,0,0,0,0,0,0,0,0,0,0,0,0,0,0,0,0,0,0,0,0,0,0,0,0,0,0,0,0
Asia,QAT,Qatar,2010,0,0,0,100,0,0.5,1161,0,0,0,0,0,0,0,0,,0,,,,,,,,,,,,0,0,0,0,0,,,,,,,,,,,,,,,,,,,,,,0,0,0,0,0,0,0,0,,0,0,0,0,0,0,0,,,,,,0,0,0,0,0,0,0,0,0,0,0,0,0,0,no,no,no,no,no,no,no,no,no,no,,0,0,0,0,0,0,0,0,0,0,0,0,0,0,0,0,0,0,0,0,0,0,0,0,0,0,0,0,0,0
Asia,QAT,Qatar,2015,0,0,0,100,0,0.5,1161,0,0,0,0,0,0,0,0,,0,,,,,,,,,,,,0,0,0,0,0,,,,,,,,,,,,,,,,,,,,,,0,0,0,0,0,0,0,0,,0,0,0,0,0,0,0,,,,,,0,0,0,0,0,0,0,0,0,0,0,0,0,0,no,no,no,no,no,no,no,no,no,no,,0,0,0,0,0,0,0,0,0,0,0,0,0,0,0,0,0,0,0,0,0,0,0,0,0,0,0,0,0,0
Asia,QAT,Qatar,2020,0,0,0,100,0,0.5,1161,0,0,0,0,0,0,0,0,,0,,,,,,,,,,,,0,0,0,0,0,,,,,,,,,,,,,,,,,,,,,,0,0,0,0,0,0,0,0,,0,0,0,0,0,0,0,,,,,,0,0,0,,,,,,,,,,,,no,no,no,no,no,no,no,no,no,no,,,,,,,,,,,,,,,,,,,,,,,,,,,,,,,
"Montreal Process, Europe, UNECE, FOREST EUROPE",RUS,Russian Federation,1990,88,12,0,0,808949.9,74989.8,1637687,796298.7,12651.2,0,0,12651.2,305144.2,39700,0,0,0,0,0,0,153,4973,98.94264552,98.94239282,0,98.94239282,98.94264157,20.90004241,78787.9,1251.74,0,1251.74,80039.64,1567.29,27245.49,15663.76,11653.77,9388.64,8212.07,2905.44,2865.42,856.42,480.24,192.1,576.29,80039.64,0,0,0,0,0,0,0,80039.64,67.97,20.27,16.58,33.99,10.13,8.29,7.78,97.4,30,446678.6,58695.4,11814.5,17376.2,108.2,274277,,446678.6,58695.4,11814.5,17376.2,274277,11814.5,808949.9,11814.5,0,0,0,0,808949.9,,808949.9,0,0,0,0,no,yes,yes,yes,yes,yes,yes,yes,yes,yes,808949.9,,,,,,,,,,,,,,,,,,,,,,,,,,,,,,
"Montreal Process, Europe, UNECE, FOREST EUROPE",RUS,Russian Federation,2000,88,12,0,0,809268.5,71606.6,1637687,793908.1,15360.4,0,0,15360.4,288500,32800,0,0,0,0,0,0,1099.1,5823.8,99.18882299,99.18882321,0,99.18882321,99.18882299,20.90002877,78746.81,1523.58,0,1523.58,80270.39,1496.58,25338.11,16289.58,11022.96,10915.47,8457.73,3237.76,2682.57,858.75,570.99,201.26,695.21,80270.39,0,0,0,0,0,0,0,80270.39,70.16,20.77,16.66,35.08,10.38,8.33,7.8,97.4,30,411437.1,70387.8,16190.2,11333.1,154.5,299765.8,,411437.1,70387.8,16190.2,11333.1,299765.8,16190.2,809268.5,16190.2,0,0,0,0,809268.5,,721556.5,0,87712,0,0,no,yes,yes,yes,yes,yes,yes,yes,yes,yes,809268.5,195.98,,,,,,,,,,,,,,,,,,,,,,,,,,,,,
"Montreal Process, Europe, UNECE, FOREST EUROPE",RUS,Russian Federation,2010,88,12,0,0,815135.6,75812.1,1637687,795522.7,19612.9,0,0,19612.9,271855.8,30200,0,0,0,0,0,0,1007.3,20363.2,100.0114013,100.0112171,0,100.0112171,100.0113969,20.89996188,79561.34,1961.51,0,1961.51,81522.85,1584.47,23832.5,16381.6,13737.9,10811.4,7789.5,3859.5,2504.7,886.2,610.2,182.2,927.2,81522.9,0,0,0,0,0,0,0,81522.9,73.89,21.69,17.23,36.95,10.85,8.61,7.88,97.4,30,421491,85110.7,17572.2,12368,1703.8,276889.9,,421491,85110.7,17572.2,12368,276889.9,17572.2,815135.6,17572.2,0,0,0,0,815135.6,,615317,0,193352.2,0,6466.4,no,yes,yes,yes,yes,yes,yes,yes,yes,yes,815135.6,68.81,,,,,,,,,,,,,,,,,,,,,,,,,,,35000,,
"Montreal Process, Europe, UNECE, FOREST EUROPE",RUS,Russian Federation,2015,88,12,0,0,814930.46,74924.6,1637687,795089.5,19840.96,0,0,19840.96,263533.7,32400,0,0,0,0,0,0,1069.1,20328,99.99388748,99.9936495,0,99.9936495,99.99388169,20.87285084,79504.09,1983.97,0,1983.97,81488.06,1563.89,23672.43,16250.1,14099.53,10616.5,7734.06,3936.74,2486.96,905.15,633.21,183.94,969.44,81488.06,0,0,0,0,0,0,0,81488.06,75.82,22.21,17.5,37.91,11.1,8.75,7.9,97.5,30,415073.7,86353.5,18000,12316.66,1482.4,281704.2,,415073.7,86353.5,18000,12316.66,281704.2,18000,814930.46,18000,0,0,0,0,814930.46,,571325.06,0,243605.4,0,0,no,yes,yes,yes,yes,yes,yes,yes,yes,yes,814930.46,76.27,,,,,,,,,,,,,,,,,,,,,,,,,,,,,
"Montreal Process, Europe, UNECE, FOREST EUROPE",RUS,Russian Federation,2020,88,12,0,0,815311.6,74885.3,1637687,796431.5,18880.1,0,0,18880.1,255211.5,32306.7,0,0,0,0,0,0,1235.4,19225.7,99.43541912,99.435914,0,99.435914,99.43598251,20.88380497,79193.5,1877.36,0,1877.36,81071.31,1563.89,23672.43,16250.1,14099.53,10616.5,7734.06,3936.74,2486.96,905.15,633.21,183.94,969.44,81488.06,0,0,0,0,0,0,0,81488.06,77.33,22.61,17.68,38.67,11.3,8.84,7.92,97.5,30,455291.58,149364,18582.22,13605.23,3563.26,174905.31,0,455291.58,149364,18582.22,13605.23,174905.31,18582.22,815245.9,18582.22,,,,,,,,,,,,no,yes,yes,yes,yes,yes,yes,yes,yes,yes,815245.9,,,,,,,,,,,,,,,,,,,,,,,,,,,,,,
North and Central America,PRI,Puerto Rico,1990,0,0,0,100,320.33,0,887,320.33,0,0,,0,0,,,,0,,,,,,58.88,0,0,0,58.88,,18.8610304,0,0,0,18.8610304,,,,,,,,,,,,,,,,,,,,,,57.44,6.25,,26.09,5.18,6.89,14.22,,,,,,,,,,,,,,,,,,270.62,,,,49.71,,,,,,49.71,no,yes,yes,yes,yes,yes,yes,yes,no,yes,,,,,,,,,,,,,,,,,,,,,,,,,,,,,,,
North and Central America,PRI,Puerto Rico,2000,0,0,0,100,429.15,0,887,429.15,0,0,0,0,0,,,10.46,0,,,,,,58.88384015,0,0,0,58.88384015,,25.27,0,0,0,25.27,,1.89,1.36,0.51,0.39,0.97,0.49,0.27,0.36,0.5,0.62,7.37,14.73,5.77,1.87,0.72,0.2,0.38,1.6,10.54,25.27,57.44,6.25,,26.09,5.18,6.89,14.22,,,,,,,,,429.15,,,,,,59.65,,,362.56,,,,66.59,0,,,,,66.59,no,yes,yes,yes,yes,yes,yes,yes,no,yes,,,,,,,,,,,,,,,,,,,,,,,,,,,,,,,
North and Central America,PRI,Puerto Rico,2010,0,0,0,100,491.45,0,887,491.45,0,0,0,0,0,,,5.71,0,,,,,,74.90080374,0,0,0,74.90080374,,36.81,0,0,0,36.81,,2.62,2.65,0.91,0.73,1.02,0.75,0.53,0.61,0.77,0.69,9.12,20.4,9.27,2.29,1.11,0.34,0.42,2.24,15.67,36.07,73.16,15.5,,33.28,6.59,3.87,20.92,,,,,,,,,491.45,,,,,,67.21,,,415.19,,,,76.26,0,,,,,76.26,no,yes,yes,yes,yes,yes,yes,yes,no,yes,,,,,,,,,,,,,,,,,,,,,,,,,,,,,,,
North and Central America,PRI,Puerto Rico,2015,0,0,0,100,493.88,0,887,493.88,0,0,0,0,0,,,4.1,0,,,,,,81.78099943,0,0,0,81.78099943,,40.39,0,0,0,40.39,,3.72,3.11,1.02,0.96,0.86,0.88,0.78,0.74,0.69,0.7,11.15,24.61,7.99,2.44,1.21,0.42,0.39,2.81,15.26,39.87,74.39,16.74,,34,7.31,4.59,21.64,,,,,,,,,493.88,,,,,,66.92,,,417.24,,,,76.64,0,,,,,76.64,no,yes,yes,yes,yes,yes,yes,yes,no,yes,,,,,,,,,,,,,,,,,,,,,,,,,,,,,,,
North and Central America,PRI,Puerto Rico,2020,0,0,0,100,496.33,0,887,496.33,0,0,0,0,0,,,4.1,0,,,,,,90.98785083,0,0,0,90.98785083,,45.16,0,0,0,45.16,,,,,,,,,,,,,,,,,,,,,,80.55,22.9,,37.59,10.91,8.19,25.23,,,,,,,,,496.33,,,,,,,,,,,,,,,,,,,,no,yes,yes,yes,yes,yes,yes,yes,no,yes,,,,,,,,,,,,,,,,,,,,,,,,,,,,,,,
Africa,MYT,Mayotte,1990,0,0,100,0,19.1,0.69,37,19.87,0.17,0.03,0.03,0.14,,,,0.72,0,,,,,,,,,,,,,,,,,,,,,,,,,,,,,,,,,,,,,,,,,,,,,,,0,0,0,0,19.1,0,0,,,,,,,,,,,,,,19.1,,,,,,no,yes,yes,yes,yes,yes,yes,yes,no,yes,19.1,0.25,,,,,,,,,,,,,,,,,,,,,,,,,,,,,
Africa,MYT,Mayotte,2000,0,0,100,0,15.67,0.71,37,15.53,0.3,0.03,0.03,0.27,1.12,,,0.7,0,,,,,,,,,,,,,,,,,,,,,,,,,,,,,,,,,,,,,,,,,,,,,,,0,0,0,0,15.67,0,0,,,,,,,,,,,,,,15.67,,,,,,no,yes,yes,yes,yes,yes,yes,yes,no,yes,15.67,0.13,,,,,,,,,,,,,,,,,,,,,,,,,,,,,
Africa,MYT,Mayotte,2010,0,0,100,0,14.41,1.66,37,13.95,0.46,0.03,0.03,0.43,,,,0.68,0,,,,,,,,,,,,,,,,,,,,,,,,,,,,,,,,,,,,,,,,,,,,,,,0,0,0,0,14.41,0,0,,,,,,,,,3,,,,3.79,7.62,,,,,3.79,no,yes,yes,yes,yes,yes,yes,yes,no,yes,14.41,0.06,,,,,,,,,,,,,,,,,,,,,,,,,,,,,
Africa,MYT,Mayotte,2015,0,0,100,0,14.14,3.35,37,13.65,0.5,0.03,0.03,0.47,,,,0.68,0,,,11.84,,,,,,,,,,,,,,,,,,,,,,,,,,,,,,,,,,,,,,,,,,,,0,0,0,0,14.14,0,0,0.1,4.9,4.9,,,1.05,4.9,1.05,4.3,,,,9.06,0.78,9.06,0,0,0,0,no,yes,yes,yes,yes,yes,yes,yes,no,yes,14.14,0.07,,,,,,,,,,,,,,,,,,,,,,,,,,,,,
Africa,MYT,Mayotte,2020,0,0,100,0,13.89,5,37,13.39,0.55,0.03,0.03,0.52,,,,0.68,0,,,,,,,,,,,,,,,,,,,,,,,,,,,,,,,,,,,,,,,,,,,,,,,0,0,0,0,13.89,0,0,,,,,,,,,,,,,,,,,,,,no,yes,yes,yes,yes,yes,yes,yes,no,yes,13.89,,,,,,,,,,,,,,,,,,,,,,,,,,,,,,
"International Tropical Timber Organization, EU-27, Europe, UNECE, FOREST EUROPE",POL,Poland,1990,0,100,0,0,8882,0,30619,,,,,,0,,0,0,0,0,,,,,,,,,167.1920739,,,,,,1485,,,,,,,,,,,,,,,,,,,,,,93,19,,44,9,,,,40,0,721,181,1787,6193,0,,8323,,,,,181.2,,181.2,1475,1376,28,71,7406,,7406,0,0,0,0,no,yes,no,yes,,no,,yes,,yes,8882,131,,,,,,,,,,,,,,,,,,,,,,,,,,,,,
"International Tropical Timber Organization, EU-27, Europe, UNECE, FOREST EUROPE",POL,Poland,2000,0,100,0,0,9059,0,30619,,,,,,0,,0,0,0,0,,,,,,,,,191.6326305,,,,,,1736,,,,,,,,,,,,,,,,,,,,,,107,21,,50,10,,,,40,0,1556,402,1269,5832,0,,8342,,,,,277.6,8460,277.6,1524,1428,27,69,7535,,7535,0,0,0,0,no,yes,no,yes,,no,,yes,,yes,9059,60.03,,,,,,,,,,,,,,,,,,878,,,431,,,,,,,,
"International Tropical Timber Organization, EU-27, Europe, UNECE, FOREST EUROPE",POL,Poland,2010,0,100,0,0,9329,0,30619,,,,,,0,548,0,0,0,0,,,,,,,,,254.2319648,,,,,,2371.73,,1351.5,173.45,163.25,168.41,148.08,108.28,86.05,34.68,28.59,22.48,72.14,2356.91,5.95,5.62,1.28,0.38,0.61,0.98,14.82,2371.73,146,29,7,69,14,3,,88,40,0,1866,533,1070,5860,0,,8128,,,,,299.4,8636,299.4,1686,1587,32,67,7643,,7643,0,0,0,0,no,yes,no,yes,,no,,yes,,yes,9329,63.53,10.03,53.5,,,,,,,,,,,,,36,13,23,1094,,,1106,,,173,,,,,
"International Tropical Timber Organization, EU-27, Europe, UNECE, FOREST EUROPE",POL,Poland,2015,0,100,0,0,9420,0,30619,2054,7366,4,0.18,7362,0,543,0,0,0,0,,,,,269.0944499,271.1132229,,,270.6730361,,552.72,1997.02,,,2549.74,,1438.97,193.69,177.09,170.54,151.67,119.74,101.92,40.1,32.96,25.38,79.39,2531.45,7.52,6.33,1.72,0.99,0.68,1.05,18.29,2549.74,155,31,8,73,15,4,,,40,0,1917,912,1045,5546,0,,8268,2208,3223,1434,,3079.3,8930,3079.3,1765,1661,39,65,7655,,7655,0,0,0,0,no,yes,no,yes,,no,,yes,,yes,9420,75.83,10.73,65.1,,,,,,,,,,,,,26,10,16,490,,,770,,,458,108,350,,,
"International Tropical Timber Organization, EU-27, Europe, UNECE, FOREST EUROPE",POL,Poland,2020,0,100,0,0,9483,0,30619,,,,,,0,543,0,0,0,0,,,,,,,,,287.8835811,,,,,,2730,,1524,214,191,174,156,132,118,45,37,28,86,2705,,,,,,25,25,2730,166,33,8,78,16,4,,,40,0,1924,975,1021,5563,0,0,8331,2216,3236,1438,,3092.1,,,,,,,,,,,,,,no,yes,no,yes,,no,,yes,,yes,9483,,,,,,,,,,,,,,,,,,,,,,,,,,,,,,
Africa,SEN,Senegal,1990,0,0,100,0,9303.16,5531.83,19253,9271.16,32,32,,0,2306.59,,715.74,191.69,,39.52,21.71,196.86,13.18,,37.2,47.5,47.5,0,37.23573495,4.6,344.887152,1.52,1.52,0,346.41,25.446418,38.35,34.87,31.38,27.89,17.43,13.95,13.95,10.46,3.49,3.49,151.15,346.41,,,,,,,,346.41,45.9,13.77,2.18,21.57,6.47,1.03,,,,21,1453.92,5,1009.78,,,6813.46,21,7316.04,1035.06,1009.15,,7316.04,954.06,0,5.1,5.1,0,0,9298.06,0,9297.66,0,0.4,0,0,no,yes,yes,yes,yes,yes,yes,yes,yes,yes,,,,,,,,,,,,,,,,,,,,,,,,,,10,,10,,,
Africa,SEN,Senegal,2000,0,0,100,0,8853.16,5351.83,19253,8821.16,32,32,,0,2200.62,,683.74,194.89,,45.16,24.8,224.93,15.05,,37.2,47.5,47.5,0,37.2,4.6,328.147152,1.52,1.52,0,329.337552,24.618418,36.51,33.19,29.87,26.55,16.59,13.28,13.28,9.96,3.32,3.32,143.47,329.34,,,,,,,,329.34,45.75,13.75,2.21,21.5,6.46,1.04,,,,56.3,1397.62,500.87,1009.92,,,5888.45,56.3,7316.04,2592.43,1496.29,,7316.04,1497.36,0,5.1,5.1,0,0,8848.06,0,8837.96,0,6.6,3.5,0,no,yes,yes,yes,yes,yes,yes,yes,yes,yes,,1.34,0.13,1.21,0.25,0.03,0.23,1.09,0.11,0.98,,,,,,,,,,,,,9,2,7,19,,19,,,
Africa,SEN,Senegal,2010,0,0,100,0,8468.16,5232.06,19253,8436.16,32,32,,0,2100.62,,655.74,198.06,,49.68,27.28,247.42,16.56,,37.2,47.5,47.5,0,37.2,4.6,313.825152,1.52,1.52,0,315.015552,24.067476,34.76,31.6,28.44,25.28,15.8,12.64,12.64,9.48,3.16,3.16,138.06,315.02,,,,,,,,315.02,44.47,13.36,2.1,20.9,6.28,0.99,,,,470.5,1366.69,1445.08,1042.87,,,4143.02,479.51,7313.42,5029.26,1516.91,,7313.43,2837.74,2433.14,5.1,5.1,0,0,8463.06,0,8278.13,0,9.6,175.33,0,no,yes,yes,yes,yes,yes,yes,yes,yes,yes,,4.22,0.42,3.8,0.25,0.03,0.23,3.97,0.4,3.57,,,,,,,,,,11,,,55,10,45,22,1,21,,,
Africa,SEN,Senegal,2015,0,0,100,0,8268.16,5152.06,19253,8236.16,32,32,,0,2055.8,,641.74,204.18,,52.18,44.08,259.9,17.39,,37.2,47.5,47.5,0,37.2,4.6,306.385152,1.52,1.52,0,307.575552,23.699476,33.94,30.86,27.77,24.69,15.43,12.34,12.34,9.26,3.09,3.09,134.77,307.58,,,,,,,,307.58,44.34,13.33,2,20.84,6.26,0.94,,,,934.14,1267.8,1614.28,1042.87,,,3409.07,943.15,7482.83,7868.76,1516.91,,7482.83,4095.18,3730.36,5.1,5.1,0,0,8263.06,0,8078.13,0,9.6,175.33,0,no,yes,yes,yes,yes,yes,yes,yes,yes,yes,7288.73,16.98,5.44,11.54,0.26,0.03,0.23,13.92,3.73,10.19,2.8,1.68,1.11,,,,,,,28,10,15,29,8,21,25,2,23,,,
Africa,SEN,Senegal,2020,0,0,100,0,8068.16,5072.06,19253,8036.16,32,32,,0,2019.34,,627.74,221.59,,54.68,46.2,272.38,18.23,,37.2,47.5,47.5,0,37.2,4.6,298.945152,1.52,1.52,0,300.135552,23.331476,33.12,30.11,27.1,24.09,15.06,12.04,12.04,9.03,3.01,3.01,131.53,300.14,,,,,,,,300.14,44.25,13.28,1.94,20.8,6.24,0.91,,,,1086.42,1233.76,1637.48,1044.38,,,3066.12,1095.43,7506.03,10766.23,1516.91,,7506.03,5823.53,5105.3,,,,,,,,,,,,no,yes,yes,yes,yes,yes,yes,yes,yes,yes,7288.73,,,,,,,,,,,,,,,,,,,,,,,,,,,,,,
South America,PRY,Paraguay,1990,0,0,100,0,25545.86,0,39730,25535.62,10.24,10.24,,0,,,,0,,,,,,,63.9,128.03,128.03,0,63.92581812,,1631.726118,1.3110272,1.3110272,0,1633.04,,,,,,,,,,,,,,,,,,,,,,69.86,25.62,8.15,32.84,12.04,3.83,2.09,55.25,50,,,,,,,25545.86,,,,,,,,,,,,,,25545.86,,,,,,no,yes,no,yes,no,no,no,yes,no,,,,,,,,,,,,,,,,,,,,,,,,,,,,,,,,
South America,PRY,Paraguay,2000,0,0,100,0,22991.65,0,39730,22961.13,30.52,30.52,,0,,,,0,,,,,,,63.9,128.03,128.03,0,63.9854034,,1467.216207,3.9074756,3.9074756,0,1471.13,,,,,,,,,,,,,,,,,,,,,,69.86,25.62,8.15,32.84,12.04,3.83,2.09,55.25,50,,,,,,,22991.65,,,,,,,,,,,,,,22991.65,,,,,,no,yes,no,yes,no,no,no,yes,no,,,,,,,,,,,,,,,,,,,,,,,,,,,,,,,,
South America,PRY,Paraguay,2010,0,0,100,0,19570.21,0,39730,19519.41,50.8,50.8,,0,,,,0,,1531.14,,,,,63.9,128.03,128.03,0,64.06625172,,1247.290299,6.503924,6.503924,0,1253.79,,,,,,,,,,,,,,,,,,,,,,69.86,25.62,8.15,32.84,12.04,3.83,2.09,55.25,50,,,,,,,19570.21,,,,,,,,,,,,,,19570.21,,,,,,no,yes,no,yes,no,no,no,yes,no,,,,,,,,,,,,,,,,,,,,,,,,,,,,,,,,
South America,PRY,Paraguay,2015,0,0,100,0,17498.94,0,39730,17400.41,98.53,98.53,,0,,,,0,,,,,,,63.9,128.03,128.03,0,64.26103524,,1111.886199,12.6147959,12.6147959,0,1124.5,,,,,,,,,,,,,,,,,,,,,,69.86,25.62,8.15,32.84,12.04,3.83,2.09,55.25,50,,,,,,,17498.94,,,,,,,,,,,,,,17498.94,,,,,,no,yes,no,yes,no,no,no,yes,no,,,,,,,,,,,,,,,,,,,,,,,,,,,,,,,,
South America,PRY,Paraguay,2020,0,0,100,0,16102.26,0,39730,15946.6,155.66,155.66,,0,,,,0,,,,,,,63.9,128.03,64.23,0,64.52013568,,1018.98774,19.9291498,9.9980418,0,1038.92,,,,,,,,,,,,,,,,,,,,,,69.86,25.62,8.15,32.84,12.04,3.83,2.09,55.25,50,,,,,,,16102.26,,,,,,,,,,,,,,,,,,,,no,yes,no,yes,no,no,no,yes,no,,,,,,,,,,,,,,,,,,,,,,,,,,,,,,,,
Africa,SHN,Saint Helena,1990,0,0,100,0,2,0,39,2,0,0,0,0,,,,2,,,,,,,,,,,,,,,,,,,,,,,,,,,,,,,,,,,,,,,,,,,,,,,,,,,,,,2,,,,,,,,,,,,,,2,,,,,,no,,,,,,,,,,,,,,,,,,,,,,,,,,,,,,,,,,,,,,,,
Africa,SHN,Saint Helena,2000,0,0,100,0,2,0,39,2,0,0,0,0,,,,2,,,,,,,,,,,,,,,,,,,,,,,,,,,,,,,,,,,,,,,,,,,,,,,,,,,,,,2,,,,,,,,,,,,,,2,,,,,,no,,,,,,,,,,,,,,,,,,,,,,,,,,,,,,,,,,,,,,,,
Africa,SHN,Saint Helena,2010,0,0,100,0,2,0,39,2,0,0,0,0,,,,2,,,,,,,,,,,,,,,,,,,,,,,,,,,,,,,,,,,,,,,,,,,,,,,,,,,,,,2,,,,,,,,,,,,,,2,,,,,,no,,,,,,,,,,,,,,,,,,,,,,,,,,,,,,,,,,,,,,,,
Africa,SHN,Saint Helena,2015,0,0,100,0,2,0,39,2,0,0,0,0,,,,2,,,,,,,,,,,,,,,,,,,,,,,,,,,,,,,,,,,,,,,,,,,,,,,,,,,,,,2,,,,,,,,,,,,,,2,,,,,,no,,,,,,,,,,,,,,,,,,,,,,,,,,,,,,,,,,,,,,,,
Africa,SHN,Saint Helena,2020,0,0,100,0,2,0,39,2,0,0,0,0,,,,2,,,,,,,,,,,,,,,,,,,,,,,,,,,,,,,,,,,,,,,,,,,,,,,,,,,,,,2,,,,,,,,,,,,,,,,,,,,no,,,,,,,,,,,,,,,,,,,,,,,,,,,,,,,,,,,,,,,,
"North and Central America, International Tropical Timber Organization",PAN,Panama,1990,0,0,100,0,4607.4,541.54,7434,4596.35,11.05,11.05,,0,,,,183.61,,,,,,,250.1,162.4,162.4,0,249.8893085,,1149.547135,1.79452,1.79452,0,1151.34,,,,,,,,,,,,,,,,,,,,,,145.1,30.47,,70.1,14.8,7.6,1,65.8,30,,,,,,,4607.4,,,,,,,,,,,,,,4607.4,,,,,,no,yes,no,yes,no,yes,no,yes,no,,,,,,,,,,,,,,,,,,,,,,,,,,,,,,,,
"North and Central America, International Tropical Timber Organization",PAN,Panama,2000,0,0,100,0,4442.14,541.54,7434,4409.34,32.8,32.8,,0,,,,174.44,,,,,,,250.1,162.4,162.4,0,249.4540919,,1102.775934,5.32672,5.32672,0,1108.11,,,,,,,,,,,,,,,,,,,,,,145.1,30.47,,70.1,14.8,7.6,1,65.8,30,,,,,,,4442.14,,,,,,,,,,,,,,4442.14,,,,,,no,yes,no,yes,no,yes,no,yes,no,,,,,,,,,,,,,,,,,,,,,,,,,,,,,,,,
"North and Central America, International Tropical Timber Organization",PAN,Panama,2010,0,0,100,0,4327.99,541.54,7434,4272.1,55.89,55.89,,0,,,,169.64,,,,,,,250.1,162.4,162.4,0,248.9677656,,1068.45221,9.076536,9.076536,0,1077.53,,,,,,,,,,,,,,,,,,,,,,145.1,30.47,,70.1,14.8,7.6,1,65.8,30,,,,,,,4327.99,,,,,,2021,,,,,,,,4327.99,,,,,,no,yes,no,yes,no,yes,no,yes,no,,,,,,,,,,,,,,,,,,,,,,,,,,,,,,,,
"North and Central America, International Tropical Timber Organization",PAN,Panama,2015,0,0,100,0,4270.91,541.54,7434,4209.53,61.38,61.38,,0,,,,167.24,,,,,,,250.1,162.4,162.4,0,248.8392403,,1052.803453,9.968112,9.968112,0,1062.77,,,,,,,,,,,,,,,,,,,,,,145.1,30.47,,70.1,14.8,7.6,1,65.8,30,,,,,,,4270.91,,,,,,2021,,,,,,,,4270.91,,,,,,no,yes,no,yes,no,yes,no,yes,no,,,,,,,,,,,,,,,,,,,,,,,,,,,,,,,,
"North and Central America, International Tropical Timber Organization",PAN,Panama,2020,0,0,100,0,4213.84,541.54,7434,4148.1,65.74,65.74,,0,,,,164.84,,,,,,,250.1,162.4,162.4,0,248.7327473,,1037.43981,10.676176,10.676176,0,1048.12,,,,,,,,,,,,,,,,,,,,,,145.1,30.47,,70.1,14.8,7.6,1,65.8,30,,,,,,,4213.84,,,,,,2021,,,,,,,,,,,,,,no,yes,no,yes,no,yes,no,yes,no,,,,,,,,,,,,,,,,,,,,,,,,,,,,,,,,
Africa,REU,Réunion,1990,0,0,100,0,87.95,26.68,251,77.25,10.7,9.7,7.7,1,53,,0,0,0,0,,0,,,198,145,,,191.5861285,20,15.2955,1.5515,,,16.85,0.5336,,,,,,,,,,,15.3,15.3,,,,,,1.55,1.55,16.85,125,25,3,60,12,1,,18,30,0,0,0,0,87.95,0,0,7,87.85,58,33,,3.95,36,3.95,34.48,,,,53.47,0,53.47,0,0,0,0,yes,yes,yes,yes,yes,yes,yes,yes,no,yes,87.95,0.14,,,,,,,,,,,,,,,,,,,,,,,,,,,,,
Africa,REU,Réunion,2000,0,0,100,0,90.97,27.49,251,80.27,10.7,9.7,7.7,1,53,,0,0,0,0,6.1,0,,,198,155,,,192.9207431,20,15.89346,1.6585,,,17.55,0.5498,,,,,,,,,,,15.89,15.89,,,,,,1.66,1.66,17.55,125,25,3,60,12,1,,18,30,0,0,0,0,90.97,0,0,7,90.97,58,33,,6.42,62,6.42,37.5,,,,53.47,0,53.47,0,0,0,0,yes,yes,yes,yes,yes,yes,yes,yes,no,yes,90.97,0.14,,,,,,,,,,,,,,,,,,,,,,,,,,,,,
Africa,REU,Réunion,2010,0,0,100,0,93.99,28.3,251,83.29,10.7,9.7,7.7,1,53,,0,0,0,0,6.2,0,,,198,165,,,194.2759868,20,16.49142,1.7655,,,18.26,0.566,,,,,,,,,,,16.49,16.49,0.79,0.16,0.32,0.01,,0.49,1.77,18.26,125,25,3,60,12,1,,18,30,0,0,0,0,93.99,0,0,7,93.99,58,33,,60.2,62,45.7,40.52,,,,53.47,0,53.47,0,0,0,0,yes,yes,yes,yes,yes,yes,yes,yes,no,yes,93.99,0.14,,,,,,,,,,,,,,,,,,,,,,,,,,,,,
Africa,REU,Réunion,2015,0,0,100,0,96.04,27.21,251,85.34,10.7,9.7,7.7,1,53,10.9,0,0,0,0,8.3,0,2.6,,198,170,,,194.9187838,20,16.89732,1.819,,,18.72,0.5442,,,,,,,,,,,16.9,16.9,0.81,0.16,0.34,0.01,,0.5,1.82,18.72,125,25,3,60,12,1,,18,30,0,0,0,0,96.04,0,0,6,96.04,57,38,,60.2,62,45.7,42.57,,,,53.47,0,53.47,0,0,0,0,yes,yes,yes,yes,yes,yes,yes,yes,no,yes,96.04,0.09,,,,,,,,,,,,,,,,,,,,,,,,,,,,,
Africa,REU,Réunion,2020,0,0,100,0,98.44,25.11,251,87.74,10.7,9.7,7.7,1,53,,0,0,0,0,,0,,,198,175,,,195.4490045,20,17.37252,1.8725,,,19.24,0.5022,,,,,,,,,,,17.37,17.37,0.83,0.17,0.35,0.01,,0.51,1.87,19.24,125,25,3,60,12,1,,18,30,0,0,0,0,98.44,0,0,6,98.44,57,38,,60.2,63,45.7,,,,,,,,,,,,yes,yes,yes,yes,yes,yes,yes,yes,no,yes,98.44,,,,,,,,,,,,,,,,,,,,,,,,,,,,,,
"International Tropical Timber Organization, South America",PER,Peru,1990,0,0,100,0,76448.54,10368.21,128000,76185.54,263,263,,0,,,,,,,,,,,156.9,319.36,319.36,,157.4588606,,11953.51123,83.99168,83.99168,0,12037.5,,,,,,,,,,,,,,,,,,,,,,237.79,63.19,,111.76,29.7,1.75,,,,,,,,,,76448.54,,,,,,,,,,,,,,76448.54,,,,,,no,yes,no,yes,yes,yes,yes,yes,no,yes,,,,,,,,,,,,,,,,,,,,,,,,,,,,,,,
"International Tropical Timber Organization, South America",PER,Peru,2000,0,0,100,0,75297.83,10368.21,128000,74582.74,715.09,715.09,,0,,,,,,,,,,,156.9,319.36,319.36,,158.442813,,11702.03191,228.3711424,228.3711424,0,11930.4,,,,,,,,,,,,,,,,,,,,,,237.79,63.19,,111.76,29.7,1.75,,,,,,,,,,75297.83,,,,,,,4014,,10518,,,,64779.83,0,,,4014,,60765.83,no,yes,no,yes,yes,yes,yes,yes,no,yes,,10,,,,,,,,,,,,,,,,,,,,,,,,,,,,,
"International Tropical Timber Organization, South America",PER,Peru,2010,0,0,100,0,74049.8,10368.21,128000,73079.88,969.92,969.92,,0,,,,,,53.83,,,,,156.9,319.36,319.36,,159.0278434,,11466.23317,309.7536512,309.7536512,0,11775.98,,,,,,,,,,,,,,,,,,,,,,237.79,63.19,,111.76,29.7,1.75,,,,,,,,,,74049.8,,,,,,16439,8005,,13127,,,,60922.8,0,,,8005,,52917.8,no,yes,no,yes,yes,yes,yes,yes,no,yes,39850,23,,,,,,,,,,,,,,,,,,,,,,,,,,,,,
"International Tropical Timber Organization, South America",PER,Peru,2015,0,0,100,0,73194.53,10368.21,128000,72137.36,1057.17,1057.17,,0,,,,6.43,,83.47,,,,,156.9,319.36,319.36,,159.2464628,,11318.35178,337.6178112,337.6178112,0,11655.97,,,,,,,,,,,,,,,,,,,,,,237.79,63.19,,111.76,29.7,1.75,,,,,,,,,,73194.53,,,,,,18844,8463,,11713,,,,61481.53,0,11762,,8463,96.5,41160.03,no,yes,no,yes,yes,yes,yes,yes,no,yes,17699,,,,,,,,,,,,,,,,,,,,,,,,,,,,,,
"International Tropical Timber Organization, South America",PER,Peru,2020,0,0,100,0,72330.37,10368.21,128000,71241.9,1088.47,1088.47,,0,,,,6.43,,113.11,,,,,156.9,319.36,319.36,,159.3446847,,11177.85411,347.6137792,347.6137792,0,11525.46,,,,,,,,,,,,,,,,,,,,,,237.79,63.19,,111.76,29.7,1.75,,,,,,,,,,72330.37,,,,,,22851,,,,,,,,,,,,,,no,yes,no,yes,yes,yes,yes,yes,no,yes,17500,,,,,,,,,,,,,,,,,,,,,,,,,,,,,,
Europe,SJM,Svalbard and Jan Mayen Islands,1990,100,0,0,0,0,0,6100,0,0,0,0,0,0,0,0,0,0,0,0,0,0,0,,,,,,,0,0,0,0,0,0,,,,,,,,,,,,,,,,,,,,,0,0,0,0,0,0,0,0,,0,0,0,0,0,0,0,0,0,0,0,0,0,0,0,0,0,0,0,0,0,0,0,0,0,0,no,no,no,no,no,no,no,no,no,no,,0,0,0,0,0,0,0,0,0,0,0,0,0,0,0,0,0,0,0,0,0,0,0,0,0,0,0,0,0,0
Europe,SJM,Svalbard and Jan Mayen Islands,2000,100,0,0,0,0,0,6100,0,0,0,0,0,0,0,0,0,0,0,0,0,0,0,,,,,,,0,0,0,0,0,0,,,,,,,,,,,,,,,,,,,,,0,0,0,0,0,0,0,0,,0,0,0,0,0,0,0,0,0,0,0,0,0,0,0,0,0,0,0,0,0,0,0,0,0,0,no,no,no,no,no,no,no,no,no,no,,0,0,0,0,0,0,0,0,0,0,0,0,0,0,0,0,0,0,0,0,0,0,0,0,0,0,0,0,0,0
Europe,SJM,Svalbard and Jan Mayen Islands,2010,100,0,0,0,0,0,6100,0,0,0,0,0,0,0,0,0,0,0,0,0,0,0,,,,,,,0,0,0,0,0,0,,,,,,,,,,,,,,,,,,,,,0,0,0,0,0,0,0,0,,0,0,0,0,0,0,0,0,0,0,0,0,0,0,0,0,0,0,0,0,0,0,0,0,0,0,no,no,no,no,no,no,no,no,no,no,,0,0,0,0,0,0,0,0,0,0,0,0,0,0,0,0,0,0,0,0,0,0,0,0,0,0,0,0,0,0
Europe,SJM,Svalbard and Jan Mayen Islands,2015,100,0,0,0,0,0,6100,0,0,0,0,0,0,0,0,0,0,0,0,0,0,0,,,,,,,0,0,0,0,0,0,,,,,,,,,,,,,,,,,,,,,0,0,0,0,0,0,0,0,,0,0,0,0,0,0,0,0,0,0,0,0,0,0,0,0,0,0,0,0,0,0,0,0,0,0,no,no,no,no,no,no,no,no,no,no,,0,0,0,0,0,0,0,0,0,0,0,0,0,0,0,0,0,0,0,0,0,0,0,0,0,0,0,0,0,0
Europe,SJM,Svalbard and Jan Mayen Islands,2020,100,0,0,0,0,0,6100,0,0,0,0,0,0,0,0,0,0,0,0,0,0,0,,,,,,,0,0,0,0,0,0,,,,,,,,,,,,,,,,,,,,,0,0,0,0,0,0,0,0,,0,0,0,0,0,0,0,0,0,0,0,0,0,0,0,,,,,,,,,,,,no,no,no,no,no,no,no,no,no,no,,,,,,,,,,,,,,,,,,,,,,,,,,,,,,,
"International Tropical Timber Organization, North and Central America, Montreal Process",MEX,Mexico,1990,0,0,56.76,43.24,70591.65,20911.02,194395,70552.22,39.43,38.83,,0.6,39851.36,185.3,,912.21,,119.39,790.24,,,,53.81,71.77276186,,,53.82,2.1,3796.414958,2.83,,,3799.242603,43.913142,162.36,146.83,111.53,120.01,94.59,66.36,84.71,51.53,62.83,65.65,2830.02,3796.42,0.65,0.07,0.01,0.48,0.17,1.4,2.78,3799.2,46.69,11.41,,22.05,5.48,,,,30,,,5794,,,,64797.65,,,,,,5425.9,,,55085.11,14434.35,0,40650.76,2451.89,13054.65,725.57,,,50.05,1676.27,yes,yes,yes,yes,yes,yes,yes,no,no,yes,7262.06,,,,,,,,,,,,,,,,27,13,14,96,47,49,139,27,112,82,14,68,344,101,243
"International Tropical Timber Organization, North and Central America, Montreal Process",MEX,Mexico,2000,0,0,56.76,43.24,68381.35,20524.79,194395,68341.59,39.76,34.52,,5.24,34787.5,215.15,,931.45,,108.32,1021.97,,,,53.81,70.92555332,,,53.82,2.1,3677.460958,2.82,,,3680.284257,43.102059,157.28,142.23,108.04,116.25,91.63,64.28,82.06,49.92,60.86,63.59,2741.41,3677.55,0.63,0.06,0.01,0.47,0.17,1.36,2.7,3680.25,46.69,11.41,,22.05,5.48,,,,30,,,8161.24,,,,60220.11,,,,,,7200.94,1758.34,,53744.92,14216.81,0,39528.11,2426.99,12209.44,903.62,,,48.59,1474.78,yes,yes,yes,yes,yes,yes,yes,no,no,yes,8988.64,,,,,,,,,,,,,,,,53,17,36,269,116,153,799,293,506,65,10,61,1186,436,756
"International Tropical Timber Organization, North and Central America, Montreal Process",MEX,Mexico,2010,0,0,56.76,43.24,66943.31,19988.51,194395,66876.79,66.51,61.85,,4.66,32543.07,197.65,0.03,947.08,,98.92,1156,,,,56.77,96.97789806,,,56.81,2.02,3796.595368,6.45,,,3803.049441,40.3767902,148.61,135.89,123.85,117.15,102.42,89.03,87.03,68.28,66.27,64.27,2793.83,3796.63,0.69,0.53,0.4,0.27,0.19,4.65,6.73,3803.36,52.44,12.76,5.88,24.72,6.12,2.69,1.33,44.16,30,5.35,,11918.73,,1.41,,55017.82,6.74,,12765.11,,,8032.32,2420.22,,52944.86,14224.36,0,38720.5,2404.73,11593.72,949.15,,,41.57,1414.01,yes,yes,yes,yes,yes,yes,yes,no,no,yes,10376.51,125.79,,,,,,,,,,,,,,,70,24,46,285,130,155,3623,1768,1855,130,37,93,4108,1959,2149
"International Tropical Timber Organization, North and Central America, Montreal Process",MEX,Mexico,2015,0,0,56.76,43.24,66330.91,19884.68,194395,66247.05,83.86,75.47,,8.39,32281.01,195.72,0.21,946.5,,98.4,1270.06,3.81,,,56.77,88.36155497,,,56.81,2.02,3760.845029,7.41,,,3768.258997,40.1670536,147.25,134.65,122.71,116.08,101.49,88.22,86.23,67.66,65.67,63.68,2768.27,3761.91,0.68,0.52,0.39,0.27,0.19,4.6,6.65,3768.56,52.44,12.76,5.88,24.72,6.12,2.69,1.33,44.16,30,786.34,246.52,11018.67,,198.58,,54080.8,932.04,308.57,11926.21,,,8025.51,8302.16,,52614.41,14169.52,0,38444.89,2396.3,11320.2,942.98,,,42.06,1411.26,yes,yes,yes,yes,yes,yes,yes,no,no,yes,14569.28,147.84,,,,,,,,,,,,,,,146,76,70,377,197,180,4703,2466,2237,129,36,93,5355,2775,2580
"International Tropical Timber Organization, North and Central America, Montreal Process",MEX,Mexico,2020,0,0,56.76,43.24,65692.08,19832.25,194395,65591.7,100.38,75.47,,24.91,32040.16,198.75,,944.06,,98.79,,,,,56.77,82.9846583,,,56.81,2.02,3723.640809,8.33,,,3731.967065,40.061145,145.84,133.35,121.53,114.96,100.51,87.37,85.4,67.01,65.04,63.06,2741.61,3725.68,0.67,0.52,0.39,0.27,0.19,4.56,6.6,3732.28,52.44,12.76,5.88,24.72,6.12,2.69,1.33,44.16,30,340.99,119.56,10719.72,13.16,95.93,,54402.72,407.55,144.64,11166.65,18.87,,,,,,,,,,,,,,,,yes,yes,yes,yes,yes,yes,yes,no,no,yes,,,,,,,,,,,,,,,,,,,,,,,,,,,,,,,
Oceania,PLW,Palau,1990,0,0,100,0,38.15,0,46,,,,,,,,,,,,,,,,,,,,190,,,,,,7.2485,,,,,,,,,,,,,,,,,,,,,,416.21,112.38,3.47,208.11,56.19,1.74,,,,0,0,0,0,38.15,0,0,,,,,,,,,,,,,,38.15,,,,,,,no,no,yes,no,,,,,,,,,,,,,,,,,,,,,,,,,,,,,,,,,,,,
Oceania,PLW,Palau,2000,0,0,100,0,39.58,0,46,,,,,,,,,,,,,,,,,,,,190,,,,,,7.5202,,,,,,,,,,,,,,,,,,,,,,416.21,112.38,3.47,208.11,56.19,1.74,,,,0,0,0,0,39.58,0,0,,,,,,,,,,,,,,39.58,,,,,,,no,no,yes,no,,,,,,,,,,,,,,,,,,,,,,,,,,,,,,,,,,,,
Oceania,PLW,Palau,2010,0,0,100,0,40.56,0,46,,,,,,,,,,,,,,,,,,,,190,,,,,,7.7064,,0.65,0.62,0.39,0.33,0.3,0.25,0.24,0.24,0.24,0.19,4.21,7.66,,,,,,,,7.66,416.21,112.38,3.47,208.11,56.19,1.74,,,,0,0,0,0,40.56,0,0,,,,,,,,,,,,,,40.56,,,,,,,no,no,yes,no,,,,,,,,,,,,,,,,,,,,,,,,,,,,,,,,,,,,
Oceania,PLW,Palau,2015,0,0,100,0,40.99,0,46,,,,,,,,,,,,,,,,,,,,190,,,,,,7.7881,,,,,,,,,,,,,,,,,,,,,,416.21,112.38,3.47,208.11,56.19,1.74,,,,0,0,0,0,40.99,0,0,,,,,,,,,,,,,,40.99,,,,,,,no,no,yes,no,,,,,,,,,,,,,,,,,,,,,,,,,,,,,,,,,,,,
Oceania,PLW,Palau,2020,0,0,100,0,41.41,0,46,,,,,,,,,,,,,,,,,,,,,,,,,,,,,,,,,,,,,,,,,,,,,,,,,,,,,,,,,0,0,0,0,41.41,0,0,,,,,,,,,,,,,,,,,,,,,no,no,yes,no,,,,,,,,,,,,,,,,,,,,,,,,,,,,,,,,,,,,
Africa,SLE,Sierra Leone,1990,0,0,100,0,3126.7,797.5,7218,3120.02,6.68,6.68,2.67,0,224,,,145,,,,,,,40,40,40,0,40,,124.8008,0.2672,0.2672,0,125.068,,,,,,,,,,,,,,,,,,,,,,82,16.4,,38.54,7.71,,,,,240,,1.2,,,,2885.5,,,,,,1.2,,,2731.7,0,0,2731.7,395,0,395,0,0,0,0,no,yes,no,yes,no,yes,no,no,no,yes,285,,,,,,,,,,,,,,,,0,0,0,0,0,0,0,0,0,0,0,0,0,0,0
Africa,SLE,Sierra Leone,2000,0,0,100,0,2929.43,797.5,7218,2921.58,7.85,7.85,3.14,0,157,,,105,,,,,,,40,40,40,0,40,,116.8632,0.314,0.314,0,117.1772,,,,,,,,,,,,,,,,,,,,,,82,16.4,,38.54,7.71,,,,,240,,112.1,,,,2577.33,,,,,,112.1,,,2534.43,0,0,2534.43,395,0,395,0,0,0,0,no,yes,no,yes,no,yes,no,no,no,yes,285,0.18,,,,,,,,,,,,,,,0,0,0,0,0,0,0,0,0,0,0,0,0,0,0
Africa,SLE,Sierra Leone,2010,0,0,100,0,2732.16,797.5,7218,2717.58,14.58,14.58,5.25,0,113,,,95,,,,,,,40,40,40,0,40,,108.7032,0.5832,0.5832,0,109.2864,,,,,,,,,,,,,,,,,,,,,,82,16.4,,38.54,7.71,,,,,240,,112.1,,,,2380.06,,,,,,112.1,,,2337.16,0,0,2337.16,395,0,395,0,0,0,0,no,yes,no,yes,no,yes,no,no,no,yes,285,0.28,,,,,,,,,,,,,,,0,0,0,0,0,0,1,0,1,4,0,4,5,0,5
Africa,SLE,Sierra Leone,2015,0,0,100,0,2633.53,797.5,7218,2615.58,17.95,17.95,6.46,0,85,,,90,,,,,,,40,40,40,0,40,,104.6232,0.718,0.718,0,105.3412,,,,,,,,,,,,,,,,,,,,,,82,16.4,,38.54,7.71,,,,,240,,238.6,,,,2154.93,,,,,,238.6,75,75,2238.53,0,0,2238.53,395,0,395,0,0,0,0,no,yes,no,yes,no,yes,no,no,no,yes,285,0.28,,,,,,,,,,,,,,,0,0,0,4,1,3,10,3,7,9,3,6,23,7,16
Africa,SLE,Sierra Leone,2020,0,0,100,0,2534.88,797.5,7218,2513.57,21.31,21.31,7.67,0,57,,,85,,,,,,,40,40,40,0,40,,100.5428,0.8524,0.8524,0,101.3952,,,,,,,,,,,,,,,,,,,,,,82,16.4,,38.54,7.71,,,,,240,,238.6,,,,2056.28,,,,,,238.6,75,75,,,,,,,,,,,,no,yes,no,yes,no,yes,no,no,no,yes,285,,,,,,,,,,,,,,,,,,,,,,,,,,,,,,
Africa,SSD,South Sudan,1990,0,0,100,0,7157,32582,63173,6969.1,187.9,187.9,187.9,0,,,,0,,,,,,,,,,,,,,,,,,,,,,,,,,,,,,,,,,,,,,,,,,,,,,,,,,,,,,7157,,,,,,,,,,,,,,7157,,,,,,no,,,,,,,,,,,,,,,,,,,,,,,,,,,,,,,,,,,,,,,,
Africa,SSD,South Sudan,2000,0,0,100,0,7157,32582,63173,6969.1,187.9,187.9,187.9,0,,,,0,,,,,,,,,,,,,,,,,,,,,,,,,,,,,,,,,,,,,,,,,,,,,,,,,,,,,,7157,,,,,,,,,,,,,,7157,,,,,,no,,,,,,,,,,,,,,,,,,,,,,,,,,,,,,,,,,,,,,,,
Africa,SSD,South Sudan,2010,0,0,100,0,7157,32582,63173,6969.1,187.9,187.9,187.9,0,,,,0,,,,,,,,,,,,,,,,,,,,,,,,,,,,,,,,,,,,,,,,,,,,,,,,,,,,,,7157,,,,,,,,,,,,,,7157,,,,,,no,,,,,,,,,,,,,,,,,,,,,,,,,,,,,,,,,,,,,,,,
Africa,SSD,South Sudan,2015,0,0,100,0,7157,32582,63173,6969.1,187.9,187.9,187.9,0,,,,0,,,,,,,,,,,,,,,,,,,,,,,,,,,,,,,,,,,,,,,,,,,,,,,,,,,,,,7157,,,,,,,,,,,,,,7157,,,,,,no,,,,,,,,,,,,,,,,,,,,,,,,,,,,,,,,,,,,,,,,
Africa,SSD,South Sudan,2020,0,0,100,0,7157,32582,63173,6969.1,187.9,187.9,187.9,0,,,,0,,,,,,,,,,,,,,,,,,,,,,,,,,,,,,,,,,,,,,,,,,,,,,,,,,,,,,7157,,,,,,,,,,,,,,,,,,,,no,,,,,,,,,,,,,,,,,,,,,,,,,,,,,,,,,,,,,,,,
"Europe, UNECE, FOREST EUROPE",SRB,Serbia,1990,0,100,0,0,2313,287,8746,2274,39,0,0,39,1,,0,0,0,0,150.2,,10.11,,102.4538259,50,,50,101.5996541,20.90592334,232.98,1.95,0,1.95,235,6,120,27,19,3,11,3,3,6,2,2,39,235,,,,,,,,235,102.94,24.23,36.3,48.38,11.39,17.25,41.6,247,20,2013,125,123,52,0,0,0,2013,125,123,52,,175,1494,175,1170,1170,0,0,1143,0,1143,0,0,0,0,yes,yes,no,yes,no,yes,no,yes,yes,yes,2313,12,1.9,10.1,6,0.95,5.05,3.6,0,3.6,1.2,0.38,0.82,1.2,0.57,0.63,3,1,2,173,67,106,0,0,0,153,18,135,329,86,243
"Europe, UNECE, FOREST EUROPE",SRB,Serbia,2000,0,100,0,0,2460,521,8746,2421,39,0,0,39,1,,0,0,0,0,130.11,,10.11,,102.4576621,50,,50,101.6260163,5.75815739,248.05,1.95,0,1.95,250,3,101,15,11,5,4,4,4,3,3,2,98,250,,,,,,,,250,103.05,24.26,41.2,48.44,11.4,19.46,47.7,283.2,20,1952,286,125,64,33,0,0,1952,286,125,64,33,239,1999,239,1213.85,1213.85,0,0,1245.77,0.38,1245.77,0,0,0,0,yes,yes,no,yes,no,yes,no,yes,yes,yes,2460,8.06,1.1,6.96,6.45,0.55,5.9,0.81,0,0.81,0.4,0.22,0.18,0.4,0.33,0.07,6,4,2,142,55,87,0,0,0,144,21,123,292,80,212
"Europe, UNECE, FOREST EUROPE",SRB,Serbia,2010,0,100,0,0,2713,410,8746,2533,180.4,21.17,0,159.23,1,,0,0,0,0,147.99,,10.11,,154.5953415,131.86,285.34,111.45,153.14,63.41463415,391.59,23.787544,6.0406478,17.7461835,415.46882,26,163,52,26,9,20,22,15,10,2,26,70,415,,,,,,,,415,154.8,36.77,70.3,72.76,17.28,33.45,47.95,284.72,20,2276,177,126,68,66,0,0,2276,177,126,68,66,452,1283,452,1213.32,1213.32,0,0,1381.88,117.8,1381.88,0,0,0,0,yes,yes,no,yes,no,yes,no,yes,yes,yes,2713.2,7.64,1.12,6.52,6.11,0.56,5.55,0.76,0,0.76,0.38,0.22,0.16,0.39,0.34,0.05,4,2,2,220,112,118,0,0,0,95,5,90,319,119,210
"Europe, UNECE, FOREST EUROPE",SRB,Serbia,2015,0,100,0,0,2719.53,508.23,8746,2505,215,23.71,0,191.29,1,,0,0,0,0,147.17,,10.11,,158.94,94.46511628,236.84,76.82,153.84,72.56557071,398.1447,20.31,5.6154764,14.6948978,418.3724952,36.88,164,51,27,8,17,24,20,9,4,15,79,418,,,,,,,,418,156.89,37.26,71.16,73.74,17.51,34.39,51.64,306.62,20,1838.53,571,163,73,57,17,0,2436.53,598,163,164,17,501,1157.95,501,1561.58,1537.63,23.95,0,1157.95,0,1157.95,0,0,0,0,yes,yes,no,yes,no,yes,no,yes,yes,yes,2719.53,9.09,1.45,7.64,7.27,0.72,6.55,0.91,0,0.91,0.45,0.29,0.16,0.46,0.44,0.02,19,8,11,184,82,102,0,0,0,125,25,100,328,115,213
"Europe, UNECE, FOREST EUROPE",SRB,Serbia,2020,0,100,0,0,2722.65,508.23,8746,2606.82,115.83,34.35,0,81.48,1,,0,0,0,0,147.18,,10.11,,153.1521164,187.0845204,158.0786026,199.3127148,154.5957064,72.56557071,399.24,21.67,5.43,16.24,420.91,36.88,165,51,27,8,17,24,21,10,5,17,76,421,,,,,,,,421,156.99,37.02,71.16,73.79,17.4,34.39,51.64,306.62,20,1787,598,181.65,80,58,18,0,2443,800,181.65,185,18,501,1146.52,501,,,,,,,,,,,,yes,yes,no,yes,no,yes,no,yes,yes,yes,2722.65,,,,,,,,,,,,,,,,,,,,,,,,,,,,,,
Oceania,NIU,Niue,1990,0,0,100,0,18.93,0,26,18.93,0.01,0.01,0.01,0,5.4,0,0,3,0,,,,,,65.89,200,200,0,66.03275225,,1.2472977,0.002,0.002,0,1.25,,,,,,,,,,,,,,,,,,,,,,112.05,22.41,,52.67,10.53,,,,,,,,,,,18.93,,,,,,,,,18.93,0,0,18.93,0,0,0,0,0,0,0,no,yes,yes,yes,yes,yes,yes,yes,yes,yes,5.4,,,,,,,0,0,0,,,,,,,0,0,0,0,0,0,0,0,0,0,0,0,0,0,0
Oceania,NIU,Niue,2000,0,0,100,0,18.83,0,26,18.83,0.01,0.01,0.01,0,5.4,0,0,3,0,,,,,,65.89,200,200,0,65.85236325,,1.2407087,0.002,0.002,0,1.24,,,,,,,,,,,,,,,,,,,,,,112.05,22.41,,52.67,10.54,,,,,,,,,,,18.83,,,,,,,,,18.83,0,0,18.83,0,0,0,0,0,0,0,no,yes,yes,yes,yes,yes,yes,yes,yes,yes,5.4,,,,,,,0,0,0,,,,,,,0,0,0,0,0,0,0,0,0,0,0,0,0,0,0
Oceania,NIU,Niue,2010,0,0,100,0,18.77,0,26,18.77,0.01,0.01,0.01,0,5.4,0,0,3,0,,,,,,65.89,200,200,0,66.06286628,,1.2367553,0.002,0.002,0,1.24,,,,,,,,,,,,,,,,,,,,,,112.05,22.41,,52.67,10.54,,,,,,,,,,,18.77,,,,,,,,,18.77,0,0,18.77,0,0,0,0,0,0,0,no,yes,yes,yes,yes,yes,yes,yes,yes,yes,5.4,,,,,,,0,0,0,,,,,,,0,0,0,0,0,0,0,0,0,0,0,0,0,0,0
Oceania,NIU,Niue,2015,0,0,100,0,18.82,0,26,18.82,0.01,0.01,0.01,0,5.4,0,0,3,0,,,,,,65.89,200,200,0,65.88735388,,1.2400498,0.002,0.002,0,1.24,,,,,,,,,,,,,,,,,,,,,,112.05,22.41,,52.67,10.54,,,,,,,,,,,18.82,,,,,,,,,18.82,0,0,18.82,0,0,0,0,0,0,0,no,yes,yes,yes,yes,yes,yes,yes,yes,yes,5.4,,,,,,,0,0,0,,,,,,,0,0,0,0,0,0,0,0,0,0,0,0,0,0,0
Oceania,NIU,Niue,2020,0,0,100,0,18.87,0,26,18.87,0.01,0.01,0.01,0,5.4,0,0,3,0,,,,,,65.89,200,200,0,65.7127716,,1.2433443,0.002,0.002,0,1.24,,,,,,,,,,,,,,,,,,,,,,112.05,22.41,,52.67,10.53,,,,,,,,,,,18.87,,,,,,,,,,,,,,,,,,,,no,yes,yes,yes,yes,yes,yes,yes,yes,yes,5.4,,,,,,,,,,,,,,,,,,,,,,,,,,,,,,
"Espace COMIFAC, Africa",RWA,Rwanda,1990,0,0,100,0,317,261,2467,204,113,113,,0,,,,0,,,,,,,86.8,122.6,122.6,,99.55835962,,17.7072,13.8538,13.8538,0,31.56,,,,,,,,,,,,,,,,,,,,,,140.6,35.72,,66.08,16.79,,2.1,47,30,,,,,,,317,,,,,,211,,,,,,,,317,,,,,,no,yes,no,yes,no,yes,no,,,,,,,,,,,,,,,,,,,,,,,,,,,,,,,,,,
"Espace COMIFAC, Africa",RWA,Rwanda,2000,0,0,100,0,287,261,2467,161,126.5,126.5,,0,,,,0,,,,,,,86.8,122.6,122.6,,102.71777,,13.9748,15.5089,15.5089,0,29.48,,,,,,,,,,,,,,,,,,,,,,143.04,36.46,,67.23,17.14,,2.1,47,30,,,,,,,287,,,,,,211,,,,,,,,287,,,,,,no,yes,no,yes,no,yes,no,,,,,,,,,,,,,,,,,,,,,,,,,,,,,,,,,,
"Espace COMIFAC, Africa",RWA,Rwanda,2010,0,0,100,0,265,261,2467,126,138.01,138.01,,0,,,,0,,,,,,,86.8,122.6,122.6,,105.1320755,,10.9368,16.920026,16.920026,0,27.86,,,,,,,,,,,,,,,,,,,,,,145.45,37.2,,68.36,17.48,,2.1,47,30,,,,,,,265,,,,,,211,,,,,,,,265,,,,,,no,yes,no,yes,no,yes,no,,,,,,,,,,,,,,,,,,,,,,,,,,,,,,,,,,
"Espace COMIFAC, Africa",RWA,Rwanda,2015,0,0,100,0,270,261,2467,126,144,144,,0,,,,0,,,,,,,86.8,122.6,122.6,,105.8888889,,10.9368,17.6544,17.6544,0,28.59,,,,,,,,,,,,,,,,,,,,,,145.76,37.29,,68.51,17.53,,2.1,47,30,,,,,,,270,,,,,,211,,,,,,,,270,,,,,,no,yes,no,yes,no,yes,no,,,,,,,,,,,,,,,,,,,,,,,,,,,,,,,,,,
"Espace COMIFAC, Africa",RWA,Rwanda,2020,0,0,100,0,276,261,2467,126,150,150,,0,,,,0,,,,,,,86.8,122.6,122.6,,106.2681159,,10.9368,18.39,18.39,0,29.33,,,,,,,,,,,,,,,,,,,,,,146.06,37.38,,68.65,17.57,,2.1,47,30,,,,,,,276,,,,,,211,,,,,,,,,,,,,,no,yes,no,yes,no,yes,no,,,,,,,,,,,,,,,,,,,,,,,,,,,,,,,,,,
"International Tropical Timber Organization, UNECE, FOREST EUROPE, Europe, EU-27",SWE,Sweden,1990,73.5,26.5,0,0,28063,2432,40731,19974,8089,,,8089,,2402,0,0,0,0,,0,,,,,,,113.4828778,5.74,,,93.46,,3184.67,13.95968,1302.73,1206.64,480.66,43.37,31.42,26.59,22.89,13.66,14.94,5.88,13.52,3162.3,22.37,,,,,,22.37,3184.67,66.42,22.23,3.56,33.21,11.12,1.78,24.25,53.1,50,22830,0,1393,0,3840,0,,22830,5233,5233,5233,0,737.68,26675,737.68,21435,13883,6955,597,6628,,6628,0,0,0,0,no,yes,yes,yes,no,yes,yes,yes,no,no,,,,,,,,,,,,,,,,,,,,65,,,36,,,111,,,,,
"International Tropical Timber Organization, UNECE, FOREST EUROPE, Europe, EU-27",SWE,Sweden,2000,73.5,26.5,0,0,28163,2432,40731,17845,10318,590,70,9728,2129,2164,0,0,0,0,,0,,,,,158.4,,113.08,5.74,,,93.456,,3184.67204,13.95968,1302.73,1206.64,480.66,43.37,31.42,26.59,22.89,13.66,14.94,5.88,13.52,3162.3,22.37,,,,,,22.37,3184.67,66.42,22.23,3.56,33.21,11.12,1.78,24.25,53.1,50,20770.81,0,3452.19,0,3940,0,,20770.81,7392.19,7392.19,7392.19,0,1788.83,26770,1788.83,21511,13932,6980,599,6652,,6652,0,0,0,0,no,yes,yes,yes,no,yes,yes,yes,no,no,,16.17,,14.6,,,,,,,,,,,,,,,,64,16,48,16,3,13,7,0,7,,,
"International Tropical Timber Organization, UNECE, FOREST EUROPE, Europe, EU-27",SWE,Sweden,2010,73.5,26.5,0,0,28073,2432,40731,15592,12481,683,105,11798,2365,1964,0,0,0,0,,0,,,,,162.4,,117.36,5.34,,,110.9192,,3294.64728,12.98688,1313.4,1251.99,504.87,51.04,37.16,32.35,17.58,13.62,14.85,6.59,16.63,3260.08,34.57,,,,,,34.57,3294.65,68.74,23.16,4.45,34.37,11.58,2.22,24.15,55.34,50,20032.91,0,4278.09,0,3762,0,,20032.91,8040.09,8040.09,8040.09,0,2024.28,22721,2024.28,21508,13752,6976,780,6565,,6565,0,0,0,0,no,yes,yes,yes,no,yes,yes,yes,no,no,,23.57,2.43,21.17,,,,,,,,,,,,,,,,57,21,36,19,6,13,0,0,0,,,
"International Tropical Timber Organization, UNECE, FOREST EUROPE, Europe, EU-27",SWE,Sweden,2015,73.5,26.5,0,0,27980,2364,40731,14754,13226,382,63,12844,2249,1824,0,0,0,0,,0,,,,,191.7,,124.29,7.06,,,73.2294,,3477.6342,16.68984,1385.84,1315.66,524.09,52.97,39.43,37.33,23.09,16.24,15.48,6.33,18.03,3434.49,43.14,,,,,,43.14,3477.63,70.96,23.85,4.79,35.48,11.92,2.39,25.96,55.98,50,19587.34,0,5119.98,0,3272.68,0,,19587.34,8392.66,8392.66,8392.66,0,2121.03,22680,2121.03,21756,13700,7173,883,6224,,6224,0,0,0,0,no,yes,yes,yes,no,yes,yes,yes,no,no,,22.47,2.4,20.07,,,,,,,,,,,,,9,4,5,24,8,16,64,28,36,0,0,0,97,40,57
"International Tropical Timber Organization, UNECE, FOREST EUROPE, Europe, EU-27",SWE,Sweden,2020,73.5,26.5,0,0,27980,2364,40731,14068,13912,382,63,13530,2249,1824,0,0,0,0,,0,,,,,220.9,,130.59,9.11,,,84.3838,,3653.9082,21.53604,1456.09,1382.35,550.66,55.66,41.42,39.22,24.26,17.07,16.26,6.65,18.94,3608.58,45.33,,,,,,45.33,3653.91,72.47,24.37,5.18,36.24,12.19,2.59,25.96,55.98,50,19587.34,0,5119.98,0,3272.68,0,0,19587.34,8392.66,8392.66,8392.66,0,2165.93,22680,2165.93,,,,,,,,,,,,no,yes,yes,yes,no,yes,yes,yes,no,no,,,,,,,,,,,,,,,,,,,,,,,,,,,,,,,
"ASEAN, Asia",SGP,Singapore,1990,0,0,100,0,14.82694,0,71,14.82694,0,0,,0,,,,0.85,,0,0,0,23.33,,,,,,,,,,,,,,,,,,,,,,,,,,,,,,,,,,105.72,21.25,7.78,49.69,9.99,3.66,5.62,88.36,50,0,0,0,11.48,3.35,0,,0,3.04,3.35,14.83,,3.35,,,0,0,0,0,14.83,,14.83,0,0,0,0,no,yes,no,yes,no,no,no,no,no,yes,3.35,0,0,0,0,0,0,0,0,0,0,0,0,0,0,0,0,0,0,0,0,0,0,0,0,0,0,0,0,0,0
"ASEAN, Asia",SGP,Singapore,2000,0,0,100,0,17.013457,0,71,17.013457,0,0,,0,,,,0.85,,0,0,0,19.94,,,,,,,,,,,,,,,,,,,,,,,,,,,,,,,,,,106.33,21.37,6.78,49.97,10.04,3.19,4.9,77.04,50,0,0,0,13.66,3.35,0,,0,3.04,3.35,17.01,,3.35,,,0,0,0,0,17.01,,17.01,0,0,0,0,no,yes,no,yes,no,no,no,no,no,yes,3.35,0,0,0,0,0,0,0,0,0,0,0,0,0,0,0,0,0,0,0,0,0,0,0,0,0,0,0,0,0,0
"ASEAN, Asia",SGP,Singapore,2010,0,0,100,0,17.740382,0,71,17.740382,0,0,,0,,,,0.83,,0,0,0,20.43,,,,,,,,,,,,,,,,,,,,,,,,,,,,,,,,,,116.71,23.46,6.97,54.86,11.03,3.28,5.25,76.64,50,0,0,0,14.39,3.35,0,,0,3.04,3.35,17.74,,3.35,,,0,0,0,0,17.74,,17.74,0,0,0,0,no,yes,no,yes,no,no,no,no,no,yes,3.35,0,0,0,0,0,0,0,0,0,0,0,0,0,0,0,0,0,0,0,0,0,0,0,0,0,0,0,0,0,0
"ASEAN, Asia",SGP,Singapore,2015,0,0,100,0,16.4714,0,71,16.4714,0,0,,0,,,,0.83,,0,0,0,21.11,,,,,,,,,,,,,,,,,,,,,,,,,,,,,,,,,,133.06,26.74,7.86,62.54,12.57,3.69,5.85,83.82,50,0,0,0,13.12,3.35,0,,0,3.04,3.35,16.47,,3.35,,,0,0,0,0,16.47,,16.47,0,0,0,0,no,yes,no,yes,no,no,no,no,no,yes,3.35,0,0,0,0,0,0,0,0,0,0,0,0,0,0,0,0,0,0,0,0,0,0,0,0,0,0,0,0,0,0
"ASEAN, Asia",SGP,Singapore,2020,0,0,100,0,15.57,0,71,15.57,0,0,,0,,,,0.84,,0,0,0,24.11,,,,,,,,,,,,,,,,,,,,,,,,,,,,,,,,,,135.71,27.28,8.03,63.78,12.82,3.77,5.94,84.95,50,0,0,0,12.22,3.35,0,0,0,3.04,3.35,15.57,,3.35,,,,,,,,,,,,,,no,yes,no,yes,no,no,no,no,no,yes,3.35,,,,,,,,,,,,,,,,,,,,,,,,,,,,,,
"FOREST EUROPE, Europe, UNECE, EU-27, International Tropical Timber Organization",SVN,Slovenia,1990,0,95,0,5,1188,41,2014,1154,34,0,0,34,49,,0,0,0,0,,,,27,,,,,230,60,,,,,273.24,2.46,85.7,90.1,26.8,16,13.3,6.4,7.1,4.2,0,2.9,20.8,273.3,,,,,,,,273.3,173.98,38.72,6.4,81.77,18.2,3.2,5.6,98.5,30,,,,,,,1188,,,,,69.7,69.7,1188,69.7,718.09,,,,469.91,0,,,,,469.91,no,yes,no,yes,no,yes,no,yes,no,no,,6.1,,,,,,,,,,,,,,,,,,,,,,,,,,,,,
"FOREST EUROPE, Europe, UNECE, EU-27, International Tropical Timber Organization",SVN,Slovenia,2000,0,95,0,5,1233,38,2014,1185.1,47.9,0,0,47.9,53,,0,0,0,0,,,,26,,,,,270,60,,,,,332.91,2.28,105.4,111.2,30.8,16.9,13.6,10.8,5.4,5,3.9,2.7,27.1,332.8,,,,,,,,332.8,204.23,45.46,7.51,95.99,21.36,3.76,5.6,98.5,30,575.56,164.38,13.05,23.06,456.95,0,0,641.52,181.87,59.31,113.66,135.4,135.4,1233,135.4,835.52,,,,397.48,0,,,,,397.48,no,yes,no,yes,no,yes,no,yes,no,no,,3.47,0.5,2.97,,,,,,,,,,,,,2,0,2,16,4,12,0,0,0,40,1,39,58,5,53
"FOREST EUROPE, Europe, UNECE, EU-27, International Tropical Timber Organization",SVN,Slovenia,2010,0,95,0,5,1247,25,2014,1179.8,67.2,0,0,67.2,49,44.9,0,0,0,0,,,,29,,,,,325.68,60,,,,,406.12296,1.5,126.56,126.54,31.65,22.85,17.18,13.44,9.05,6.63,6.53,5.83,39.87,406.13,,,,,,,,406.13,246.35,54.83,9.54,115.78,25.77,4.78,5.6,98.5,30,586.4,204.71,11.18,25.4,419.31,0,0,727.44,237.27,60.52,143.02,237.2,237.2,1243,237.2,931.59,,,,315.41,0,,,,,315.41,no,yes,no,yes,no,yes,no,yes,no,no,,3.4,0.63,2.77,,,,,,,,,,,,,2,1,1,21,7,14,33,7,26,0,0,0,56,15,41
"FOREST EUROPE, Europe, UNECE, EU-27, International Tropical Timber Organization",SVN,Slovenia,2015,0,95,0,5,1248,23,2014,1203.11,44.89,0,0,44.89,49,44.9,0,0,0,0,,,,33,,,,,332.39,60,,,,,414.82272,1.38,134.79,123.14,31.98,22.58,16.91,14.65,9.61,6.64,6.64,6.05,41.84,414.83,,,,,,,,414.83,251.43,55.96,10.82,118.17,26.3,5.42,10.4,103.3,30,586.4,237.27,11.18,25.4,387.75,0,0,727.44,237.27,60.52,143.02,257,257,1247,257,947.48,,,,290.35,10.17,,,,,290.35,no,yes,no,yes,no,yes,no,yes,no,no,,3.63,0.13,3.5,,,,,,,,,,,,,5,1,4,25,6,19,43,10,33,0,0,0,73,17,56
"FOREST EUROPE, Europe, UNECE, EU-27, International Tropical Timber Organization",SVN,Slovenia,2020,0,95,0,5,1237.83,27.42,2014,1192.14,45.69,0,0,45.69,33.6,44.8,0,0,0,0,,,,35.16,,,,,334.6,37.56382203,,,,,414.177918,1.03,139.92,117.14,32.36,21.85,15.98,15.44,9.89,6.54,6.54,5.99,42.51,414.16,,,,,,,,414.16,253.1,56.33,12.44,118.96,26.48,6.22,10.4,103.3,30,586.4,237.27,11.18,25.4,377.58,0,0,727.44,237.27,60.52,143.02,244.53,244.53,1237.83,244.53,,,,,,,,,,,,no,yes,no,yes,no,yes,no,yes,no,no,,,,,,,,,,,,,,,,,,,,,,,,,,,,,,,
Oceania,SLB,Solomon Islands,1990,0,0,100,0,2544.91,20.79,2799,2503,41.04,39.89,39.89,1.15,,,,,,,,,,,84.69836197,158.3820663,159.9398345,191.3043478,85.85765312,,212,6.5,6.38,0.22,218.5,,,,,,,,,,,,,,,,,,,,,,127.62,30.63,,59.98,14.4,,,,,,,,,,,2544.91,,,,,,,,,,,,,,2544.91,,,,,,yes,yes,yes,yes,yes,yes,no,no,no,yes,0,,,,,,,,,,,,,,,,,,,,,,,,,,,,,,
Oceania,SLB,Solomon Islands,2000,0,0,100,0,2537.6,21.03,2799,2504.96,32.64,31.82,31.82,0.82,,,,,,,,,,,82.48834313,194.8529412,199.8742929,256.097561,84.01639344,,206.63,6.36,6.36,0.21,213.2,,,,,,,,,,,,,,,,,,,,,,124.73,25.05,,58.62,11.77,,,,,,,,,,,2537.6,,,,,,,,,,,,,,2537.6,,,,,,yes,yes,yes,yes,yes,yes,no,no,no,yes,0,,,,,,,,,,,,,,,,,,,,,,,,,,,,,,
Oceania,SLB,Solomon Islands,2010,0,0,100,0,2530.28,21.27,2799,2503.63,26.65,25.9,25.9,0.75,,,,,,,,,,,80.93048893,194.3714822,200,253.3333333,82.20434102,,202.62,5.18,5.18,0.19,208,,,,,,,,,,,,,,,,,,,,,,121.88,24.45,,57.28,11.49,,,,,,,,,,,2530.28,,,,,,,,,,,,,,2530.28,,,,,,yes,yes,yes,yes,yes,yes,no,no,no,yes,11.9,,,,,,,,,,,,,,,,,,,,,,,,,,,,,,
Oceania,SLB,Solomon Islands,2015,0,0,100,0,2526.62,21.39,2799,2501.16,25.46,24.55,24.55,0.91,1738.31,788.17,0,42.5,0,,,,,,79.02733132,192.8515318,200,252.7472527,80.26533472,,197.66,4.91,4.91,0.23,202.8,,,,,,,,,,,,,,,,,,,,,,134.69,32.33,,63.3,15.19,,,,,763.2,64.5,31.2,54.1,1539.2,66.8,7.62,763.2,64.5,31.2,54.1,3145,,,,2147.63,,,,378.9,0.09,113.67,0,265.23,0,0,yes,yes,yes,yes,yes,yes,no,no,no,yes,31.2,10,8,2,0.6,0.4,0.2,8,7.4,0.6,0.2,0.1,0.1,0.2,0.1,0.1,0,0,0,0,0,0,0,0,0,20,15,5,20,15,5
Oceania,SLB,Solomon Islands,2020,0,0,100,0,2522.97,21.5,2799,2498.7,24.27,23.2,23.2,1.07,,,,,,41.3,0,1.2,0.5,0,46.38011766,191.1825299,200,252.3364486,47.88007784,,115.89,4.64,4.64,0.27,120.8,,,,,,,,,,,,,,,,,,,,,,95.78,19.23,,45.02,9.04,,,,,,,,,,,2522.97,,,,,,,,,,,,,,,,,,,,yes,yes,yes,yes,yes,yes,no,no,no,yes,,,,,,,,,,,,,,,,,,,,,,,,,,,,,,,
"Espace COMIFAC, Africa",STP,Sao Tome and Principe,1990,0,0,100,0,58.62,4,96,58.62,0,0,0,0,28.41,0,0,0.1,0,0.6,,32.28,0,0,125,0,0,0,125,4.7,7.3275,0,0,0,7.3275,0.0188,,,,,,,,,,,,,,,,,,,,,162.5,39,,76.38,18.33,,,,,0,0,0,0,58.36,0,,,,,,,0,,,0,0,0,0,58.62,,58.62,0,0,0,0,no,yes,yes,yes,yes,yes,yes,no,yes,yes,,,,,,,,,,,,,,,,,,,,,,,,,,,,,,,
"Espace COMIFAC, Africa",STP,Sao Tome and Principe,2000,0,0,100,0,58.36,4,96,58.36,0,0,0,0,28,0,0,0.1,0,,,,,,125,0,0,0,125,4.7,7.295,0,0,0,7.295,0.0188,,,,,,,,,,,,,,,,,,,,,162.5,39,,76.38,18.33,,,,,0,0,0,0,58.36,0,0,,,,,,0,,,0,0,0,0,58.36,0,58.36,0,0,0,0,no,yes,yes,yes,yes,yes,yes,no,yes,yes,,,,,,,,,,,,,,,,,,,,,,,,,,,,,,,
"Espace COMIFAC, Africa",STP,Sao Tome and Principe,2010,0,0,100,0,58.1,4,96,58.1,0,0,0,0,28,0,0,0.1,0,1.6,,31.98,,,125,0,0,0,125,4.7,7.2625,0,0,0,7.2625,0.0188,,,,,,,,,,,,,,,,,,,,,162.5,39,,76.38,18.33,,,,,0,0,29.5,0,28.6,0,,,,,,,29.5,,,0,0,0,0,58.1,,58.1,0,0,0,0,no,yes,yes,yes,yes,yes,yes,no,yes,yes,29.5,,,,,,,,,,,,,,,,,,,,,,,,,,,,,,
"Espace COMIFAC, Africa",STP,Sao Tome and Principe,2015,0,0,100,0,55,4,96,55,0,0,0,0,28,0,0,0.1,0,3,,31.93,0,0,125,0,0,0,125,4.7,6.875,0,0,0,6.875,0.0188,,,,,,,,,,,,,,,,,,,,,162.5,39,,76.38,18.33,,,,,0,0,29.5,0,25.5,0,,,,,,,29.5,,,0,0,0,0,55,,55,0,0,0,0,no,yes,yes,yes,yes,yes,yes,no,yes,yes,29.5,,,,,,,,,,,,,,,,,,,,,,,,,,,,,,
"Espace COMIFAC, Africa",STP,Sao Tome and Principe,2020,0,0,100,0,51.9,4,96,51.9,0,0,0,0,28,0,0,0.1,0,,,,,,125,0,0,0,125,4.7,6.4875,0,0,0,6.4875,0.0188,,,,,,,,,,,,,,,,,,,,,162.5,39,,76.38,18.33,,,,,0,0,29.5,0,22.4,0,0,,,,,,29.5,,,,,,,,,,,,,,no,yes,yes,yes,yes,yes,yes,no,yes,yes,29.5,,,,,,,,,,,,,,,,,,,,,,,,,,,,,,
North and Central America,SLV,El Salvador,1990,0,0,100,0,718.88,0,2072,708.96,9.92,9.92,9.58,0,,,,39.8,,,,,,,188.43,188.43,188.43,0,188.43,,133.5893328,1.8692256,1.8692256,0,135.4585584,,,,,,,,,,,,,,,,,,,,,,113.61,25.16,12.01,53.64,11.88,5.65,1.79,188.58,30,,,,,,,718.88,,,,,,,,,,,,,,718.88,,,,,,no,yes,no,yes,no,no,no,no,no,,,,,,,,,,,,,,,,,,,,,,,,,,,,,,,,
North and Central America,SLV,El Salvador,2000,0,0,100,0,673.88,0,2072,661.4,12.48,12.48,11.6,0,,,,39.8,,,,,,,188.43,188.43,188.43,0,188.43,,124.627602,2.3516064,2.3516064,0,126.9792084,,,,,,,,,,,,,,,,,,,,,,113.61,25.16,12.01,53.64,11.88,5.65,1.79,188.58,30,,,,,,,673.88,,,,,,,,,,,,,,673.88,,,,,,no,yes,no,yes,no,no,no,no,no,,,,,,,,,,,,,,,,,,,,,,,,,,,,,,,,
North and Central America,SLV,El Salvador,2010,0,0,100,0,628.88,0,2072,613.83,15.05,15.05,13.62,0,,,,39.8,,,,174.83,,,188.43,188.43,188.43,0,188.43,,115.6639869,2.8358715,2.8358715,0,118.4998584,,,,,,,,,,,,,,,,,,,,,,113.61,25.16,12.01,53.64,11.88,5.65,1.79,188.58,30,,,,,,,628.88,,,,,,17,,,568.36,,,,60.52,0,,,,,60.52,no,yes,no,yes,no,no,no,no,no,,,,,,,,,,,,,,,,,,,,,,,,,,,,,,,,
North and Central America,SLV,El Salvador,2015,0,0,100,0,606.38,0,2072,590.05,16.33,16.33,14.63,0,,,,39.8,,,,,,,188.43,188.43,188.43,0,188.43,,111.1831215,3.0770619,3.0770619,0,114.2601834,,,,,,,,,,,,,,,,,,,,,,113.61,25.16,12.01,53.64,11.88,5.65,1.79,188.58,30,,,,,,,606.38,,,,,,17,0.17,,548.02,,,,58.36,0,,,,,58.36,no,yes,no,yes,no,no,no,no,no,,,,,,,,,,,,,,,,,,,,,,,,,,,,,,,,
North and Central America,SLV,El Salvador,2020,0,0,100,0,583.88,0,2072,566.27,17.61,17.61,15.64,0,,,,39.8,,,,,,,188.43,188.43,188.43,0,188.43,,106.7022561,3.3182523,3.3182523,0,110.0205084,,,,,,,,,,,,,,,,,,,,,,113.61,25.16,12.01,53.64,11.88,5.65,1.79,188.58,30,,,,,,,583.88,,,,,,17,0.33,,,,,,,,,,,,,no,yes,no,yes,no,no,no,no,no,,,,,,,,,,,,,,,,,,,,,,,,,,,,,,,,
Africa,SDN,Sudan,1990,0,0,100,0,23570.31,25013.06,186665,23450.31,120,120,,0,1649.92,1178.51,40,33,,,,50,70,,20,20,20,0,20,3.3,469.0062,2.4,2.4,0,471.4062,82.543098,31.02,23.34,19.69,19.35,13.1,9.83,7.1,4.71,4,3.78,335.49,471.41,,,,,,,,471.41,55.98,15.68,,26.31,7.37,,,,,120,,4654,,,,18796.31,12020.86,3064.14,4654,5000,,3254,3343.59,3254,6150,,,,17420.31,0,17349.33,0,70.98,0,0,yes,yes,no,yes,no,no,no,no,no,yes,4187.27,1005.2,750.8,504.44,1.18,0.48,0.7,3,,3,1000,750,250,1.08,0.32,0.76,4,0,4,16,5,11,120,50,90,,,,140,55,105
Africa,SDN,Sudan,2000,0,0,100,0,21826.16,23306.46,186665,21701.16,125,125,,0,1527.83,1091.08,30,30,,,,60,90,,20,20,20,0,20,3.2,434.0232,2.5,2.5,0,436.5232,74.580672,28.65,21.56,18.19,17.87,12.06,9.08,6.55,4.35,3.7,3.49,311.02,436.52,,,,,,,,436.52,55.98,15.68,,26.31,7.37,,,,,125,,4654,,,,17047.16,11131.34,2837.4,4654,5000,,3254,3358.48,3254,6270,,,,15556.16,0,15485.18,0,70.98,0,0,yes,yes,no,yes,no,no,no,no,no,yes,9694,1205.1,900.73,304.37,1.2,0.48,0.72,2.88,,2.88,1200,900,300,1.1,0.33,0.77,4,0,4,18,4,14,269,128,141,,,,291,132,159
Africa,SDN,Sudan,2010,0,0,100,0,20081.17,21599.86,186665,19954.17,127,127,,0,1405.74,1004.05,31,31,,,,70,110,,20,20,20,0,20,3.1,399.0834,2.54,2.54,0,401.6234,66.959566,26.42,19.88,16.77,16.48,11.12,8.37,6.04,4.01,3.41,3.21,285.91,401.62,,,,,,,,401.62,55.98,15.67,,26.31,7.37,,,,,127,,6959,,,,12995.17,10241.39,2610.66,6959,5000,,4709,4913.42,4709,6331.03,,,,13750.14,0,13679.16,0,70.98,0,0,yes,yes,no,yes,no,no,no,no,no,yes,11449,1200,826.94,303.06,1.2,0.5,0.7,2.9,,2.9,1194.83,826.12,298.71,1.07,0.32,0.75,7,2,5,20,5,15,280,140,140,,,,307,147,160
Africa,SDN,Sudan,2015,0,0,100,0,19209.93,20746.56,186665,19079.93,130,130,,0,1344.7,960.49,31,35,,,,80,150,,20,20,20,0,20,3,381.5986,2.6,2.6,0,384.1986,62.23968,25.24,18.99,16.02,15.74,10.62,8,5.77,3.83,3.26,3.07,273.66,384.2,,,,,,,,384.2,55.98,15.67,,26.31,7.37,,,,,130,,6959,,,,12120.93,9797.06,2453.87,6959,4600,,4709,4950.98,4709,6420,,,,12789.93,0,12718.95,0,70.98,0,0,yes,yes,no,yes,no,no,no,no,no,yes,11849,1255.24,937.83,317.41,1.19,0.48,0.71,2.95,,2.95,1250,937,313,1.1,0.35,0.75,12,3,9,30,14,16,300,180,120,,,,342,197,145
Africa,SDN,Sudan,2020,0,0,100,0,18359.55,19893.26,186665,18229.55,130,130,,0,1283.65,917.97,30,30,,,,63,130,,20,20,20,0,20,3,364.591,2.6,2.6,0,367.191,59.67978,24.19,18.2,15.35,15.08,10.18,7.67,5.3,3.67,3.12,2.94,261.49,367.19,,,,,,,,367.19,55.98,15.67,,26.31,7.37,,,,,130,,6959,,,,11270.55,9363.37,2037.18,6959,4600,,4709,4950.98,4709,,,,,,,,,,,,yes,yes,no,yes,no,no,no,no,no,yes,11849,,,,,,,,,,,,,,,,,,,,,,,,,,,,,,
"Europe, EU-27, International Tropical Timber Organization, FOREST EUROPE, UNECE",SVK,Slovakia,1990,0,100,0,0,1902.48,19.22,4808,1163.69,738.79,0,0,738.79,10.58,193.47,0,0,0,0,,0,,26,207.0654556,217.4366193,,217.4366193,211.0928893,,240.96,160.64,0,160.64,401.6,,112.9,135.5,57.7,25.4,33.6,12.5,5,3.1,3.6,,8.2,397.5,4.1,,,,,,4.1,401.6,119.06,23.81,12.83,58.8,11.76,6.41,8.78,142.18,100,655,245,50,212,740.48,0,,1772,1000,632,600,0,50,1902.48,50,0,0,0,0,1902.48,,1902.48,0,0,0,0,no,yes,no,yes,no,yes,no,yes,no,yes,1902.48,36.3,,,,,,,,,,,,,,,,,,,,,,,,,,,,,
"Europe, EU-27, International Tropical Timber Organization, FOREST EUROPE, UNECE",SVK,Slovakia,2000,0,100,0,0,1901.41,19.99,4808,1146.33,755.08,0.88,0.88,754.2,10.58,154.48,0,0,0,0,,0,,30,240.2711261,243.1795306,113.6363636,243.3306815,241.4260996,,275.43,183.62,0.1,183.52,459.05,,137.41,154.53,59.46,28.87,27.33,17.75,8.2,5.59,4.97,,8.24,452.35,4.55,1.68,0.11,0.15,0.14,0.07,6.7,459.05,142.11,28.42,15.15,70.15,14.03,7.57,10.26,142.26,100,280,327,60,313,921.41,0,,1767,1025.24,675,596.07,0,60,1901.41,60,820.66,286.47,66.4,467.79,995.38,,995.38,0,0,0,0,no,yes,no,yes,no,yes,no,yes,no,yes,1901.41,24.4,4.67,19.73,,,,,,,,,,,,,,,,132,21,111,,,,283,3,280,415,24,391
"Europe, EU-27, International Tropical Timber Organization, FOREST EUROPE, UNECE",SVK,Slovakia,2010,0,100,0,0,1917.91,20.99,4808,1176.71,741.2,8.79,8.79,732.41,10.58,159.94,0,0,0,0,,0,,275,263.709835,279.1014571,163.8225256,280.4849743,269.6581174,,310.31,206.87,1.44,205.43,517.18,,164.82,162.62,65.76,32.61,27.35,22.4,11.08,7.59,7.03,,7.44,508.7,4.21,1.99,1.62,0.31,0.25,0.1,8.48,517.18,161.2,32.24,16.89,79.54,15.91,8.45,11.68,141.04,100,177.18,342.19,30.85,195.67,1172.02,0,,1778.51,1227.99,814.8,393.14,0,537,1917.91,537,776.39,238.47,62.54,475.38,963.17,,936,,,,27.17,no,yes,no,yes,no,yes,no,yes,no,yes,1917.91,19.23,1.97,17.27,,,,,,,,,,,,,25,,,152,,,132,,,399,,,708,,
"Europe, EU-27, International Tropical Timber Organization, FOREST EUROPE, UNECE",SVK,Slovakia,2015,0,100,0,0,1921.75,20.82,4808,1174.91,746.84,8.68,8.68,738.16,10.58,204.44,0,0,0,0,,0,,288,273.3571082,286.6879117,179.7235023,287.9457028,278.5377911,,321.17,214.11,1.56,212.55,535.28,,180.94,146.91,71.36,35.2,27.55,25.22,13.55,9.3,9.03,,7.35,526.41,3.93,2.25,1.78,0.47,0.32,0.12,8.87,535.28,170.15,34.03,17.38,83.9,16.78,8.69,11.71,140.76,100,412.94,349.33,41.89,153.98,963.61,0,,1794.59,1103.65,839.8,211.44,0,554,1921.75,554,637.7,199.14,56.62,381.94,926.2,,886,,,,40.2,no,yes,no,yes,no,yes,no,yes,no,yes,1921.75,20.33,2.37,17.97,,,,,,,,,,,,,15,,,178,,,236,,,346,,,775,,
"Europe, EU-27, International Tropical Timber Organization, FOREST EUROPE, UNECE",SVK,Slovakia,2020,0,100,0,0,1925.9,20.41,4808,1177.36,748.54,8.45,8.45,740.09,10.58,205.85,0,0,0,0,,0,,288,274.0028538,287.3193149,196.4497041,288.3568215,279.1785659,,322.6,215.07,1.66,213.41,537.67,,183.55,143.75,72.14,35.27,27.91,25.42,13.93,9.62,9.55,,7.36,528.5,4.03,2.29,1.87,0.51,0.34,0.13,9.17,537.67,171.11,34.22,17.45,84.37,16.87,8.72,11.73,140.45,100,440.16,351.03,44.94,162.59,927.18,0,0,1796.16,1114,839.8,162.64,0,572,1925.9,572,,,,,,,,,,,,no,yes,no,yes,no,yes,no,yes,no,yes,1925.9,,,,,,,,,,,,,,,,,,,,,,,,,,,,,,
"South America, International Tropical Timber Organization",SUR,Suriname,1990,0,0,100,0,15377.63,0,15600,15364.63,13,13,7,0,15015.79,288.84,,60,,,,,,,,,,,371.8889062,,,,,,5718.77,,633.79,215.22,179.2,177.84,158.92,151.63,134.44,134.31,131.11,123.17,3679.14,5718.77,,,,,,,,5718.77,362.88,86.25,18.51,170.55,40.54,8.7,,,,354,16.85,1764.8,0,527,0,12714.98,4500,,1764.8,,,1794.3,2645.8,1794.3,87,,,,15290.63,0,14436.41,0,350.8,503.41,0.01,no,yes,yes,yes,yes,yes,yes,yes,yes,yes,11452.6,2.4,,,,,,2.4,,,,,,,,,,,,,,,4,1,3,,,,,,
"South America, International Tropical Timber Organization",SUR,Suriname,2000,0,0,100,0,15340.87,0,15600,15326.72,14.15,13,7,1.15,14977.88,288.84,,60,,,,,,,,,,,371.8889476,,,,,,5705.1,,632.28,214.71,178.77,177.41,158.54,151.27,134.12,133.99,130.8,122.87,3670.35,5705.11,,,,,,,,5705.11,362.88,86.25,18.51,170.55,40.54,8.7,,,,1686,16.85,1764.6,0,527,0,11346.42,4242.73,,1764.6,,,1793.8,3977.6,1793.8,87,,,,15253.87,0,12701.22,349.16,1700.02,503.47,0,no,yes,yes,yes,yes,yes,yes,yes,yes,yes,11442.56,2.8,,,,,,2.8,,,,,,,,,,,,,,,1,1,,2,1,1,,,
"South America, International Tropical Timber Organization",SUR,Suriname,2010,0,0,100,0,15299.86,0,15600,15285.71,14.15,13,7,1.15,14936.87,288.84,,60,,,,,,,,,,,371.8890238,,,,,,5689.85,,630.59,214.13,178.29,176.94,158.12,150.86,133.76,133.63,130.45,122.54,3660.54,5689.85,,,,,,,,5689.85,362.88,86.25,18.51,170.55,40.54,8.7,,,,1965,143.17,1764.4,0,702,0,10725.29,4217.25,143.97,1764.4,,,1891.7,4431.4,1891.7,87,,,,15212.86,0,12940.49,232.89,1464.7,574.78,0,no,yes,yes,yes,yes,yes,yes,yes,yes,yes,11431.52,3.3,0.01,3.29,,,,3.3,0.01,3.29,,,,,,,,,,,,,3,2,1,,,,,,
"South America, International Tropical Timber Organization",SUR,Suriname,2015,0,0,100,0,15251.67,0,15600,15237.52,14.15,13,7,1.15,14888.68,288.84,,60,,,,,129.57,,,,,,371.8891112,,,,,,5671.93,,628.6,213.46,177.73,176.38,157.62,150.39,133.34,133.21,130.04,122.16,3649.01,5671.94,,,,,,,,5671.94,362.88,86.25,18.51,170.55,40.54,8.7,,,,1956.76,141.97,1764.3,0,702.74,3.36,10682.54,4172.61,141.97,1764.3,,3.36,1890.3,4423.8,1890.3,87,,,,15164.67,0,12463.86,334.84,1586.51,776.1,3.36,no,yes,yes,yes,yes,yes,yes,yes,yes,yes,11425.01,4.3,0.01,4.29,,,,4.3,0.01,4.29,,,,,,,,,,3,2,1,,,,2,1,1,,,
"South America, International Tropical Timber Organization",SUR,Suriname,2020,0,0,100,0,15196.29,0,15600,15182.14,14.15,13,7,1.15,14833.29,288.84,,60,,,,,,,,,,,371.8887965,,,,,,5651.33,,626.32,212.68,177.09,175.74,157.05,149.84,132.86,132.73,129.56,121.71,3635.76,5651.34,,,,,,,,5651.34,362.88,86.25,18.51,170.55,40.54,8.7,,,,2000,140.77,1764.2,0,762.74,3.36,10525.22,4135738.05,139.97,1764.2,,3.36,1890.3,4527.04,1890.3,,,,,,,,,,,,no,yes,yes,yes,yes,yes,yes,yes,yes,yes,11392.58,,,,,,,,,,,,,,,,,,,,,,,,,,,,,,
North and Central America,SPM,Saint Pierre and Miquelon,1990,100,0,0,0,1.9,1.59,23,1.9,0,0,0,0,,,0,0,0,0,0,0,,,39.6,,,,39.6,,0.07524,0,0,0,0.07524,,,,,,,,,,,,,,,,,,,,,,26.25,10.35,3.58,12.17,4.8,1.66,,,,0,0,0,0,1.9,0,0,1.9,1.9,1.9,1.9,,0,0,0,0.05,0.05,0,0,1.81,0.04,0,0,0,1.81,0,no,yes,no,yes,no,no,no,no,no,yes,1.21,,,,,,,,,,,,,,,,0,0,0,0,0,0,0,0,0,0,0,0,0,0,0
North and Central America,SPM,Saint Pierre and Miquelon,2000,100,0,0,0,1.67,1.55,23,1.67,0,0,0,0,,,0,0,0,0,0,0,,,39.6,,,,39.6,,0.066132,0,0,0,0.066132,,,,,,,,,,,,,,,,,,,,,,26.25,10.35,3.58,12.17,4.8,1.66,,,,0,0,0,0,1.67,0,0,1.67,1.67,1.67,1.67,,0,0,0,0.05,0.05,0,0,1.61,0.01,0,0,0,1.61,0,no,yes,no,yes,no,no,no,no,no,yes,1.61,,,,,,,,,,,,,,,,0,0,0,0,0,0,0,0,0,0,0,0,0,0,0
North and Central America,SPM,Saint Pierre and Miquelon,2010,100,0,0,0,1.44,1.51,23,1.44,0,0,0,0,,0.03,0,0,0,0,0,0,,,39.6,,,,39.6,,0.057024,0,0,0,0.057024,,,,,,,,,,,,,,,,,,,,,,26.25,10.35,3.58,12.17,4.8,1.66,,,,0,0,0,0,1.44,0,0,1.3,0.91,1.01,1.44,,0,1.41,0,0.03,0.03,0,0,1.41,0,0,0,0,1.41,0,no,yes,no,yes,no,no,no,no,no,yes,1.41,0,,0,0,,0,0,,0,0,,0,0,,0,0,0,0,0,0,0,0,0,0,0,0,0,0,0,0
North and Central America,SPM,Saint Pierre and Miquelon,2015,100,0,0,0,1.33,1.49,23,1.33,0,0,0,0,,0.03,0,0,0,0,0,0,,,39.6,,,,39.6,,0.052668,0,0,0,0.052668,,0.04,0.01,0,0,,,,,,,,0.05,0,,,,,,0,0.05,26.25,10.35,3.58,12.17,4.8,1.66,,,,0,0,0,0,1.33,0,0,1.3,0.91,1.01,1.33,,0,1.31,0,0.02,0.02,0,0,1.31,0,0,0,0,1.31,0,no,yes,no,yes,no,no,no,no,no,yes,1.31,0,,0,0,,0,0,,0,0,,0,0,,0,0,0,0,0,0,0,0,0,0,0,0,0,0,0,0
North and Central America,SPM,Saint Pierre and Miquelon,2020,100,0,0,0,1.22,1.47,23,1.22,0,0,0,0,,,0,0,0,0,0,0,,,39.6,,,,39.6,,0.048312,0,0,0,0.048312,,,,,,,,,,,,,,,,,,,,,,26.25,10.35,3.58,12.17,4.8,1.66,,,,0,0,0,0,1.22,0,0,1.22,0,1.22,1.22,,0,1.21,0,,,,,,,,,,,,no,yes,no,yes,no,no,no,no,no,yes,1.21,,,,,,,,,,,,,,,,,,,,,,,,,,,,,,
"International Tropical Timber Organization, Africa",TGO,Togo,1990,0,0,100,0,1361.66,3093.65,5439,1340.99,20.67,16.54,,4.13,,,,,,,,,,,82.11,26.64,30.22974607,12.10653753,81.26845174,,110.1086889,0.5506488,0.5,0.05,110.66,,,,,,,,,,,,,,,,,,,,,,122.47,33.32,,57.56,15.66,,,,,,,,,,,1361.66,,,,,,195.9,,,22.2,0,0,22.2,1339.46,0,,,,,1339.46,no,yes,no,yes,no,yes,no,yes,no,yes,792.34,,,,,,,,,,,,,,,,,,,,,,,,,,,,,,
"International Tropical Timber Organization, Africa",TGO,Togo,2000,0,0,100,0,1268.464,2696.736,5439,1234.464,34,27.2,,6.8,,,,1.3,,,,,,,82.11,26.64,23.89705882,38.23529412,80.62507095,,101.361839,0.90576,0.65,0.26,102.27,,,,,,,,,,,,,,,,,,,,,,121.87,33.17,,57.28,15.59,,,,,,,,,,,,,,,,,195.9,,,22.2,0,0,22.2,1246.26,,,,,,1246.26,no,yes,no,yes,no,yes,no,yes,no,yes,792.34,,,,,,,,,,,,,,,,,,,,,,,,,,,,,,
"International Tropical Timber Organization, Africa",TGO,Togo,2010,0,0,100,0,1238.87,2299.82,5439,1191.54,47.33,37.86,,9.47,,,,1,,,,,,,82.11,26.64,27.73375594,22.17529039,79.992251,,97.8373494,1.2608712,1.05,0.21,99.1,,,,,,,,,,,,,,,,,,,,,,121.31,33.02,,57.01,15.52,,,,,,,,,,,1238.87,,,,,,195.9,,,22.2,0,0,22.2,1216.67,0,,,,,1216.67,no,yes,no,yes,no,yes,no,yes,no,yes,792.34,,,,,,,,,,,,,,,,,,,,,,,,,,,,,,
"International Tropical Timber Organization, Africa",TGO,Togo,2015,0,0,100,0,1224.07,2101.37,5439,1170.08,54,43.2,,10.8,,,,0.65,,,,,,,82.11,26.64,25.46296296,31.48148148,79.6686464,,96.0752688,1.43856,1.1,0.34,97.52,,9.92,5.68,5.3,3.47,3.13,2.67,2.1,2.09,2.01,1.74,58.8,96.91,0.46,0.06,0.03,0.01,0,0,0.56,97.47,121.03,32.95,,56.88,15.48,,,,,,,,,,,1224.07,,,,,,195.9,3.51,,22.2,0,0,22.2,1201.87,0,,,,,1201.87,no,yes,no,yes,no,yes,no,yes,no,yes,792.34,25.34,,,,,,,,,,,,,,,,,,,,,,,,,,,,,
"International Tropical Timber Organization, Africa",TGO,Togo,2020,0,0,100,0,1209.27,1902.92,5439,1148.63,60.7,48.55,,12.15,,,,,,,,,,,82.11,26.64,28.83625129,18.10699588,79.32885129,,94.3140093,1.617048,1.4,0.22,95.93,,,,,,,,,,,,,,,,,,,,,,120.95,32.93,,56.85,15.48,,,,,,,,,,,1209.27,,,,,,195.9,,,,,,,,,,,,,,no,yes,no,yes,no,yes,no,yes,no,yes,792.34,,,,,,,,,,,,,,,,,,,,,,,,,,,,,,
Asia,SYR,Syrian Arab Republic,1990,0,0,0,100,372.08,35.43,18363,223.28,148.8,148.8,,0,0,,0,0,0,0,0,0,0,0,29.84,30.06,30.06,0,30.05,,6.6626752,4.472928,4.472928,0,11.181004,,,,,,,,,,,,,,,,,,,,,,49.99,15.02,,23.49,7.06,,,,,0,0,0,0,372.08,0,0,,,,,,,,,,,,,,372.08,,,,,,yes,yes,yes,yes,yes,yes,yes,yes,yes,no,,31,,,,,,,,,,,,,,,7,,,0,,,24,,,,,,,,
Asia,SYR,Syrian Arab Republic,2000,0,0,0,100,432.08,35.43,18363,259.28,172.8,172.8,,0,0,,0,0,0,0,0,0,0,0,29.84,30.06,30.06,0,30.05,,7.7369152,5.194368,5.194368,0,12.984004,,,,,,,,,,,,,,,,,,,,,,49.99,15.02,,23.49,7.06,,,,,0,0,0,0,432.08,0,0,,,,,,,,,,,,,,432.08,,,,,,yes,yes,yes,yes,yes,yes,yes,yes,yes,no,,23,,,,,,,,,,,,,,,7,,,6,,,10,,,,,,,,
Asia,SYR,Syrian Arab Republic,2010,0,0,0,100,492.08,35.43,18363,295.68,196.4,196.4,,0,0,,0,0,0,0,0,0,0,0,29.84,30.06,30.06,0,30.05,,8.8230912,5.903784,5.903784,0,14.787004,,,,,,,,,,,,,,,,,,,,,,49.99,15.02,,23.49,7.06,,,,,0,0,0,0,492.08,0,0,,,,,,,,,,,,,,492.08,,,,,,yes,yes,yes,yes,yes,yes,yes,yes,yes,no,,19,,,,,,,,,,,,,,,3,,,5,,,11,,,,,,,,
Asia,SYR,Syrian Arab Republic,2015,0,0,0,100,522.08,35.43,18363,325.68,196.4,196.4,,0,0,,0,0,0,0,0,0,0,0,29.84,30.06,30.06,0,30.05,,9.7182912,5.903784,5.903784,0,15.688504,,,,,,,,,,,,,,,,,,,,,,50.04,14.98,,23.52,7.04,,,,,0,0,0,0,522.08,0,0,,,,,,,,,,,,,,522.08,,,,,,yes,yes,yes,yes,yes,yes,yes,yes,yes,no,,87,,,,,,,,,,,,,,,1,,,2,,,84,,,,,,,,
Asia,SYR,Syrian Arab Republic,2020,0,0,0,100,522.08,35.43,18363,310.68,211.4,211.4,,0,0,,0,0,0,0,0,0,0,0,29.84,30.06,30.06,0,30.05,,9.2706912,6.354684,6.354684,0,15.688504,,,,,,,,,,,,,,,,,,,,,,49.98,15.02,,23.49,7.06,,,,,0,0,0,0,522.08,0,0,,,,,,,,,,,,,,,,,,,,yes,yes,yes,yes,yes,yes,yes,yes,yes,no,,,,,,,,,,,,,,,,,,,,,,,,,,,,,,,
"International Tropical Timber Organization, ASEAN, Asia",PHL,Philippines,1990,0,0,100,0,7778.81,8327.92,29817,7488.19,290.62,290.62,261.56,0,861,,,130.05,,,,,,,163.8339839,111.9675177,111.9675177,0,161.8962283,9.133132883,1226.82,32.54,32.54,0,1259.36,76.06,143,139.74,117.69,106.71,77.79,54.87,35.93,26.68,24.58,21.76,180.3,929.05,112.49,45.83,32.89,26.1,10.99,102.01,330.31,1259.36,207.45,49.46,,97.5,23.25,,,,,2243.25,2396.78,2224.17,0,914.61,0,0,3221.65,4914.72,3138.78,0,0,2224.17,1164.41,,3071.67,1057.28,0,2014.39,4707.14,0,3542.74,17.7,441.52,705.18,0,yes,yes,yes,yes,yes,yes,yes,no,no,no,6561.36,,,,,,,,,,,,,,,,,,,,,,,,,,,,669,206,463
"International Tropical Timber Organization, ASEAN, Asia",PHL,Philippines,2000,0,0,100,0,7309.26,7759.7,29817,6988.68,320.59,320.59,288.53,0,861,,,220.29,,,,,,,174.277546,101.5003587,101.5003587,0,171.0857187,9.801925332,1217.97,32.54,32.54,0,1250.51,76.06,141.99,138.76,116.87,105.96,77.24,54.49,35.68,26.49,24.41,21.61,179.03,922.53,111.7,45.51,32.66,25.91,10.91,101.29,327.98,1250.51,219.24,52.27,,103.04,24.57,,,,,1936.48,2519.51,2097.27,0,756,0,0,2740.51,4779.06,2853.27,0,0,2097.27,1157.87,,2776.76,769.6,0,2007.16,4532.5,0,3374.63,12.46,473.59,671.82,0,yes,yes,yes,yes,yes,yes,yes,no,no,no,6461.57,5.28,,,3.02,,,2.25,,,,,,,,,,,,,,,,,,,,,1195,478,717
"International Tropical Timber Organization, ASEAN, Asia",PHL,Philippines,2010,0,0,100,0,6839.72,7191.47,29817,6489.16,350.55,350.55,315.5,0,861,,,310.53,,,,,,,186.3307423,92.82555983,92.82555983,0,181.5381331,10.57641901,1209.13,32.54,32.54,0,1241.67,76.06,140.99,137.78,116.04,105.21,76.7,54.1,35.43,26.3,24.23,21.45,177.77,916,110.91,45.19,32.43,25.73,10.83,100.57,325.66,1241.66,232.64,55.48,,109.34,26.08,,,,,1629.72,2642.25,1970.37,0,597.38,0,0,2259.37,4643.39,2767.61,0,0,1970.37,1151.32,,2481.85,481.92,0,1999.93,4357.87,0,3206.55,7.21,505.66,638.45,0,yes,yes,yes,yes,yes,yes,yes,no,no,no,6361.77,10.7,,,9.85,,,0.85,,,,,,,,,3,1,2,26,15,11,572,254,318,122,59,63,723,329,394
"International Tropical Timber Organization, ASEAN, Asia",PHL,Philippines,2015,0,0,100,0,7014.15,6907.36,29817,6648.62,365.54,365.54,328.98,0,861,,,303.4,,,,,,,181.1970003,89.01898561,89.01898561,0,176.3934333,11.01144287,1204.71,32.54,32.54,0,1237.25,76.06,140.49,137.29,115.63,104.83,76.42,53.91,35.3,26.21,24.15,21.38,177.14,912.75,110.51,45.03,32.32,25.64,10.8,100.22,324.52,1237.27,226.05,53.91,,106.24,25.34,,,,,1761.89,2696.94,1998.13,0,557.19,0,0,2354.73,4690.63,2555.32,0,0,1998.13,1211.21,,2458.03,440.81,0,2017.22,4556.12,0,3344.91,8.09,547.46,655.66,0,yes,yes,yes,yes,yes,yes,yes,no,no,no,6479.88,4.84,,,3.89,,,0.52,,,,,,0.43,,,6,3,3,61,47,14,796,402,394,192,122,70,1055,574,481
"International Tropical Timber Organization, ASEAN, Asia",PHL,Philippines,2020,0,0,100,0,7188.59,6623.25,29817,6808.07,380.52,380.52,342.47,0,861,,,296.27,,,,,,,176.3040039,85.51455902,85.51455902,0,171.4981658,11.48378817,1200.29,32.54,32.54,0,1232.83,76.06,139.98,136.8,115.21,104.46,76.15,53.72,35.17,26.11,24.06,21.3,176.5,909.46,110.12,44.87,32.2,25.55,10.76,99.86,323.36,1232.82,219.77,52.41,,103.29,24.63,,,,,1894.06,2751.63,2025.88,0,517.02,0,0,2450.12,4737.9,2542.9,0,0,2025.89,1271.09,,,,,,,,,,,,,yes,yes,yes,yes,yes,yes,yes,no,no,no,6597.98,,,,,,,,,,,,,,,,,,,,,,,,,,,,,,
"Espace COMIFAC, Africa",TCD,Chad,1990,0,0,100,0,6730,26962,125920,6719,10.8,0,0,10.8,,,,0,0,,,,,,18.31,4.5,0,4.5,18.29,7.3,123.02489,0.0486,0,0.0486,123.0917,196.8226,,,,,,,,,,,,,,,,,,,,,91.43,25.6,,42.97,12.03,,2.1,38,30,,5552,1142,,,,36,,,,,,1735.28,,,0,0,0,0,6730,0,6730,0,0,0,0,yes,yes,yes,yes,yes,yes,yes,no,no,yes,,,,,,,,,,,,,,,,,,,,,,,,,,,,,,,
"Espace COMIFAC, Africa",TCD,Chad,2000,0,0,100,0,6353,25436,125920,6339,13.8,0,0,13.8,,,,0,0,,,,,,18.31,4.5,0,4.5,18.28,7.3,116.06709,0.0621,0,0.0621,116.13284,185.6828,,,,,,,,,,,,,,,,,,,,,91.4,25.59,,42.96,12.03,,2.1,38,30,,5170,1142,,,,41,,,,,,1735.28,,,0,0,0,0,6353,0,6353,0,0,0,0,yes,yes,yes,yes,yes,yes,yes,no,no,yes,,0.68,,,,,,,,,,,,,,,,,,,,,,,,,,,,,
"Espace COMIFAC, Africa",TCD,Chad,2010,0,0,100,0,5530,22123,125920,5513,17.7,0,0,17.7,,,,0,0,,,,,,18.31,4.5,0,4.5,18.27,7.3,100.94303,0.07965,0,0.07965,101.0331,161.4979,,,,,,,,,,,,,,,,,,,,,91.34,25.57,,42.93,12.02,,2.1,38,30,,4349,1142,,,,39,,,,,,1733.75,550,,0,0,0,0,5530,0,5530,0,0,0,0,yes,yes,yes,yes,yes,yes,yes,no,no,yes,1153,,,,,,,,,,,,,,,,,,,,,,,,,,,,,,
"Espace COMIFAC, Africa",TCD,Chad,2015,0,0,100,0,4890,19550,125920,4872,18.3,0,0,18.3,,,,0,0,,,,,,18.31,4.5,0,4.5,18.26,7.3,89.20632,0.08235,0,0.08235,89.2914,142.715,,,,,,,,,,,,,,,,,,,,,91.29,25.56,,42.91,12.01,,2.1,38,30,,3715,1142,,,,33,,,,,,1733.75,,,0,0,0,0,4890,0,4890,0,0,0,0,yes,yes,yes,yes,yes,yes,yes,no,no,yes,,,,,,,,,,,,,,,,,,,,,,,,,,,,,,,
"Espace COMIFAC, Africa",TCD,Chad,2020,0,0,100,0,4313,17226,125920,4293,19.8,0,0,19.8,,,,0,0,,,,,,18.31,4.5,0,4.5,18.25,7.3,78.60483,0.0891,0,0.0891,78.71225,125.7498,,,,,,,,,,,,,,,,,,,,,91.23,25.54,,42.88,12.01,,2.1,38,30,,,,,,,4313,,,,,,1733.75,,,,,,,,,,,,,,yes,yes,yes,yes,yes,yes,yes,no,no,yes,,,,,,,,,,,,,,,,,,,,,,,,,,,,,,,
"Asia, UNECE",TKM,Turkmenistan,1990,0,89,0,11,4127,0,46993,4127,0,0,0,0,104,,,0,0,,,,,,,,,,3.368063969,,,,,,13.9,,7.5,1.8,1.5,0.15,0.06,0.04,0.07,0.02,0.02,,2.75,13.91,,,,,,,,13.91,4.07,1.74,,1.91,0.82,,,19.14,30,,,104,,,,4023,,,,,,,,,0,0,0,0,4127,0,4127,0,0,0,0,,,,,,,,,,,,2,,,,,,,,,,,,,,,,,,,,,,,,,,,,,
"Asia, UNECE",TKM,Turkmenistan,2000,0,89,0,11,4127,0,46993,4127,0,0,0,0,104,,,0,0,,,,,,,,,,3.392294645,,,,,,14,,7.5,1.8,1.5,0.15,0.06,0.04,0.07,0.02,0.02,,2.85,14.01,,,,,,,,14.01,4.09,1.77,,1.91,0.82,,,19.14,30,,,104,,,,4023,,,,,,,,,0,0,0,0,4127,0,4127,0,0,0,0,,,,,,,,,,,,2,,,,,,,,,,,,,,,,,,,,,,,,,,,,,
"Asia, UNECE",TKM,Turkmenistan,2010,0,89,0,11,4127,0,46993,4127,0,0,0,0,104,,,0,0,,,,,,,,,,3.513448025,,,,,,14.5,,,,,,,,,,,,,,,,,,,,,,4.24,1.82,,1.99,0.85,,,19.14,30,,,104,,,,4023,,,,,,,,,0,0,0,0,4127,0,4127,0,0,0,0,,,,,,,,,,,,2,,,,,,,,,,,,,,,,,,,,,,,,,,,,,
"Asia, UNECE",TKM,Turkmenistan,2015,0,89,0,11,4127,0,46993,4127,0,0,0,0,104,,,0,0,,,,,,,,,,3.513448025,,,,,,14.5,,,,,,,,,,,,,,,,,,,,,,4.24,1.82,,1.99,0.85,,,19.14,30,,,104,,,,4023,,,,,,,,,0,0,0,0,4127,0,4127,0,0,0,0,,,,,,,,,,,,,,,,,,,,,,,,,,,,,,,,,,,,,,,,,
"Asia, UNECE",TKM,Turkmenistan,2020,0,89,0,11,4127,0,46993,4127,0,0,0,0,104,,,0,0,,,,,,,,,,,,,,,,,,,,,,,,,,,,,,,,,,,,,,,,,,,,,,30,,,104,,,,4023,,,,,,,,,,,,,,,,,,,,,,,,,,,,,,,,,,,,,,,,,,,,,,,,,,,,,,,,,,,,
Asia,SAU,Saudi Arabia,1990,0,0,100,0,977,959,214969,977,0,0,0,0,360,,,158,0,,,,,,8.4,0,0,0,8.403275333,5,8.2068,0,0,0,8.21,4.795,,,,,,,,,,,,,,,,,,,,,26.61,8.63,,12.51,4.06,,,34.21,30,0,0,0,0,977,0,0,,,,,,,,,19,,,,958,0,958,0,0,0,0,yes,yes,yes,yes,yes,yes,yes,yes,yes,no,,0.05,0,0.05,,,,,,,,,,,,,3,0,3,9,2,7,12,0,12,,,,24,2,22
Asia,SAU,Saudi Arabia,2000,0,0,100,0,977,959,214969,977,0,0,0,0,360,,,158,0,,,,,,8.4,0,0,0,8.403275333,5,8.2068,0,0,0,8.21,4.795,,,,,,,,,,,,,,,,,,,,,26.61,8.63,,12.51,4.06,,,34.21,30,0,0,0,0,977,0,0,,,,,,,,,19,,,,958,0,958,0,0,0,0,yes,yes,yes,yes,yes,yes,yes,yes,yes,no,,0.05,0,0.05,,,,,,,,,,,,,7,3,4,9,3,6,27,0,27,,,,43,6,37
Asia,SAU,Saudi Arabia,2010,0,0,100,0,977,959,214969,977,0,0,0,0,360,,,158,0,,,,,,8.4,0,0,0,8.403275333,5,8.2068,0,0,0,8.21,4.795,,,,,,,,,,,,,,,,,,,,,26.61,8.63,,12.51,4.06,,,34.21,30,0,0,0,0,977,0,0,,,,,,3,,,19,,,,958,0,958,0,0,0,0,yes,yes,yes,yes,yes,yes,yes,yes,yes,no,,0.08,0,0.08,,,,,,,,,,,,,5,2,3,14,5,9,30,0,30,,,,49,7,42
Asia,SAU,Saudi Arabia,2015,0,0,100,0,977,959,214969,977,0,0,0,0,360,,,158,0,,,,,,8.4,0,0,0,8.403275333,5,8.2068,0,0,0,8.21,4.795,,,,,,,,,,,,,,,,,,,,,26.61,8.63,,12.51,4.06,,,34.21,30,0,0,0,0,977,0,0,,,,,,3,,,19,,,,958,0,958,0,0,0,0,yes,yes,yes,yes,yes,yes,yes,yes,yes,no,,0.1,0,0.1,,,,,,,,,,,,,10,2,8,15,3,12,35,5,30,,,,70,10,50
Asia,SAU,Saudi Arabia,2020,0,0,100,0,977,959,214969,977,0,0,0,0,360,,,158,0,,,,,,8.4,0,0,0,8.403275333,5,8.2068,0,0,0,8.21,4.795,,,,,,,,,,,,,,,,,,,,,26.61,8.63,,12.51,4.06,,,34.21,30,0,0,0,0,977,0,0,,,,,,3,,,,,,,,,,,,,,yes,yes,yes,yes,yes,yes,yes,yes,yes,no,,,,,,,,,,,,,,,,,,,,,,,,,,,,,,,
Africa,SOM,Somalia,1990,0,0,100,0,8282.5,0,62734,8279.5,3,3,0,0,,0,0,,0,,,,,,50,80,80,0,50.01146997,,413.975,0.24,0.24,0,414.22,,,,,,,,,,,,,,,,,,,,,,102.5,28.7,,48.17,13.49,,,,,,,,,,,8282.5,,,,,,,,,0,0,0,0,8282.5,0,0,0,828.25,7454.25,0,no,no,no,yes,no,no,no,yes,no,no,,11.04,0.02,11.02,,,,,,,,,,,,,0,0,0,0,0,0,0,0,0,0,0,0,,,
Africa,SOM,Somalia,2000,0,0,100,0,7515,0,62734,7512,3,3,0,0,,0,0,,0,,,,,,50,80,80,0,50.01197605,,375.6,0.24,0.24,0,375.84,,,,,,,,,,,,,,,,,,,,,,102.5,28.7,,48.17,13.49,,,,,,,,,,,7515,,,,,,,,,0,0,0,0,7515,0,0,0,751.5,6763.5,0,no,no,no,yes,no,no,no,yes,no,no,,22.09,0.04,22.05,,,,,,,,,,,,,0,0,0,0,0,0,0,0,0,0,,,,,
Africa,SOM,Somalia,2010,0,0,100,0,6747.5,0,62734,6744.5,3,3,0,0,,0,0,,0,,,,,,50,80,80,0,50.01407929,,337.225,0.24,0.24,0,337.47,,,,,,,,,,,,,,,,,,,,,,102.49,28.7,,48.17,13.49,,,,,,,,,,,6747.5,,,,,,,,,0,0,0,0,6747.5,0,0,0,674.75,6072.75,0,no,no,no,yes,no,no,no,yes,no,no,,33.13,0.06,33.07,,,,,,,,,,,,,0,0,0,0,0,0,0,0,0,,,,,,
Africa,SOM,Somalia,2015,0,0,100,0,6363.75,0,62734,6360.75,3,3,0,0,,0,0,,0,,,,,,50,80,80,0,50.01453545,,318.0375,0.24,0.24,0,318.28,,,,,,,,,,,,,,,,,,,,,,102.49,28.7,,48.17,13.49,,,,,,,,,,,6363.75,,,,,,,,,0,0,0,0,6363.75,0,0,0,636.4,5727.35,0,no,no,no,yes,no,no,no,yes,no,no,,22.09,0.04,22.05,,,,,,,,,,,,,0,0,0,0,0,0,0,0,0,,,,,,
Africa,SOM,Somalia,2020,0,0,100,0,5980,0,62734,5977,3,3,0,0,,0,0,,0,,,,,,50,80,80,0,50.01505017,,298.85,0.24,0.24,0,299.09,,,,,,,,,,,,,,,,,,,,,,102.49,28.7,,48.17,13.49,,,,,,,,,,,5980,,,,,,,,,,,,,,,,,,,,no,no,no,yes,no,no,no,yes,no,no,,,,,,,,,,,,,,,,,,,,,,,,,,,,,,,
Africa,UGA,Uganda,1990,0,0,100,0,3575.47,3393.88,20052,3405.5,169.97,169.97,,0,,,,0,0,,,,,,73.1,81.1,81.1,0,73.47845178,,248.94205,13.784567,13.784567,0,262.72,,,,,,,,,,,,,,,,,,,,,,96,23,,45.1,10.8,,,,,,,,,,,3575.47,,,,,,,,,,,,,,3575.47,,,,,,yes,yes,no,yes,no,yes,no,yes,no,,,,,,,,,,,,,,,,,,,,,,,,,,,,,,,,
Africa,UGA,Uganda,2000,0,0,100,0,3162.95,3400.82,20052,2894.58,268.36,268.36,,0,,,,0,0,,,,,,73.1,81.1,81.1,0,73.77606349,,211.593798,21.763996,21.763996,0,233.35,,,,,,,,,,,,,,,,,,,,,,96,23,,45.1,10.8,,,,,,,,,,,3162.95,,,,,,,,,,,,,,3162.95,,,,,,yes,yes,no,yes,no,yes,no,yes,no,,,,,,,,,,,,,,,,,,,,,,,,,,,,,,,,
Africa,UGA,Uganda,2010,0,0,100,0,2750.42,3719.91,20052,2383.66,366.76,366.76,,0,,,,0,0,,,,,,73.1,81.1,81.1,0,74.16685452,,174.245546,29.744236,29.744236,0,203.99,,,,,,,,,,,,,,,,,,,,,,96,23,,45.1,10.8,,,,,,,,,,,2750.42,,,,,,,,,,,,,,2750.42,,,,,,yes,yes,no,yes,no,yes,no,yes,no,,,,,,,,,,,,,,,,,,,,,,,,,,,,,,,,
Africa,UGA,Uganda,2015,0,0,100,0,2544.16,3532.18,20052,2128.21,415.96,415.96,,0,,,,0,0,,,,,,73.1,81.1,81.1,0,74.40569775,,155.572151,33.734356,33.734356,0,189.3,,,,,,,,,,,,,,,,,,,,,,96,23,,45.1,10.8,,,,,,,,,,,2544.16,,,,,,,,,,,,,,2544.16,,,,,,yes,yes,no,yes,no,yes,no,yes,no,,,,,,,,,,,,,,,,,,,,,,,,,,,,,,,,
Africa,UGA,Uganda,2020,0,0,100,0,2337.9,3234.32,20052,1872.75,465.16,465.16,,0,,,,0,0,,,,,,73.1,81.1,81.1,0,74.69096197,,136.898025,37.724476,37.724476,0,174.62,,,,,,,,,,,,,,,,,,,,,,96,23,,45.1,10.8,,,,,,,,,,,2337.9,,,,,,,,,,,,,,,,,,,,yes,yes,no,yes,no,yes,no,yes,no,,,,,,,,,,,,,,,,,,,,,,,,,,,,,,,,
"International Tropical Timber Organization, North and Central America",TTO,Trinidad and Tobago,1990,0,0,100,0,242.06,69.13,513,158.68,83.38,60,60,23.38,62.4,0,0.05,5.37,0,,,,,,93,167,,,118.4830207,25,14.75724,13.92446,,,28.68,1.72825,3.46,1.12,0.96,0.92,0.85,0.84,0.79,0.51,,,15.93,25.38,2.03,1.27,,,,,3.3,28.68,91.45,23.41,,42.98,11,,,,,75.9,51.3,19.5,5,90.36,0,0,,,,,,19.5,,,56,,,,186.06,0,186.06,0,0,0,0,no,yes,no,yes,no,yes,no,no,no,yes,,,,,,,,,,,,,,,,,,,,,,,,,,,,,,,
"International Tropical Timber Organization, North and Central America",TTO,Trinidad and Tobago,2000,0,0,100,0,236.65,73.75,513,155.95,80.7,60,60,20.7,62.4,0,0.05,5.37,0,,,,,,93,167,,,118.2336784,25,14.50335,13.4769,,,27.98,1.84375,3.31,1.07,0.92,0.99,0.92,0.8,0.76,0.49,,,15.31,24.57,2.17,1.24,,,,,3.41,27.98,91.93,23.53,,43.21,11.06,,,,,75.9,51.3,19.5,5,84.95,0,0,,,,,,19.5,,,56,,,,180.65,0,180.65,0,0,0,0,no,yes,no,yes,no,yes,no,no,no,yes,,,,,,,,,,,,,,,,,,,,,,,,,,56,26,30,,,
"International Tropical Timber Organization, North and Central America",TTO,Trinidad and Tobago,2010,0,0,100,0,232.41,76.33,513,150.9,80.7,60,60,20.7,62.4,0,0.05,5.37,0,,,,,,93,167,,,118.3684007,25,14.0337,13.4769,,,27.51,1.90825,,,,,,,,,,,,,,,,,,,,,90.89,23.27,,42.72,10.94,,,,,75.9,51.3,19.5,8,77.71,0,0,,,,,,19.5,,,56,,,,176.41,0,176.41,0,0,0,0,no,yes,no,yes,no,yes,no,no,no,yes,,,,,,,,,,,,,,,,,,,,,,,,,,76,31,45,,,
"International Tropical Timber Organization, North and Central America",TTO,Trinidad and Tobago,2015,0,0,100,0,230.29,77.62,513,149.59,80.7,60,60,20.7,62.4,0,0.05,5.37,0,,,,,,93,167,,,118.9369925,25,13.91187,13.4769,,,27.39,1.9405,,,,,,,,,,,,,,,,,,,,,90.62,23.2,,42.59,10.9,,,,,75.9,51.3,19.5,8,75.59,0,0,,,,,,19.5,,,56,,,,174.29,0,174.29,0,0,0,0,no,yes,no,yes,no,yes,no,no,no,yes,,,,,,,,,,,,,,,,,,,,,,,,,,17,7,10,,,
"International Tropical Timber Organization, North and Central America",TTO,Trinidad and Tobago,2020,0,0,100,0,228.19,78.92,513,147.49,80.7,60,60,20.7,62.4,0,0.05,5.37,0,,,,,,93,167,,,119.1989132,25,13.71657,13.4769,,,27.2,1.973,,,,,,,,,,,,,,,,,,,,,90.17,23.08,,42.38,10.85,,,,,75.9,51.3,19.5,8,73.49,0,0,,,,,,19.5,,,,,,,,,,,,,,no,yes,no,yes,no,yes,no,no,no,yes,75.9,,,,,,,,,,,,,,,,,,,,,,,,,,,,,,
Africa,SYC,Seychelles,1990,0,0,100,0,33.7,5.52,46,28.52,4.9,4.9,0.98,0,,,,3.23,,,,,,,130,150,150,0,131.7507418,,3.7076,0.735,0.735,0,4.44,,,,,,,,,,,,,,,,,,,,,,172.81,41.47,,81.22,19.49,,,,,,,,,,,33.7,,,,,,,,,,,,,,33.7,,,,,,,,,,,,,,,,,,,,,,,,,,,,,,,,,,,,,,,,,,,,,,
Africa,SYC,Seychelles,2000,0,0,100,0,33.7,5.52,46,28.52,4.9,4.9,0.98,0,,,,3.23,,,,,,,130,150,150,0,131.7507418,,3.7076,0.735,0.735,0,4.44,,,,,,,,,,,,,,,,,,,,,,172.81,41.47,,81.22,19.49,,,,,,,,,,,33.7,,,,,,,,,,,,,,33.7,,,,,,,,,,,,,,,,,,,,,,,,,,,,,,,,,,,,,,,,,,,,,,
Africa,SYC,Seychelles,2010,0,0,100,0,33.7,5.52,46,28.52,4.9,4.9,0.98,0,,,,3.23,,,,,,,130,150,150,0,131.7507418,,3.7076,0.735,0.735,0,4.44,,,,,,,,,,,,,,,,,,,,,,172.81,41.47,,81.22,19.49,,,,,,,,,,,33.7,,,,,,,,,,,,,,33.7,,,,,,,,,,,,,,,,,,,,,,,,,,,,,,,,,,,,,,,,,,,,,,
Africa,SYC,Seychelles,2015,0,0,100,0,33.7,5.52,46,28.52,4.9,4.9,0.98,0,,,,3.23,,,,,,,130,150,150,0,131.7507418,,3.7076,0.735,0.735,0,4.44,,,,,,,,,,,,,,,,,,,,,,172.81,41.47,,81.22,19.49,,,,,,,,,,,33.7,,,,,,,,,,,,,,33.7,,,,,,,,,,,,,,,,,,,,,,,,,,,,,,,,,,,,,,,,,,,,,,
Africa,SYC,Seychelles,2020,0,0,100,0,33.7,5.52,46,28.52,4.9,4.9,0.98,0,,,,3.23,,,,,,,130,150,150,0,131.7507418,,3.7076,0.735,0.735,0,4.44,,,,,,,,,,,,,,,,,,,,,,172.81,41.47,,81.22,19.49,,,,,,,,,,,33.7,,,,,,,,,,,,,,,,,,,,,,,,,,,,,,,,,,,,,,,,,,,,,,,,,,,,,,,,,,,,
Africa,TUN,Tunisia,1990,0,0,0,100,643.9769,326.8431,15536,491.059223,152.92,50.487345,35.0581,102.430332,0,13.68,0,0,0,33.88,1401.76,35.98,27.08,12.19,31.56,11.36,18.29,7.94,26.76,,15.49782908,1.737144811,0.92341354,0.813296836,17.23282184,,6.25,5.43,2.6,0.06,0.89,0,0,0.06,0,,0.2,15.49,0.97,0.57,0.05,,,0.15,1.74,17.23,49.09,16.95,,23.07,7.97,,,,,0,622.93,21.05,0,0,0,,486.23,643.98,21.05,157.75,,21.05,486.23,0,54,54,0,0,589.98,,589.98,0,0,0,0,no,yes,yes,yes,yes,yes,yes,no,no,yes,643.98,26.67,,,18.9,,,2.23,,,0.81,,,4.73,,,,,,10,1,9,12,0,12,0,0,0,22,1,21
Africa,TUN,Tunisia,2000,0,0,0,100,667.85,320.49,15536,490.65,177.2,58.64,40.8,118.56,0,17.66,0,0,0,40.79,1459.58,39.83,31.92,12.19,33.83,20.89,33.57,14.62,30.4,,16.5986895,3.701708,1.9685448,1.7333472,20.30264,,9.78,4.06,0.93,0.38,0.31,0.22,0.12,0.08,0.01,,1.44,17.33,0.71,0.7,0.54,,,1.02,2.97,20.3,53.39,18.27,,25.09,8.59,,,,,0,645.03,22.82,0,0,0,0,486.23,667.85,22.82,181.61,,22.82,486.23,0,54,54,0,0,613.85,0,613.85,0,0,0,0,no,yes,yes,yes,yes,yes,yes,no,no,yes,667.84,35,,,26.88,,,0.71,,,0.69,,,6.72,,,,,,5,1,4,42,9,33,111,0,111,158,10,148
Africa,TUN,Tunisia,2010,0,0,0,100,687.43,314.14,15536,489.71,197.72,65.68,45.84,132.04,0,9.01,0,0,0,47.69,1517.39,43.67,36.75,12.2,36.74,25.44,36.42,19.99,33.49,,17.9919454,5.0299968,2.3920656,2.6394796,23.0220307,,11.09,4.6,1.05,0.43,0.35,0.25,0.13,0.09,0.01,,1.66,19.66,0.81,0.79,0.61,,,1.15,3.36,23.02,62.73,17.94,,29.48,8.43,,,,,0,613.27,74.16,0,0,0,0,486.23,685.18,74.16,201.19,,74.16,486.23,55.84,54,54,0,0,631.18,2.25,631.18,0,0,0,0,no,yes,yes,yes,yes,yes,yes,no,no,yes,685.18,26.56,,,20.44,,,0.27,,,0.74,,,5.11,,,6,1,5,12,7,5,38,28,10,112,4,108,168,40,128
Africa,TUN,Tunisia,2015,0,0,0,100,695.08,310.96,15536,488.99,206.09,68.63,48,137.46,0,10.18,0,0,0,51.15,1546.3,45.59,39.17,12.2,37.65,25.18,35.38,20.09,33.95,,18.4104735,5.1893462,2.4281294,2.7615714,23.597966,,11.37,4.71,1.08,0.44,0.36,0.26,0.13,0.09,0.01,,1.7,20.15,0.83,0.81,0.63,,,1.18,3.45,23.6,48.89,14.67,,22.98,6.9,,,,,0,619.75,75.33,0,0,0,0,486.23,690.58,75.33,208.85,,75.33,486.23,69.23,54,54,0,0,636.58,4.5,636.58,0,0,0,0,no,yes,yes,yes,yes,yes,yes,no,no,yes,690.58,12.05,,,8.94,,,0.2,,,0.67,,,2.24,,,6,3,3,18,14,4,28,20,8,66,27,39,118,64,54
Africa,TUN,Tunisia,2020,0,0,0,100,702.73,307.77,15536,488.28,214.48,71.58,50.19,142.9,0,10.81,0,0,0,54.6,1575.21,47.52,41.59,12.2,35.07,22.51,31.56,17.92,31.24,,17.1239796,4.8279448,2.2590648,2.560768,21.9532852,,10.58,4.38,1,0.41,0.33,0.24,0.12,0.09,0.01,,1.58,18.74,0.77,0.76,0.58,,,1.1,3.21,21.95,58.74,19.76,,27.61,9.29,,,,,0,627.4,75.33,0,0,0,0,486.23,695.98,75.33,216.5,,75.33,486.23,69.23,,,,,,,,,,,,no,yes,yes,yes,yes,yes,yes,no,no,yes,695.99,,,,,,,,,,,,,,,,,,,,,,,,,,,,,,
North and Central America,SXM,Sint Maarten (Dutch part),1990,0,0,100,0,0.37,1.11,3.4,0.37,0,0,0,0,,,0,0.04,0,,,,,,,,,,,,,,,,,,,,,,,,,,,,,,,,,,,,,,,,,,,,,,,,,,,,,0.37,,,,,,0,,,,,,,,0.37,,,,,,no,,,,,,,,,,,,,,,,,,,,,,,,,,,,,,,,,,,,,,,,
North and Central America,SXM,Sint Maarten (Dutch part),2000,0,0,100,0,0.37,1.11,3.4,0.37,0,0,0,0,,,0,0.04,0,,,,,,,,,,,,,,,,,,,,,,,,,,,,,,,,,,,,,,,,,,,,,,,,,,,,,0.37,,,,,,0,,,,,,,,0.37,,,,,,no,,,,,,,,,,,,,,,,,,,,,,,,,,,,,,,,,,,,,,,,
North and Central America,SXM,Sint Maarten (Dutch part),2010,0,0,100,0,0.37,1.11,3.4,0.37,0,0,0,0,,,0,0.04,0,,,,,,,,,,,,,,,,,,,,,,,,,,,,,,,,,,,,,,,,,,,,,,,,,,,,,0.37,,,,,,0,,,,,,,,0.37,,,,,,no,,,,,,,,,,,,,,,,,,,,,,,,,,,,,,,,,,,,,,,,
North and Central America,SXM,Sint Maarten (Dutch part),2015,0,0,100,0,0.37,1.11,3.4,0.37,0,0,0,0,,,0,0.04,0,,,,,,,,,,,,,,,,,,,,,,,,,,,,,,,,,,,,,,,,,,,,,,,,,,,,,0.37,,,,,,0,,,,,,,,0.37,,,,,,no,,,,,,,,,,,,,,,,,,,,,,,,,,,,,,,,,,,,,,,,
North and Central America,SXM,Sint Maarten (Dutch part),2020,0,0,100,0,0.37,1.11,3.4,0.37,0,0,0,0,,,0,0.04,0,,,,,,,,,,,,,,,,,,,,,,,,,,,,,,,,,,,,,,,,,,,,,,,,,,,,,0.37,,,,,,0,,,,,,,,,,,,,,no,,,,,,,,,,,,,,,,,,,,,,,,,,,,,,,,,,,,,,,,
North and Central America,TCA,Turks and Caicos Islands,1990,0,0,100,0,10.52,16.91,95,10.52,0,0,0,0,,,0,23.6,0,,,,,,77.8,0,0,0,77.8,,0.818456,0,0,0,0.818456,,,,,,,,,,,,,,,,,,,,,,132.26,37.03,,62.16,17.41,,,,,,,,,,,10.52,,,,,,,,,,,,,,10.52,,,,,,no,no,no,no,no,no,no,no,no,,,,,,,,,,,,,,,,,,,,,,,,,,,,,,,,
North and Central America,TCA,Turks and Caicos Islands,2000,0,0,100,0,10.52,16.91,95,10.52,0,0,0,0,,,0,23.6,0,,,,,,77.8,0,0,0,77.8,,0.818456,0,0,0,0.818456,,,,,,,,,,,,,,,,,,,,,,132.26,37.03,,62.16,17.41,,,,,,,,,,,10.52,,,,,,,,,,,,,,10.52,,,,,,no,no,no,no,no,no,no,no,no,,,,,,,,,,,,,,,,,,,,,,,,,,,,,,,,
North and Central America,TCA,Turks and Caicos Islands,2010,0,0,100,0,10.52,16.91,95,10.52,0,0,0,0,,,0,23.6,0,,,,,,77.8,0,0,0,77.8,,0.818456,0,0,0,0.818456,,,,,,,,,,,,,,,,,,,,,,132.26,37.03,,62.16,17.41,,,,,,,,,,,,,,,,,,,,,,,,,,,,,,,no,no,no,no,no,no,no,no,no,,,,,,,,,,,,,,,,,,,,,,,,,,,,,,,,
North and Central America,TCA,Turks and Caicos Islands,2015,0,0,100,0,10.52,16.91,95,10.52,0,0,0,0,,,0,23.6,0,,,,,,77.8,0,0,0,77.8,,0.818456,0,0,0,0.818456,,,,,,,,,,,,,,,,,,,,,,132.26,37.03,,62.16,17.41,,,,,,,,,,,10.52,,,,,,,,,,,,,,10.52,,,,,,no,no,no,no,no,no,no,no,no,,,,,,,,,,,,,,,,,,,,,,,,,,,,,,,,
North and Central America,TCA,Turks and Caicos Islands,2020,0,0,100,0,10.52,16.91,95,10.52,0,0,0,0,,,0,23.6,0,,,,,,77.8,0,0,0,77.8,,0.818456,0,0,0,0.818456,,,,,,,,,,,,,,,,,,,,,,132.26,37.03,,62.16,17.41,,,,,,,,,,,10.52,,,,,,,,,,,,,,,,,,,,no,no,no,no,no,no,no,no,no,,,,,,,,,,,,,,,,,,,,,,,,,,,,,,,,
"Montreal Process, UNECE, International Tropical Timber Organization, North and Central America",USA,United States of America,1990,15,59,0,26,302450,15050,914742,284512,17938,6090,308,11848,70012,3260.7,0,240,0,,2165,,7633,,114.8568426,32.41164009,48.01970443,24.3889264,109.967102,,32678.15,581.4,292.44,288.96,33259.55,,4523,2875,1540,1127,1865,1059,851,769,1327,848,16476,33260,,,,,,,,33260,78.49,15.72,14.23,39.25,7.86,7.12,13.6,124.5,100,71033,,17950,,144868,,,71033,162818,162818,162818,,17950,185077,17950,177475,122759,49050,5666,124166,,124166,0,0,0,0,yes,yes,yes,yes,yes,yes,yes,no,yes,yes,124166,,,,,,,83.3,,,,,,,,,265,50,215,1456,545,911,4649,1556,3093,1013,163,850,7383,2314,5069
"Montreal Process, UNECE, International Tropical Timber Organization, North and Central America",USA,United States of America,2000,15,59,0,26,303536,15576,914742,280976,22560,8722,388,13838,72305,3048.6,0,236,0,,2157,181,9470,,122.2328597,48.17109929,68.88672323,35.11417835,116.7282958,,34344.5,1086.74,600.83,485.91,35431.24,,4775,2869,1626,1312,1969,1118,898,812,1400,895,17757,35431,,,,,,,,35431,84.88,17.26,15.57,42.44,8.63,7.78,13.6,123.8,100,81331,,20819,,144868,,,81331,165687,165687,165687,,20819,195670,20819,178279,119417,53095,5767,124549,,124549,0,0,0,0,yes,yes,yes,yes,yes,yes,yes,no,yes,yes,124549,100.3,,,3.9,,,77.7,,,2.4,,,16.3,,,371,126,245,2194,1080,1114,9029,3963,5066,1449,320,1129,13043,5489,7554
"Montreal Process, UNECE, International Tropical Timber Organization, North and Central America",USA,United States of America,2010,15,59,0,26,308720,15961,914742,283156,25564,12601,440,12963,75294,3591.8,0,243,0,,2039,139,11123,,128.0989278,99.98552652,94.76390763,105.0613284,125.7709899,,36271.98,2556.03,1194.12,1361.91,38828.02,,5296,2817,1564,1614,1899,1234,1043,1147,1433,884,19897,38828,,,,,,,,38828,89.76,18.48,16.65,44.88,9.24,8.33,13.5,123.3,100,89212,,30225,,144868,,,89212,175093,175093,175093,,30225,209125,30225,178339,114988,57283,6068,129974,,129974,0,0,0,0,yes,yes,yes,yes,yes,yes,yes,no,yes,yes,129974,70.06,,,3.61,,,49.6,,,2.8,,,14.05,,,554,247,307,3283,1731,1552,12766,5916,6850,1279,352,927,17882,8246,9636
"Montreal Process, UNECE, International Tropical Timber Organization, North and Central America",USA,United States of America,2015,15,59,0,26,310095,21278,914742,283731,26364,13144,359,13220,75300,4008.9,0,243,0,,2104,125,12456,,134.5168135,111.7497345,109.2407182,114.2443268,132.5811767,,38166.59,2946.17,1435.86,1510.31,41112.76,,4657,2790,1578,1576,1379,1127,1104,1016,957,868,24060,41112,,,,,,,,41112,92.63,19.17,17.27,46.32,9.58,8.64,13.5,122.9,100,91339,,29754,,144868,,,91339,174622,174622,174622,,29754,211221,29754,180119,113963,59680,6475,129976,,129976,0,0,0,0,yes,yes,yes,yes,yes,yes,yes,no,yes,yes,129976,72.78,,,3.48,,,51.9,,,2.2,,,15.2,,,662,304,358,3848,2112,1736,17546,8780,8766,1718,46,1250,23774,11242,12110
"Montreal Process, UNECE, International Tropical Timber Organization, North and Central America",USA,United States of America,2020,15,59,0,26,309795,23079,914742,282274,27521,14029,268,13492,75300,3916.1,0,251,0,,2104,125,13751,,133.4298944,130.9937866,121.5881389,140.7730507,133.2134476,17.44616318,37663.79,3605.08,1705.76,1899.31,41268.86,402.64,4856,3357,1444,1664,1435,1172,1226,1055,933,929,23033,41104,24,25,21,17,16,62,165,41269,94.67,19.64,17.71,47.33,9.82,8.86,13.5,122.7,100,95691,3558.53,31734,3287.78,144868,,30655.69,95691,183448.31,183448.31,183448.31,,31734.75,209389.58,31734.75,,,,,,,,,,,,yes,yes,yes,yes,yes,yes,yes,no,yes,yes,130318,,,,,,,,,,,,,,,,,,,,,,,,,,,,,,
"UNECE, Asia",TJK,Tajikistan,1990,0,100,0,0,408,142,13879,295.392,112.61,77.6016,11.94288624,35.0064,295,,0,0,0,0,,,,,,,,,,,,,,,,,,,,,,,,,,,,,,,,,,,,,,,,,,,,,,,,,,,,,,,,,,,,,0,0,0,0,408,,,,,,408,no,yes,yes,yes,yes,yes,yes,yes,yes,yes,408,,,,,,,,,,,,,,,,,,,,,,,,,,,,,,
"UNECE, Asia",TJK,Tajikistan,2000,0,100,0,0,410,142,13879,296.84,113.16,77.982,12.0014298,35.178,296,,0,0,0,0,,,,,,,,,,,,,,,,,,,,,,,,,,,,,,,,,,,,,,,,,,,,,,,,,,,,,,,,,,,,,0,0,0,0,410,,,,,,410,no,yes,yes,yes,yes,yes,yes,yes,yes,yes,410,,,,,,,,,,,,,,,,,,,,,,,,,,,,,,
"UNECE, Asia",TJK,Tajikistan,2010,0,100,0,0,410,142,13879,296.84,113.16,77.982,12.0014298,35.178,296,,0,0,0,0,,,,,,,,,,,,,,,,,,,,,,,,,,,,,,,,,,,,,,,,,,,,,,,,,,,,,,,,,,,,,0,0,0,0,410,,,,,,410,no,yes,yes,yes,yes,yes,yes,yes,yes,yes,410,,,,,,,,,,,,,,,,,,,,,,,,,,,,,,
"UNECE, Asia",TJK,Tajikistan,2015,0,100,0,0,421.8,142,13879,305.3832,116.42,80.22636,12.3468368,36.19044,296,,0,0,0,0,,,,,,,,,,,,,,,,,,,,,,,,,,,,,,,,,,,,,,,,,,,,,,,,,,,,,,,,,,,,,0,0,0,0,421.8,,,,,,421.8,no,yes,yes,yes,yes,yes,yes,yes,yes,yes,420,,,,,,,,,,,,,,,,,,,,,,,,,,,,,,
"UNECE, Asia",TJK,Tajikistan,2020,0,100,0,0,423.8,142,13879,306.54,117.41,80.68,12.9,36.73,296,,0,0,0,0,,,,,,,,,,,,,,,,,,,,,,,,,,,,,,,,,,,,,,,,,,,,,,,,,,,,423.8,,,,,,,,,,,,,,,,,,,,no,yes,yes,yes,yes,yes,yes,yes,yes,yes,420,,,,,,,,,,,,,,,,,,,,,,,,,,,,,,
"Asia, ASEAN, International Tropical Timber Organization",THA,Thailand,1990,0,0,100,0,19361,0,51089,17641,1720,1720,1720,0,,,,177,1720,562,481,,,,94.16,100,100,0,94.67899385,0,1661.07656,172,172,0,1833.08,0,,,,,,,,,,,,,,,,,,,,,141.69,34.04,,66.59,16,,,,,1720,0,17641,0,0,0,0,1720,17641.03,17641.03,17641.03,,,,,1720,,,,17641,0,17641,0,0,0,0,no,yes,no,yes,no,yes,no,yes,no,yes,17641.03,57.36,,,,,,,,,,,,,,,0,0,0,24,7,17,95,15,80,198,0,198,317,22,295
"Asia, ASEAN, International Tropical Timber Organization",THA,Thailand,2000,0,0,100,0,18998,0,51089,17011,1987,1987,1987,0,,,,245,1987,474,452,,,,94.16,100,100,0,94.77102853,0,1601.75576,198.7,198.7,0,1800.46,0,,,,,,,,,,,,,,,,,,,,,141.83,34.07,,66.66,16.01,,,,,1987,0,17011,0,0,0,0,1987.2,17011.08,17011.08,17011.08,,,,,1987,,,,17011,0,17011,0,0,0,0,no,yes,no,yes,no,yes,no,yes,no,yes,17011.08,140.08,,,,,,,,,,,,,,,3,1,2,52,13,39,150,56,94,0,0,0,205,70,135
"Asia, ASEAN, International Tropical Timber Organization",THA,Thailand,2010,0,0,100,0,20073,0,51089,16831,3242,3242,3242,0,,,,244,3242,614,514,,,,94.16,100,100,0,95.10337269,0,1584.80696,324.2,324.2,0,1909.01,0,,,,,,,,,,,,,,,,,,,,,142.35,34.19,,66.9,16.07,,,,,3242,0,16831,0,0,0,0,3242.24,16830.79,16830.79,16830.79,,,,,3242,,,,16831,0,16831,0,0,0,0,no,yes,no,yes,no,yes,no,yes,no,yes,16830.79,227.89,,,,,,,,,,,,,,,1,0,1,71,32,39,204,122,82,0,0,0,276,154,122
"Asia, ASEAN, International Tropical Timber Organization",THA,Thailand,2015,0,0,100,0,20061,0,51089,16359,3702,3702,3702,0,,,,245,3702,661,538,,,,94.16,100,100,0,95.23752555,0,1540.36344,370.2,370.2,0,1910.56,0,,,,,,,,,,,,,,,,,,,,,142.56,34.24,,67,16.09,,,,,3702,0,16359,0,0,0,0,3702.4,16358.56,16358.56,16358.56,,,,,3702,,,,16359,0,16342.56,,,,16.44,no,yes,no,yes,no,yes,no,yes,no,yes,16358.56,216.55,,,,,,,,,,,,,,,4,2,2,59,29,30,206,123,83,0,0,0,269,154,115
"Asia, ASEAN, International Tropical Timber Organization",THA,Thailand,2020,0,0,100,0,19873,0,51089,16336,3537,3537,3537,0,,,,244,3537,710,548,,,,94.16,100,100,0,95.19951693,0,1538.19776,353.7,353.7,0,1891.9,0,,,,,,,,,,,,,,,,,,,,,142.5,34.23,,66.98,16.09,,,,,3537,0,16336,0,0,0,0,3536.8,16336.16,16336.16,16336.16,,,,,,,,,,,,,,,,no,yes,no,yes,no,yes,no,yes,no,yes,16336.16,,,,,,,,,,,,,,,,,,,,,,,,,,,,,,
Oceania,TUV,Tuvalu,1990,0,0,100,0,1,0,3,1,0,0,0,0,0,0,0,0.05,0,,,,,,,,,,,,,,,,,,,,,,,,,,,,,,,,,,,,,,,,,,,,,,,,,,,,,1,,,,,,,,,0.75,0,0,0.75,0.25,0,0.25,0,0,0,0,no,no,no,yes,yes,no,no,no,no,no,,,,,,,,,,,,,,,,,,,,,,,,,,,,,,,
Oceania,TUV,Tuvalu,2000,0,0,100,0,1,0,3,1,0,0,0,0,0,0,0,0.04,0,,,,,,,,,,,,,,,,,,,,,,,,,,,,,,,,,,,,,,,,,,,,,,,,,,,,,1,,,,,,,,,0.75,0,0,0.75,0.25,0,0.25,0,0,0,0,no,no,no,yes,yes,no,no,no,no,no,,,,,,,,,,,,,,,,,,,,,,,,,,,,,,,
Oceania,TUV,Tuvalu,2010,0,0,100,0,1,0,3,1,0,0,0,0,0,0,0,0.03,0,,,,,,,,,,,,,,,,,,,,,,,,,,,,,,,,,,,,,,,,,,,,,,,,,,,,,1,,,,,,,,,0.75,0,0,0.75,0.25,0,0.25,0,0,0,0,no,no,no,yes,yes,no,no,no,no,no,,,,,,,,,,,,,,,,,,,,,,,,,,,,,,,
Oceania,TUV,Tuvalu,2015,0,0,100,0,1,0,3,1,0,0,0,0,0,0,0,0.03,0,,,,,,,,,,,,,,,,,,,,,,,,,,,,,,,,,,,,,,,,,,,,,,,,,,,,,1,,,,,,,,,0.75,0,0,0.75,0.25,0,0.25,0,0,0,0,no,no,no,yes,yes,no,no,no,no,no,,,,,,,,,,,,,,,,,,,,,,,,,,,,,,,
Oceania,TUV,Tuvalu,2020,0,0,100,0,1,0,3,1,0,0,0,0,0,0,0,0.02,0,,,,,,,,,,,,,,,,,,,,,,,,,,,,,,,,,,,,,,,,,,,,,,,,,,,,,1,,,,,,,,,,,,,,,,,,,,no,no,no,yes,yes,no,no,no,no,no,,,,,,,,,,,,,,,,,,,,,,,,,,,,,,,
"FOREST EUROPE, UNECE, Asia",TUR,Türkiye,1990,0,12,0,88,19783.48,712.64,76963,19237.5,545.98,545.98,18.05,0,0,42.08,0,0,0,0,8.12,0,4.93,0,44.13047433,44.70859738,44.70859738,0,44.14642924,31.05354737,848.96,24.41,24.41,0,873.37,22.13,200.7,187.6,173.03,82.59,79.66,63.48,34.99,14.26,10.76,6.92,16.39,870.38,2.83,0.11,0.02,0.01,0.01,0.01,2.99,873.37,33.63,9.94,0.34,16.77,4.96,0.16,5.87,43.53,30,7578.64,7794.17,17.58,1339.2,3053.89,0,0,8591.3,10046.61,17.58,1858.22,0,6636.05,19783.48,6636.05,1.38,1.37,0.01,0,19782.1,0,19780.72,1.37,0.01,0,0,no,yes,yes,yes,yes,yes,yes,yes,yes,yes,19783.48,281.77,121.14,160.62,168.47,101.03,67.44,61.08,4.63,56.45,34.82,13.4,21.42,17.41,2.09,15.32,6,1,5,29,3,26,363,37,326,119,3,116,517,44,473
"FOREST EUROPE, UNECE, Asia",TUR,Türkiye,2000,0,12,0,88,20148.35,712.64,76963,19592.65,555.7,555.7,19.9,0,0,30.61,0,0,0,0,8.26,0,5.02,0,57.4633855,74.42864855,74.42864855,0,57.93129462,52.35462506,1125.86,41.36,41.36,0,1167.22,37.31,268.23,250.72,231.25,110.38,106.47,84.84,46.77,19.06,14.38,9.24,21.91,1163.25,3.78,0.14,0.02,0.01,0.01,0.01,3.97,1167.22,36.58,10.81,0.37,18.24,5.39,0.17,6,46.15,30,7713.56,7945.6,17.9,1363.04,3108.25,0,0,8744.23,10225.45,17.9,1891.29,0,6754.18,20148.35,6754.18,14.18,14.14,0.03,0,20134.17,0,20119.99,14.14,0.03,0,0.01,no,yes,yes,yes,yes,yes,yes,yes,yes,yes,20148.35,536.52,293.88,242.66,411.37,271.43,139.95,69.62,6.76,62.86,38.5,13.16,25.34,17.03,2.53,14.51,17,4,13,39,12,27,541,129,412,2,1,1,599,146,453
"FOREST EUROPE, UNECE, Asia",TUR,Türkiye,2010,0,12,0,88,21083.08,712.64,76963,20461.0672,622.01,622.0128,38.77896794,0,0,27.98,0,0,0,0,8.39,0,5.1,0,65.04890419,79.0498202,79.0498202,0,65.46197235,70.44229906,1330.97,49.17,49.17,0,1380.14,50.2,317.16,296.46,273.43,130.52,125.89,100.31,55.3,22.54,17,10.93,25.91,1375.45,4.47,0.17,0.02,0.01,0.01,0.01,4.69,1380.14,41.57,11.95,0.42,22.17,5.97,0.2,5.91,46.46,30,8008.73,8441.59,18.6,1398.46,3215.7,0,,8861.6,10386.1,18.6,1921.01,0,6860.29,21083.08,6860.29,10.72,10.53,0.19,0,21072.36,,20803.02,10.53,0.19,0,258.62,no,yes,yes,yes,yes,yes,yes,yes,yes,yes,21083.08,396.49,184.88,211.61,308.9,168.26,140.64,42.89,3.52,39.37,30.92,11.08,19.84,13.77,2.01,11.76,21,6,15,87,24,63,968,304,664,262,73,189,1338,407,931
"FOREST EUROPE, UNECE, Asia",TUR,Türkiye,2015,0,12,0,88,21630.3,712.64,76963,20932.19195,698.11,698.108052,52.65215099,0,0,27.36,0,0,0,0,8.85,0,5.38,0,74.47906095,75.57569326,75.57569326,0,74.51445426,72.15424338,1559.01,52.76,52.76,0,1611.77,51.42,370.7,346.51,318.24,152.55,147.14,117.24,64.63,26.34,19.87,12.78,30.28,1606.28,5.23,0.2,0.03,0.01,0.01,0.01,5.49,1611.77,45.7,12.8,0.46,24.79,6.4,0.22,5.98,48.91,30,8261.52,8560.68,19.17,1459.87,3329.06,0,,9365.42,10951.86,19.17,2025.65,0,7234,21630.3,7234,35.72,34.87,0.85,0,21594.58,,21558.86,34.87,0.85,0,0,no,yes,yes,yes,yes,yes,yes,yes,yes,yes,21630.26,286.46,136.03,150.43,207.25,120.89,86.37,37.15,3.3,33.85,28.75,9.78,18.97,13.3,2.06,11.24,28,9,19,154,65,89,1314,436,878,1281,99,1182,2777,609,2168
"FOREST EUROPE, UNECE, Asia",TUR,Türkiye,2020,0,12,0,88,22220.36,712.64,76963,21503.02,717.34,717.34,65.41,0,0,39.14,0,0,0,0,9.01,0,5.52,0,76.453447,73.99559484,73.99559484,0,76.37410015,74.06264032,1643.98,53.08,53.08,0,1697.06,52.78,387.25,371.6,326.83,160.56,155.44,125.9,68.1,28.25,20.32,13.2,33.64,1691.09,5.64,0.23,0.04,0.02,0.02,0.02,5.97,1697.06,48.11,13.06,0.48,25.65,6.47,0.23,5.25,50.38,30,8479.68,8805.6,19.67,1498.43,3416.98,0,0,9612.76,11241.1,19.67,2079.15,0,7425.04,22220.36,7425.04,,,,,,,,,,,,no,yes,yes,yes,yes,yes,yes,yes,yes,yes,22220.36,,,,,,,,,,,,,,,,,,,,,,,,,,,,,,
Oceania,TON,Tonga,1990,0,0,100,0,8.95,4.17,72,7.95,1,1,1,0,4,,,1,0,,,,,,150,200,200,0,155.3072626,,1.1925,0.2,0.2,0,1.39,,,,,,,,,,,,,,,,,,,,,,194.44,46.67,,91.39,21.93,,,,,1,0.6,7.35,0,0,0,0,,,,,,,2,,4,,,,4.95,0,4,0,0.95,0,0,no,,,,,,,,,yes,6.7,,,,,,,,,,,,,,,,,,,,,,,,,,,,,,
Oceania,TON,Tonga,2000,0,0,100,0,8.95,4.17,72,7.95,1,1,1,0,4,,,1,0,,,,,,150,200,200,0,155.3072626,,1.1925,0.2,0.2,0,1.39,,,,,,,,,,,,,,,,,,,,,,194.44,46.67,,91.39,21.93,,,,,1,0.6,7.35,0,0,0,0,,,,,,,2,,4,,,,4.95,0,4,0,0.95,0,0,no,,,,,,,,,yes,6.7,,,,,,,,,,,,,,,,0,,,0,,,0,,,4,,,4,,
Oceania,TON,Tonga,2010,0,0,100,0,8.95,4.17,72,7.95,1,1,1,0,4,,,1,0,,,,,,150,200,200,0,155.3072626,,1.1925,0.2,0.2,0,1.39,,,,,,,,,,,,,,,,,,,,,,194.44,46.67,,91.39,21.93,,,,,1,0.6,7.35,0,0,0,,,,,,,,2,,4,,,,4.95,,4,0,0.95,0,0,no,,,,,,,,,yes,6.7,,,,,,,,,,,,,,,,0,,,0,,,0,,,3,,,3,,
Oceania,TON,Tonga,2015,0,0,100,0,8.95,4.17,72,7.95,1,1,1,0,4,,,1,0,,,,,,150,200,200,0,155.3072626,,1.1925,0.2,0.2,0,1.39,,,,,,,,,,,,,,,,,,,,,,194.44,46.67,,91.39,21.93,,,,,1,0.6,7.35,0,0,0,0,,,,,,,2,,4,,,,4.95,0,4,0,0.95,0,0,no,,,,,,,,,yes,6.7,,,,,,,,,,,,,,,,,,,,,,,,,,,,,,
Oceania,TON,Tonga,2020,0,0,100,0,8.95,4.17,72,7.95,1,1,1,0,4,,,1,0,,,,,,150,200,200,0,155.3072626,,1.1925,0.2,0.2,0,1.39,,,,,,,,,,,,,,,,,,,,,,194.44,46.67,,91.39,21.93,,,,,1,0.6,7.35,0,0,0,0,,,,,,,2,,,,,,,,,,,,,no,,,,,,,,,yes,6.7,,,,,,,,,,,,,,,,,,,,,,,,,,,,,,
"Europe, UNECE, FOREST EUROPE",UKR,Ukraine,1990,0,100,0,0,9274,28,57929,4707,4567,303,,4264,59,244,,,,,800,,95,35,151.4765243,153.4924458,,,152.4692689,,713,701,,,1414,,538,297,159,176,58,57,32,26,21,,33,1397,17,,,,,,17,1414,89,20,,43.35,10.46,0.38,5.29,24.99,,4452,2782,276,1764,0,0,0,5680,5131,750,9164,,,7444,,0,0,0,0,9274,0,7544,0,0,1730,0,no,yes,yes,yes,,yes,yes,yes,,no,,62,13,49,,,,,,,,,,,,,,,,,,,,,,,,,,,
"Europe, UNECE, FOREST EUROPE",UKR,Ukraine,2000,0,100,0,0,9510,41,57929,4815,4695,331,,4364,59,296,,,,,420,,93,394,168.2242991,228.7539936,,,198.1072555,,810,1074,,,1884,,717,395,214,235,76,75,43,31,29,,44,1859,25,,,,,,25,1884,114,25,,56.05,13.56,0.47,5.29,25.01,,4121,2228,802,1628,0,731,0,5300,5400,1100,8500,,,8260,,7,,,,9503,0,8213,0,0,1290,0,no,yes,yes,yes,,yes,yes,yes,,no,,104.9,18.4,86.5,,,,,,,,,,,,,,,,27,2,25,382,46,336,776,88,688,,,
"Europe, UNECE, FOREST EUROPE",UKR,Ukraine,2010,0,100,0,0,9548,26,57929,4731,4817,343,,4474,59,364,,,,,250,,91,566,211.371803,228.3578991,,,219.941349,38.46153846,1000,1100,,,2100,1,791,460,232,211,93,92,36,35,43,,64,2057,36,0.4,3.1,0.9,0.5,2.1,43,2100,131,29,,64.94,14.45,,5.3,25.07,,3642,2394,1357,1458,0,697,0,5080,5932,1357,8217,,1357,8553,1357,16,,,,9532,0,7496,0,0,1290,746,no,yes,yes,yes,,yes,yes,yes,,no,,69.8,12.1,57.7,,,,,,,,,,,,,,,,173,34,139,111,19,92,645,104,541,,,
"Europe, UNECE, FOREST EUROPE",UKR,Ukraine,2015,0,100,0,0,9657,26,57929,4785,4872,368,,4504,59,398,,,,,230,,91,586,228.4221526,226.3957307,,,227.3998136,38.46153846,1093,1103,,,2196,1,825,501,236,182,98,97,45,37,45,,72,2138,40,12.6,3.2,0.9,0.8,0.5,58,2196,135,30,,67.1,14.91,,,,,3674,2435,1396,1450,0,702,0,5100,6000,1396,8200,,1396,8560,1396,16,,,,9641,0,7571,0,0,1324,746,no,yes,yes,yes,,yes,yes,yes,,no,,61.7,,,,,,,,,,,,,,,,,,184,42,142,374,60,314,1249,163,1086,,,
"Europe, UNECE, FOREST EUROPE",UKR,Ukraine,2020,0,100,0,0,9690,26,57929,4842,4848,370,,4478,59,432,,,,,230,,91,586,237.7116894,232.879538,,,235.2941176,38.46153846,1151,1129,,,2280,1,848,542,240,175,103,102,48,39,48,,73,2218,44,12.9,3.2,0.9,0.5,0.5,62,2280,140,31,,69.45,15.48,,,,,3600,2507,1410,1450,0,723,0,5000,6100,1410,8200,,1410,8650,1410,,,,,,,,,,,,no,yes,yes,yes,,yes,yes,yes,,no,,,,,,,,,,,,,,,,,,,,,,,,,,,,,,,
Africa,TZA,United Republic of Tanzania,1990,0,0,100,0,57390.01,23515,88580,56836.97,553.04,553.04,553.04,0,28508,0,2450,140,0,,,,,,65.1,55.55,55.55,0,65.00801533,16,3700.086747,30.721372,30.721372,,3730.81,376.24,,,,,,,,,,,,,,,,,,,,,48.58,20.22,2.94,24.29,10.11,1.47,,,,1960.9,9457.7,,,,,45971.41,1960.9,9457.7,,,,28508,2130,308.9,3515,,,0,1971.8,51903.21,1971.8,0,0,0,0,no,yes,yes,yes,yes,yes,yes,yes,yes,yes,26236.03,5,,,0.85,,,3.15,,,0.6,,,0.4,,,,,,,,,,,,106,13,93,,,
Africa,TZA,United Republic of Tanzania,2000,0,0,100,0,53670.01,20225,88580,53116.97,553.04,553.04,553.04,0,28508,0,2450,127,0,,,,,,69.1,60.1,60.1,0,69.00726663,16,3670.382627,33.237704,33.237704,,3703.62,323.6,,,,,,,,,,,,,,,,,,,,,48.58,20.22,2.94,24.29,10.11,1.47,,,,1971.8,9457.7,,,,,42240.51,1971.8,9457.7,,,,28508,2130,308.9,3515,,,0,1971.8,48183.21,1971.8,0,0,0,0,no,yes,yes,yes,yes,yes,yes,yes,yes,yes,26236.03,5,,,0.85,,,3.15,,,0.6,,,0.4,,,,,,,,,,,,22,4,18,,,
Africa,TZA,United Republic of Tanzania,2010,0,0,100,0,49950.01,16935,88580,49396.97,553.04,553.04,553.04,0,28508,0,2450,123,0,,,,,,72.57,61.68,61.68,0,72.44,16.09,3584.738113,34.1115072,34.1115072,,3618.378,272.48415,,,,,,,,,,,,,,,,,,,,,48.58,20.22,2.94,24.29,10.11,1.47,,,,1971.8,9457.7,,,,,38520.51,1971.8,9457.7,,,,28508,2130,308.9,3515,,,0,1971.8,44463.21,1971.8,0,0,0,0,no,yes,yes,yes,yes,yes,yes,yes,yes,yes,26236.03,5,,,0.85,,,3.15,,,0.6,,,0.4,,,17,3,14,173,40,136,773,154,619,90,27,63,,,
Africa,TZA,United Republic of Tanzania,2015,0,0,100,0,48090,15290,88580,47536.965,553.04,553.035,553.035,0,28508,0,2450,158.1,0,773.9,,1373,,,72.57,61.68,61.68,0,72.44,16.09,3449.75755,34.1111988,34.1111988,,3483.6396,246.0161,313.9,250.96,186.23,126.3,119.66,106.72,106.33,74.89,74.2,65.46,2025.11,3449.76,18.42,3.71,2.37,0.81,1.21,7.59,34.11,3483.87,48.58,20.22,2.94,24.29,10.11,1.47,,,,1971.8,9457.7,,,,,,1971.8,9457.7,,,,28508,2130,308.9,3515,,,0,1971.8,,1971.8,0,0,0,0,no,yes,yes,yes,yes,yes,yes,yes,yes,yes,26236.03,6,,,1.85,,,3.15,,,0.6,,,0.4,,,13,2,11,186,52,134,1030,348,682,221,68,153,,,
Africa,TZA,United Republic of Tanzania,2020,0,0,100,0,45745,14045,88580,45191.97,553.04,553.04,553.04,0,28508,0,2450,158.1,0,773.9,,1373,,,72.57,61.68,61.68,0,72.44,16.09,3279.581263,34.1115072,34.1115072,,3313.7678,225.98405,,,,,,,,,,,,,,,,,,,,,48.58,20.22,2.94,24.29,10.11,1.47,,,,1971.8,9457.7,,,,,34315.5,1971.8,9457.7,,,,28508,2130,308.9,,,,,,,,,,,,no,yes,yes,yes,yes,yes,yes,yes,yes,yes,26236.03,,,,,,,,,,,,,,,,,,,,,,,,,,,,,,
"Montreal Process, South America",URY,Uruguay,1990,0,0,0,100,798,0,17502,597,201,201,201,0,239,,,0,0,70.5,,,,,107.18,116.8159204,116.8159204,0,109.6115288,,63.98646,23.48,23.48,0,87.47,,,,,,,,,,,,,,,,,,,,,,87,21,,42.03,10.05,,,,,201,0,0,0,597,0,,201,597,597,,,,,,759.98,,,,38.02,,38.02,0,0,0,0,yes,yes,no,yes,no,yes,no,yes,no,no,,0.75,,,,,,,,,,,,,,,0,0,0,0,0,0,8,4,4,,,,,,
"Montreal Process, South America",URY,Uruguay,2000,0,0,0,100,1369,0,17502,740,629,629,629,0,296,,,0,0,70.5,,,,,107.1756757,116.0572337,116.0572337,0,111.2563915,,79.31,73,73,0,152.31,,,,,,,,,,,,,,,,,,,,,,95,23,,46,11,,,,,629,0,0,0,740,0,,629,740,740,,,,653.2,,1348.68,,,,20.32,,20.32,0,0,0,0,yes,yes,no,yes,no,yes,no,yes,no,no,,5.86,,,,,,,,,,,,,,,0,0,0,0,0,0,16,8,8,,,,,,
"Montreal Process, South America",URY,Uruguay,2010,0,0,0,100,1731.3,0,17502,752.2,979.1,979.1,979.1,0,301,,,0,0,70.5,,,,,107.18,127.5661322,127.5661322,0,118.708485,,80.620796,124.9,124.9,0,205.52,,,,,,,,,,,,,,,,,,,,,,102,25,,49,12,,,,,979.1,0,0,0,752.2,0,,979.1,752.2,752.2,,,16.27,933.28,,1717.76,,,,13.54,,13.54,0,0,0,0,yes,yes,no,yes,no,yes,no,yes,no,no,,7.42,,,4.25,,,2.67,,,0.03,,,0.48,,,0,0,0,0,0,0,18,4,14,,,,,,
"Montreal Process, South America",URY,Uruguay,2015,0,0,0,100,1920,0,17502,849,1071,1071,1071,0,340,,,0,0,70.5,,,,,107.1849234,124.7432306,124.7432306,0,116.9791667,,91,133.6,133.6,0,224.6,,,,,,,,,,,,,,,,,,,,,,101,25,,48,12,,,,,1071,0,0,0,849,0,0,1071,849,849,,,38.89,1006.8,,1906.46,,,,13.54,0,13.54,0,0,0,0,yes,yes,no,yes,no,yes,no,yes,no,no,,8.37,,,4.57,,,2.42,,,0.02,,,1.36,,,0,0,0,1,0,1,20,3,17,,,,,,
"Montreal Process, South America",URY,Uruguay,2020,0,0,0,100,2031,0,17502,849,1182,1182,1182,0,340,,,0,0,70.5,,,,,107.1849234,110.998308,110.998308,0,109.4042344,,91,131.2,131.2,0,222.2,,,,,,,,,,,,,,,,,,,,,,97,24,,46,12,,,,,1182,0,0,0,849,0,0,1182,849,849,,,38.89,1125.6,,,,,,,,,,,,,yes,yes,no,yes,no,yes,no,yes,no,no,,,,,,,,,,,,,,,,,,,,,,,,,,,,,,,
"UNECE, Asia",UZB,Uzbekistan,1990,0,100,0,0,2549.3702,457.1,42540,1356.25861,1193.11,616.81755,6.1681755,576.29404,210.3,0,0,0,0,,,,,,28.57124719,26.82062622,,,27.75195223,,38.75,32,,,70.75,,3.8,4.2,0.7,0.85,0.05,0.49,0.53,0.33,0.33,,88.72,100,,,,,,,,100,45.1,20.07,,21.19,9.43,,,,,3.1,2040,506.27,0,0,0,,3.1,2040,506.27,0,0,1540,1450,50,0,0,0,0,2549.37,,2549.37,0,0,0,0,no,yes,yes,yes,yes,yes,yes,no,no,yes,1059.5,,,,,,,,,,,,,,,,,,,,,,,,,,,,,,
"UNECE, Asia",UZB,Uzbekistan,2000,0,100,0,0,2961.461,515.4,42540,1416.42355,1545.04,975.56525,9.7556525,569.4722,210.3,0,0,0,0,,,,,,28.24014046,21.16453553,,,24.54869404,,40,32.7,,,72.7,,9.61,5.88,0.91,0.15,0.08,0.06,0.04,0.03,0.03,,198.51,215.3,,,,,,,,215.3,39.89,17.75,,18.75,8.34,,,,,4.8,2205,751.66,0,0,0,,4.8,2205,751.66,0,0,2202,2040,60,0,0,0,0,2961.46,,2961.46,0,0,0,0,no,yes,yes,yes,yes,yes,yes,no,no,yes,1059.5,,,,,,,,,,,,,,,,,,,,,,,,,,,,,,
"UNECE, Asia",UZB,Uzbekistan,2010,0,100,0,0,3349.6,989,42540,1497.331,1852.27,1307.785,13.07785,544.484,210.3,0,0,0,0,,,,,,27.54901889,17.92396245,,,22.22653451,,41.25,33.2,,,74.45,,15.05,6.21,1.15,0.35,0.1,0.08,0.03,0.02,0.02,,226.37,249.38,,,,,,,,249.38,49.74,21.32,,23.38,10.02,,,,,5.1,2269.5,1075,0,0,0,,5.1,2269.5,1075,0,0,2800,2280,62,0,0,0,0,3349.6,,3349.6,0,0,0,0,no,yes,yes,yes,yes,yes,yes,no,no,yes,3023.1,,,,,,,,,,,,,,,,,,,,,,,,,,,,,,
"UNECE, Asia",UZB,Uzbekistan,2015,0,100,0,0,3549.4,1078,42540,1393.4,2156,1598.64,15.9864,557.36,210.3,0,0,0,0,,,,,,30.07033156,15.90909091,,,21.4684172,,41.9,34.3,,,76.2,,37.45,6.25,1.28,0.75,0.11,0.09,0.04,0.02,0.02,,224.45,270.46,,,,,,,,270.46,48.18,21.44,,22.64,10.08,,,,,5.3,2214,1330.1,0,0,0,,5.3,2214,1330.1,0,0,3150,2950,62,0,0,0,0,3549.4,,3549.4,0,0,0,0,no,yes,yes,yes,yes,yes,yes,no,no,yes,3245.7,,,,,,,,,,,,,,,,,,,,,,,,,,,,,,
"UNECE, Asia",UZB,Uzbekistan,2020,0,100,0,0,3689.66,1175.02,42540,1422.98,2266.68,1458.44,14.57,808.24,210.3,0,0,0,0,,,,,,,,,,,,,,,,,,17.05,8.34,2.85,0.9,0.25,0.11,0.05,0.04,0.02,,,29.61,,,,,,,,29.61,,,,,,,,,,6,2532,1151.66,0,0,0,0,6,2532,1151.66,0,0,3540,3400,62,,,,,,,,,,,,no,yes,yes,yes,yes,yes,yes,no,no,yes,3350,,,,,,,,,,,,,,,,,,,,,,,,,,,,,,
"International Tropical Timber Organization, Asia, ASEAN",VNM,Viet Nam,1990,0,0,95,5,9375.96,0,31007,8630.96,745,745,,0,384,,,,220,,,,,,76.16533966,38.3,38.3,0,73.16,0,657.38,28.5335,28.5335,0,685.9452336,0,,,,,,,,,,,,,,,,,,,,,55.16,14.66,,25.93,6.89,,,,,5100,2800,600,,0,,,,,,,,600,4568.41,,13.89,13.89,0,0,5313.41,,5313.41,0,0,0,0,no,yes,yes,yes,no,yes,yes,yes,yes,yes,,80,,,,,,,,,,,,,,,0,0,0,72,14,58,96,25,71,736,256,480,904,295,609
"International Tropical Timber Organization, Asia, ASEAN",VNM,Viet Nam,2000,0,0,95,5,11784.1,0,31007,9864.53,1919.57,1919.57,,0,187,1169.55,788.71,70.21,95.8,,,,,,109.7173408,38.30024433,38.30024433,0,98.08385876,0,1082.31,73.52,73.52,0,1155.83,0,,,,,,,,,,,,,,,,,,,,,73.95,19.89,,34.76,9.35,,,,,4442.73,5614.07,1727.3,0,0,0,,,,,,,1727.38,5826.23,1337.96,2738.92,2738.92,,,6151.04,,6151.04,0,0,0,0,no,yes,yes,yes,no,yes,yes,yes,yes,yes,11784.58,198,,,,,,,,,,,,,,,5,0,5,218,40,178,706,405,301,2139,939,1200,3068,1384,1684
"International Tropical Timber Organization, Asia, ASEAN",VNM,Viet Nam,2010,0,0,95,5,13388.06,0,31007,10304.8,3083.26,3083.26,,0,80,1124.9,654.9,69.02,188.41,,,,,,95.13,32.13,32.13,0,80.62,0,980.295624,99.0651438,99.0651438,0,1079.345397,0,,,,,,,,,,,,,,,,,,,,,60.79,16.23,,28.57,7.63,,,,,6373.49,4846.19,2002.28,,0,,,,,,,,2002.28,6616.61,2002.28,3800.35,3431.56,110.53,258.27,8861.32,,8861.32,0,0,0,0,no,yes,yes,yes,no,yes,yes,yes,yes,yes,13211.96,298,,,,,,,,,,,,,,,12,0,12,1438,412,1026,2000,1190,810,1975,965,1010,5425,2567,2858
"International Tropical Timber Organization, Asia, ASEAN",VNM,Viet Nam,2015,0,0,95,5,14061.86,0,31007,10175.53,3886.33,3886.33,,0,80,852.8,373.1,57.2,448.8,,,,,,96.92959482,45.95080706,45.95,0,82.84,0,986.31,178.58,178.5768635,0,1164.884482,0,,,,,,,,,,,,,,,,,,,,,62.46,16.6,,29.36,7.8,,,,,6668.2,4462.64,2106.05,,0,,,,,,,,2106.51,6592.06,2106.51,4497.91,3145.47,241.63,1110.41,9221.5,,9221.5,0,0,0,0,no,yes,yes,yes,no,yes,yes,yes,yes,yes,13236.89,,,,,,,,,,,,,,,,30,4,26,1096,343,753,2199,1552,647,4057,1882,2175,7382,3781,3601
"International Tropical Timber Organization, Asia, ASEAN",VNM,Viet Nam,2020,0,0,95,5,14643.09,0,31007,10293.72,4349.37,4349.37,,0,80,900,240.93,57.2,500,,,,,,97.7421185,48.69,48.69,0,83.17233589,0,1006.13,211.7708253,211.7708253,0,1217.9,0,,,,,,,,,,,,,,,,,,,,,62.71,16.67,,29.47,7.83,,,,,7939.84,4588.06,2115.19,0,0,0,0,,,,,,2177.75,7009.62,2056.5,,,,,,,,,,,,no,yes,yes,yes,no,yes,yes,yes,yes,yes,,,,,,,,,,,,,,,,,,,,,,,,,,,,,,,
Oceania,WLF,Wallis and Futuna Islands,1990,0,0,100,0,5.8,3.52,14,5.59,0.2,0.2,0.12,0,,,,0.09,,2.93,,,,,121,273,273,0,125.862069,,0.67639,0.0546,0.0546,0,0.73,,,,,,,,,,,,,,,,,,,,,,198.41,38.48,18.31,82.24,15.87,7.71,1.96,51.05,,0.16,5.14,0.5,0,0,0,0,,,,,,,0,,,,,,,5.8,,,,,,no,,,,,,,,,yes,,,,,,,,,,,,,,,,,,,,,,,,,,,,,,,
Oceania,WLF,Wallis and Futuna Islands,2000,0,0,100,0,5.81,3.58,14,5.42,0.37,0.37,0.28,0,,,,0.04,,2.8,,,,,121,273,273,0,130.8089501,,0.65582,0.10101,0.10101,0,0.76,,,,,,,,,,,,,,,,,,,,,,196.17,38.04,17.72,81.71,15.78,7.48,1.93,51.17,,0.24,5.09,0.48,0,0,0,0,,,,,,,0,,,,,,,5.81,,,,,,no,,,,,,,,,yes,,,,,,,,,,,,,,,,,,,,,,,,,,,,,,,
Oceania,WLF,Wallis and Futuna Islands,2010,0,0,100,0,5.82,3.64,14,5.25,0.54,0.54,0.45,0,,,,0.02,,2.67,,,,,121,273,273,0,134.0206186,,0.63525,0.14742,0.14742,0,0.78,,,,,,,,,,,,,,,,,,,,,,193.93,37.59,17.14,81.18,15.69,7.24,1.9,51.28,,0.32,5.06,0.44,0,0,0,0,,,,,,,0.09,,,,,,,5.82,,,,,,no,,,,,,,,,yes,0.09,0.01,0,0.01,,,,,,,,,,,,,,,,,,,,,,,,,,,
Oceania,WLF,Wallis and Futuna Islands,2015,0,0,100,0,5.83,3.67,14,5.16,0.63,0.63,0.49,0,,,,0.02,,2.6,,,,,121,273,273,0,137.2212693,,0.62436,0.17199,0.17199,0,0.8,,,,,,,,,,,,,,,,,,,,,,192.6,37.33,16.82,80.9,15.65,7.12,1.89,51.35,,0.32,5.07,0.44,0,0,0,0,,,,,,,0.09,,,,,,,5.83,,,,,,no,,,,,,,,,yes,0.09,0.01,0,0.01,,,,,,,,,,,,,,,,,,,,,,,,,,,
Oceania,WLF,Wallis and Futuna Islands,2020,0,0,100,0,5.83,3.67,14,5.16,0.63,0.63,0.49,0,,,,0.02,,2.6,,,,,121,273,273,0,137.2212693,,0.62436,0.17199,0.17199,0,0.8,,,,,,,,,,,,,,,,,,,,,,192.6,37.33,16.82,80.9,15.65,7.12,1.89,51.35,,0.32,5.07,0.44,0,0,0,0,,,,,,,0.09,,,,,,,,,,,,,no,,,,,,,,,yes,0.09,,,,,,,,,,,,,,,,,,,,,,,,,,,,,,
Oceania,TKL,Tokelau,1990,0,0,100,0,0,0,1,0,0,0,0,0,0,0,0,0,0,,,,,,,,,,,,0,0,0,0,0,0,,,,,,,,,,,,,,,,,,,,,0,0,0,0,0,0,0,0,,0,0,0,0,0,0,0,0,0,0,0,0,0,0,0,0,0,0,0,0,0,0,0,0,0,0,no,no,no,no,no,no,no,no,no,no,,0,0,0,0,0,0,0,0,0,0,0,0,0,0,0,0,0,0,0,0,0,0,0,0,0,0,0,0,0,0
Oceania,TKL,Tokelau,2000,0,0,100,0,0,0,1,0,0,0,0,0,0,0,0,0,0,,,,,,,,,,,,0,0,0,0,0,0,,,,,,,,,,,,,,,,,,,,,0,0,0,0,0,0,0,0,,0,0,0,0,0,0,0,0,0,0,0,0,0,0,0,0,0,0,0,0,0,0,0,0,0,0,no,no,no,no,no,no,no,no,no,no,,0,0,0,0,0,0,0,0,0,0,0,0,0,0,0,0,0,0,0,0,0,0,0,0,0,0,0,0,0,0
Oceania,TKL,Tokelau,2010,0,0,100,0,0,0,1,0,0,0,0,0,0,0,0,0,0,,,,,,,,,,,,0,0,0,0,0,0,,,,,,,,,,,,,,,,,,,,,0,0,0,0,0,0,0,0,,0,0,0,0,0,0,0,0,0,0,0,0,0,0,0,0,0,0,0,0,0,0,0,0,0,0,no,no,no,no,no,no,no,no,no,no,,0,0,0,0,0,0,0,0,0,0,0,0,0,0,0,0,0,0,0,0,0,0,0,0,0,0,0,0,0,0
Oceania,TKL,Tokelau,2015,0,0,100,0,0,0,1,0,0,0,0,0,0,0,0,0,0,,,,,,,,,,,,0,0,0,0,0,0,,,,,,,,,,,,,,,,,,,,,0,0,0,0,0,0,0,0,,0,0,0,0,0,0,0,0,0,0,0,0,0,0,0,0,0,0,0,0,0,0,0,0,0,0,no,no,no,no,no,no,no,no,no,no,,0,0,0,0,0,0,0,0,0,0,0,0,0,0,0,0,0,0,0,0,0,0,0,0,0,0,0,0,0,0
Oceania,TKL,Tokelau,2020,0,0,100,0,0,0,1,0,0,0,0,0,0,0,0,0,0,,,,,,,,,,,,0,0,0,0,0,0,,,,,,,,,,,,,,,,,,,,,0,0,0,0,0,0,0,0,,0,0,0,0,0,0,0,0,0,0,0,0,0,0,0,,,,,,,,,,,,no,no,no,no,no,no,no,no,no,no,,,,,,,,,,,,,,,,,,,,,,,,,,,,,,,
Asia,YEM,Yemen,1990,0,0,100,0,549,1406,52797,549,0,0,0,0,0,0,0,0.95,0,,,423,,,9.19,0,0,0,9.19,8.5,5.04531,0,0,0,5.04531,11.951,,,,,,,,,,,,,,,,,,,,,13.99,6.01,2.81,6.58,2.83,1.31,2.09,35.01,30,,,,,,,549,,,,,,,,,521.6,439.2,82.4,0,27.4,0,,,,,27.4,,no,no,no,no,no,no,no,no,no,,,,,,,,,,,,,,,,,,,,,,,,,,,,,,,
Asia,YEM,Yemen,2000,0,0,100,0,549,1406,52797,549,0,0,0,0,0,0,0,0.9,0,,,423,,,9.19,0,0,0,9.19,8.5,5.04531,0,0,0,5.04531,11.951,,,,,,,,,,,,,,,,,,,,,13.99,6.01,2.81,6.58,2.83,1.31,2.09,35.01,30,,,,,,,549,,,,,,,,,521.6,439.2,82.4,0,27.4,0,,,,,27.4,,no,no,no,no,no,no,no,no,no,,,,,,,,,,,,,,,,,,,,,,,,,,,,,,,
Asia,YEM,Yemen,2010,0,0,100,0,549,1406,52797,549,0,0,0,0,0,0,0,0.9,0,,,500,,,9.19,0,0,0,9.19,8.5,5.04531,0,0,0,5.04531,11.951,,,,,,,,,,,,,,,,,,,,,13.99,6.01,2.81,6.58,2.83,1.31,2.09,35.01,30,,,,,,,549,,,,,,31,,,521.6,439.2,82.4,0,27.4,0,,,,,27.4,,no,no,no,no,no,no,no,no,no,,,,,,,,,,,,,,,,,,,,,,,,,,,,,,,
Asia,YEM,Yemen,2015,0,0,100,0,549,1406,52797,549,0,0,0,0,0,0,0,0.9,0,,,500,,,9.19,0,0,0,9.19,8.5,5.04531,0,0,0,5.04531,11.951,,,,,,,,,,,,,,,,,,,,,13.99,6.01,2.81,6.58,2.83,1.31,2.09,35.01,30,,,,,,,549,,,,,,31,,,521.6,439.2,82.4,0,27.4,0,,,,,27.4,,no,no,no,no,no,no,no,no,no,,,,,,,,,,,,,,,,,,,,,,,,,,,,,,,
Asia,YEM,Yemen,2020,0,0,100,0,549,1406,52797,549,0,0,0,0,0,0,0,0.9,0,,,500,,,9.19,0,0,0,9.19,8.5,5.04531,0,0,0,5.04531,11.951,,,,,,,,,,,,,,,,,,,,,,,,,,,,,30,,,,,,,549,,,,,,31,,,,,,,,,,,,,,,no,no,no,no,no,no,no,no,no,,,,,,,,,,,,,,,,,,,,,,,,,,,,,,,
Oceania,WSM,Samoa,1990,0,0,100,0,176.13,25.25,283,170.99,5.13,2.94,,2.19,,0,0,0.36,0,,,,,,63.75,63.95,,,65.89,,10.9006125,0.3280635,,,11.6052057,,,,,,,,,,,,,,,,,,,,,,105.22,21.04,,49.45,9.89,,,,,,,,,,,176.13,,,,,,,,,158.52,,,,17.61,0,17.61,0,0,0,0,no,yes,no,yes,no,yes,no,no,no,yes,,,,,,,,,,,,,,,,,,,,,,,,,,,,,,,
Oceania,WSM,Samoa,2000,0,0,100,0,171.31,22.69,283,166.21,5.09,3.41,,1.68,,0,0,0.35,0,,,,,,63.75,63.95,,,65.89,,10.5958875,0.3255055,,,11.2876159,,,,,,,,,,,,,,,,,,,,,,105.15,21.03,,49.42,9.88,,,,,,,,,,,171.31,,,,,,,,,154.18,,,,17.13,0,17.13,0,0,0,0,no,yes,no,yes,no,yes,no,no,no,yes,,,,,,,,,,,,,,,,,,,,,,,,,,,,,,,
Oceania,WSM,Samoa,2010,0,0,100,0,166.49,20.13,283,161.43,5.05,3.89,,1.16,,0,0,0.35,0,,,,,,63.75,63.95,,,65.89,,10.2911625,0.3229475,,,10.9700261,,,,,,,,,,,,,,,,,,,,,,105.09,21.02,,49.39,9.88,,,,,,,,,,,166.49,,,,,,,,,149.84,,,,16.65,0,16.65,0,0,0,0,no,yes,no,yes,no,yes,no,no,no,yes,18.39,,,,,,,,,,,,,,,,,,,,,,,,,,,,,,
Oceania,WSM,Samoa,2015,0,0,100,0,164.07,18.85,283,159.05,5.04,4.13,,0.91,,0,0,0.35,0,,,,,,63.75,63.95,,,65.89,,10.1394375,0.322308,,,10.8105723,,,,,,,,,,,,,,,,,,,,,,105.05,21.01,,49.37,9.87,,,,,83.04,0,0,0,81.03,0,0,,81.03,81.03,,,18.95,,11.46,147.66,,,,16.41,0,16.41,0,0,0,0,no,yes,no,yes,no,yes,no,no,no,yes,,0.1,0.01,0.08,,,,,,,,,,,,,,,,,,,,3,3,,,3,,,
Oceania,WSM,Samoa,2020,0,0,100,0,161.67,17.6,283,156.7,5.04,4.38,,0.66,,0,0,0.35,0,,,,,,63.75,63.95,,,65.89,,9.989625,0.322308,,,10.6524363,,,,,,,,,,,,,,,,,,,,,,105,21,,49.35,9.87,,,,,,,,,,,161.67,,,,,,,,,,,,,,,,,,,,no,yes,no,yes,no,yes,no,no,no,yes,,,,,,,,,,,,,,,,,,,,,,,,,,,,,,,
"Africa, International Tropical Timber Organization",MOZ,Mozambique,1990,0,0,100,0,43378,15146,78638,43340,38,38,38,0,,,,354.33,,,,,,,36.2,150,150,,36.3,19.7,1568.908,5.7,5.7,0,1574.6214,298.3762,,,,,,,,,,,,,,,,,,,,,101.36,26.76,,47.64,12.58,,,,,29138,9635,4605,0,0,0,0,29138,43378,4605,43378,,14240,4605,4605,38,0,38,0,43340,0,43340,0,0,0,0,no,yes,no,yes,no,yes,yes,no,no,no,,,,,,,,,,,,,,,,,,,,,,,,,,,,,,,
"Africa, International Tropical Timber Organization",MOZ,Mozambique,2000,0,0,100,0,41188,14856,78638,41150,38,38,38,0,,,,355.9,,,,,,,36.2,150,150,,36.3,19.7,1489.63,5.7,5.7,0,1495.1244,292.6632,,,,,,,,,,,,,,,,,,,,,101.36,26.76,,47.64,12.58,,,,,27667,9148,4373,0,0,0,0,27667,41188,4373,41188,,13521,4373,4373,38,0,38,0,41150,0,40614,0,536,0,0,no,yes,no,yes,no,yes,yes,no,no,no,,10,,,,,,,,,,,,,,,0,0,0,0,0,0,2,2,2,,,,2,,2
"Africa, International Tropical Timber Organization",MOZ,Mozambique,2010,0,0,100,0,38972.14,14566,78638,38917.5,54.64,54.64,54.64,0,,,,357.47,,,,,,,36.2,150,150,,36.36,19.7,1408.8135,8.196,8.196,0,1417.02701,286.9502,208,177,140,69,63,53,50,39,36,34,548.03,1417.03,,,,,,,,1417.03,101.37,26.76,,47.64,12.58,,,,,26212,8617.14,4143,0,0,0,0,26212,38972.14,4143,38972.14,,12760.14,7663.62,4143,12.14,0,12.14,0,38960,0,0,0,37760,1200,0,no,yes,no,yes,no,yes,yes,no,no,no,,18,,,,,,,,,,,,,,,0,,,,,,,,,,,,,,
"Africa, International Tropical Timber Organization",MOZ,Mozambique,2015,0,0,100,0,37940,14421,78638,37874.01,65.99,65.99,65.99,0,,,,358.26,,,,,,,36.2,150,150,,36.4,19.7,1371.039162,9.8985,9.8985,0,1381.016,284.0937,,,,,,,,,,,,,,,,,,,,,101.37,26.77,,47.64,12.58,,,,,22425.53,7509.64,6967.56,1037.27,0,0,0,22425.53,37940,6967.56,37940,,14477.2,15439.41,6967.56,75,0,75,0,37865,0,0,0,36665,1200,0,no,yes,no,yes,no,yes,yes,no,no,no,,14,0.55,13.56,,,,,,,,,,,,,,,,,,,,,,,,,,,
"Africa, International Tropical Timber Organization",MOZ,Mozambique,2020,0,0,100,0,36743.76,16296.66,78638,36669.49,74.27,74.27,74.27,0,,,,359.04,,,,,,,36.2,150,150,,36.43,19.7,1327.435538,11.1405,11.1405,0,1338.575177,321.044202,,,,,,,,,,,,,,,,,,,,,101.37,26.77,,47.64,12.58,,,,,19987.66,8260.6,6967.56,1527.94,0,0,0,19987.66,36743.76,6967.56,36743.76,,15228.16,22227.39,6967.56,,,,,,,,,,,,no,yes,no,yes,no,yes,yes,no,no,no,,,,,,,,,,,,,,,,,,,,,,,,,,,,,,,
Asia,TLS,Timor-Leste,1990,0,0,100,0,963.1,0,1487,963.1,0,0,0,0,,0,,,0,,,,,,100,0,0,0,100,,96.31,0,0,0,96.31,0,,,,,,,,,,,,,,,,,,,,,150,42,,70.5,19.74,,,,,,,,,,,963.1,,,,,,,,,,,,,,963.1,,,,,,,,,,,,,,,,,,,,,,,,,,,,,,,,,,,,,,,,,,,,,,
Asia,TLS,Timor-Leste,2000,0,0,100,0,949.1,0,1487,949.1,0,0,0,0,,0,,,0,,,,,,100,0,0,0,100,,94.91,0,0,0,94.91,0,,,,,,,,,,,,,,,,,,,,,150,42,,70.5,19.74,,,,,,,,,,,949.1,,,,,,,,,,,,,,949.1,,,,,,,,,,,,,,,,,,,,,,,,,,,,,,,,,,,,,,,,,,,,,,
Asia,TLS,Timor-Leste,2010,0,0,100,0,935.1,0,1487,935.1,0,0,0,0,,0,,,0,,,,,,100,0,0,0,100,,93.51,0,0,0,93.51,0,,,,,,,,,,,,,,,,,,,,,150,42,,70.5,19.74,,,,,,,,,,,935.1,,,,,,,,,,,,,,935.1,,,,,,,,,,,,,,,,,,,,,,,,,,,,,,,,,,,,,,,,,,,,,,
Asia,TLS,Timor-Leste,2015,0,0,100,0,928.1,0,1487,928.1,0,0,0,0,,0,,1,0,,,,,,100,0,0,0,100,,92.81,0,0,0,92.81,0,,,,,,,,,,,,,,,,,,,,,150,42,,70.5,19.74,,,,,,,,,,,928.1,,,,,,,,,,,,,,928.1,,,,,,,,,,,,,,,,,,,,,,,,,,,,,,,,,,,,,,,,,,,,,,
Asia,TLS,Timor-Leste,2020,0,0,100,0,921.1,0,1487,921.1,0,0,,0,,0,,1.4,0,,,,,,100,0,0,0,100,,92.11,0,0,0,92.11,0,,,,,,,,,,,,,,,,,,,,,150,42,,70.5,19.74,,,,,,,,,,,921.1,,,,,,,,,,,,,,,,,,,,,,,,,,,,,,,,,,,,,,,,,,,,,,,,,,,,,,,,,,,,
Oceania,VUT,Vanuatu,1990,0,0,100,0,442.3,478.96,1219,,,,,,205,,,2.7,0,,,,,,,,,,,,,,,,,,,,,,,,,,,,,,,,,,,,,,,,,,,,,,,,0.02,3,,,,439.28,,,,,,3.04,,,442.3,0,0,442.3,0,0,0,0,0,0,0,no,yes,yes,yes,yes,yes,yes,no,no,no,,,,,,,,,,,,,,,,,,,,,,,,,,,,,,,
Oceania,VUT,Vanuatu,2000,0,0,100,0,442.3,478.96,1219,,,,,,205,,,2.5,0,,,,,,,,,,,,,,,,,,,,,,,,,,,,,,,,,,,,,,,,,,,,,,,,0.02,3,,,,439.28,,,,,,3.04,,,442.3,0,0,442.3,0,0,0,0,0,0,0,no,yes,yes,yes,yes,yes,yes,no,no,no,,,,,,,,,,,,,,,,,,,,,,,,,,,,,,,
Oceania,VUT,Vanuatu,2010,0,0,100,0,442.3,478.96,1219,,,,,,205,,,2.5,0,,,,,,,,,,,,,,,,,,,,,,,,,,,,,,,,,,,,,,,,,,,,,,,,0.02,3,,,,439.28,,,,,,3.04,,,442.3,0,0,442.3,0,0,0,0,0,0,0,no,yes,yes,yes,yes,yes,yes,no,no,no,,,,,,,,,,,,,,,,,,,,,,,,,,,,,,,
Oceania,VUT,Vanuatu,2015,0,0,100,0,442.3,478.96,1219,,,,,,205,,,2.5,0,,,,,,,,,,,,,,,,,,,,,,,,,,,,,,,,,,,,,,,,,,,,,,,,0.02,3,,,,439.28,,,,,,3.04,,,442.3,0,0,442.3,0,0,0,0,0,0,0,no,yes,yes,yes,yes,yes,yes,no,no,no,,,,,,,,,,,,,,,,,,,,,,,,,,,,,,,
Oceania,VUT,Vanuatu,2020,0,0,100,0,442.3,478.96,1219,,,,,,205,,,2.5,0,,,,,,,,,,,,,,,,,,,,,,,,,,,,,,,,,,,,,,,,,,,,,,,,0.02,3,,,,439.28,,,,,,3.04,,,,,,,,,,,,,,no,yes,yes,yes,yes,yes,yes,no,no,no,,,,,,,,,,,,,,,,,,,,,,,,,,,,,,,
Africa,ZMB,Zambia,1990,0,0,100,0,47412,13219,74339,47355,57,57,57,0,,,,0,,,,,,,66,169.5,169.5,169.5,66.12439889,7.7,3125.43,9.6615,9.6615,0,3135.09,101.7863,340.57,335.86,249.47,241.37,182.62,147.92,105.44,102.47,98.58,78.1,1243.03,3125.43,4.9,2.15,1.64,0.31,0.34,0.32,9.66,3135.09,44,12.3,1.9,21.5,6.1,0.99,,36.7,30,,8077,23754.23,0,15580.77,0,0,,,,,,31831,31831,31831,3696,,,,10032,33684,,,,,10032,yes,yes,no,yes,no,yes,yes,yes,no,yes,8077,0.96,,,,,,,,,,,,,,,,,,,,,,,,,,,,,
Africa,ZMB,Zambia,2000,0,0,100,0,47054,13219,74339,46999,55,55,55,0,,,,0,0.5,,,,,,66,169.5,169.5,169.5,66.12083989,7.7,3101.934,9.3225,9.3225,0,3111.25,101.7863,336.63,331.98,246.58,238.59,180.51,146.21,104.22,101.28,97.44,77.2,1241.29,3101.93,4.73,2.07,1.58,0.3,0.33,0.31,9.32,3111.25,44,12.3,1.9,21.5,6.1,0.99,,36.7,30,,8077,23754.23,0,15222.77,0,,,,,,,31831,31831,31831,3375,2761,153,,13857,,,,,,13857,yes,yes,no,yes,no,yes,yes,yes,no,yes,8077,1.28,,,,,,,,,,,,,,,,,,,,,,,,,,,,,
Africa,ZMB,Zambia,2010,0,0,100,0,46696,13219,74339,46641.53,54.47,53.37,53.37,1.1,,,,0,1,,,,,,66,169.5,169.5,169.5,66.12065273,7.7,3078.34098,9.232665,9.046215,0.18645,3087.57,101.7863,332.7,328.1,243.7,235.8,178.4,144.5,103,100.1,96.3,76.3,1239.44,3078.34,4.68,2.05,1.57,0.3,0.32,0.31,9.23,3087.57,44,12.3,1.9,21.5,6.1,0.99,,36.7,30,,7055,24530.16,0,15110.84,0,,,,,,,31831,31831,31831,3265,2671,148,,13406,,,,,,13406,yes,yes,no,yes,no,yes,yes,yes,no,yes,7055,2.2,,,,,,,,,,,,,,,,,,,,,,,,,,,,,
Africa,ZMB,Zambia,2015,0,0,100,0,45755.1,13219,74339,45701.76,53.24,49.38,49.38,3.86,,,,0,1,,,,,,66,169.5,169.5,169.5,66.12027949,7.7,3016.31616,9.02418,8.36991,0.65427,3025.34,101.7863,330.73,326.16,242.26,234.41,177.35,143.65,102.39,99.51,95.73,75.85,1188.27,3016.31,4.58,2.01,1.53,0.29,0.32,0.3,9.03,3025.34,44,12.3,1.9,21.5,6.1,0.99,,36.7,30,,6910,24392.3,,12967.7,,1485.1,,,,,,31831,31831,31831,2922,2391,133,,11997,30836.1,,,,,11997,yes,yes,no,yes,no,yes,yes,yes,no,yes,6910,2.28,,,,,,,,,,,,,,,,,,,,,,,,,,,,,
Africa,ZMB,Zambia,2020,0,0,100,0,44814.03,13219,74339,44761.91,52.09,45.43,45.43,6.66,,,,0,,,,,,,66,169.5,169.5,169.5,66.12036454,7.7,2954.28606,8.829255,7.700385,1.12887,2963.12,101.7863,328.77,324.22,240.82,233.01,176.29,142.79,101.78,98.92,95.16,75.4,1137.13,2954.29,4.48,1.97,1.5,0.28,0.31,0.29,8.83,2963.12,44,12.3,1.9,21.5,6.1,0.99,,36.7,30,,6861,24392.3,,12632.7,,928.03,,,,,,31831,31831,31831,,,,,,,,,,,,yes,yes,no,yes,no,yes,yes,yes,no,yes,6861,,,,,,,,,,,,,,,,,,,,,,,,,,,,,,
Africa,ZWE,Zimbabwe,1990,0,0,100,0,18826.68,7454.32,38685,18672.68,154,154,154,0,,,0,0,0,,,,,,37.76,96,96,,38.24,12.26,705.0803968,14.784,14.784,,719.9322432,91.3899632,228.9,90.24,15.63,9.8,5.72,4.85,3.3,1.54,0.22,0.22,359.51,719.93,,,,,,,,719.93,104.99,29.4,,49.35,13.82,,,,,,,,,,,18826.68,,,,,,3079,854,800,154,0,154,0,8937,9735.68,,,,,8937,no,yes,yes,yes,yes,yes,yes,no,no,yes,800,16.3,,,,,,,,,,,,,,,,,,,,,,,,,,,,,
Africa,ZWE,Zimbabwe,2000,0,0,100,0,18365.98,7454.32,38685,18245.98,120,120,120,0,,,0,0,0,,,,,,37.76,96,96,,38.14,12.26,688.9682048,11.52,11.52,,700.4784772,91.3899632,195.25,76.97,13.33,7.32,4.88,4.11,2.82,1.31,1.88,1.88,390.73,700.48,,,,,,,,700.48,105.06,29.42,,49.38,13.83,,,,,,,,,,,18365.98,,,,,,3079,820,800,120,0,120,0,8937,9308.98,,,,,8937,no,yes,yes,yes,yes,yes,yes,no,no,yes,800,17.21,,,,,,,,,,,,,,,,,,,,,,,,,,,,,
Africa,ZWE,Zimbabwe,2010,0,0,100,0,17905.28,7454.32,38685,17797.28,108,108,108,0,,,0,0,0,,,,,,37.76,96,96,,38.11,12.26,672.0252928,10.368,10.368,,682.3702208,91.3899632,,,,,,,,,,,,,,,,,,,,,105,29.4,,49.35,13.82,,,,,,,,,,,17905.28,,,,,,3076,808,800,108,0,108,0,8937,8860.28,,,,,8937,no,yes,yes,yes,yes,yes,yes,no,no,yes,800,7.24,,,6.39,,,,,,,,,0.84,,,,,,,,,,,,,,,,,
Africa,ZWE,Zimbabwe,2015,0,0,100,0,17674.93,7454.32,38685,17566.93,108,108,108,0,,,0,0,0,,,,,,37.76,96,96,,38.12,12.26,663.3272768,10.368,10.368,,673.7683316,91.3899632,,,,,,,,,,,,,,,,,,,,,104.92,29.38,,49.31,13.81,,,,,,,,,,,17674.93,,,,,,3076,808,800,108,0,108,0,8937,8629.93,,,,,8937,no,yes,yes,yes,yes,yes,yes,no,no,yes,800,,,,,,,,,,,,,,,,,,,,,,,,,,,,,,
Africa,ZWE,Zimbabwe,2020,0,0,100,0,17444.58,7454.32,38685,17336.58,108,108,108,0,,,0,0,0,,,,,,34.13,96,96,,34.51,12.26,591.6974754,10.368,10.368,,602.0124558,91.3899632,,,,,,,,,,,,,,,,,,,,,94.98,26.6,,44.64,12.5,,,,,,,,,,,17444.58,,,,,,3076,808,800,,,,,,,,,,,,no,yes,yes,yes,yes,yes,yes,no,no,yes,800,,,,,,,,,,,,,,,,,,,,,,,,,,,,,,
North and Central America,VCT,Saint Vincent and the Grenadines,1990,0,0,100,0,27.54,0,39,27.5,0.04,0.01,0.01,0.03,,,,0.04,0,,,,,,,,,,168.56,0,,,,,4.6421424,0,,,,,,,,,,,,,,,,,,,,,219.13,52.59,,102.99,24.72,,,,,0.01,4.53,7.3,0,0,0,15.7,1.7,,,,,13.13,4.53,4.53,0,0,0,0,27.54,0,27.54,0,0,0,0,no,no,no,no,no,no,no,no,no,yes,4.53,0.15,0,0.15,0.02,0,0.02,0.04,0.01,0.03,,,,,,,,,,,,,,,,,,,,,
North and Central America,VCT,Saint Vincent and the Grenadines,2000,0,0,100,0,28.54,0,39,28.59,0.11,0.05,0.05,0.06,,,,0.04,0,,,,,,,,,,168.56,0,,,,,4.8107024,0,,,,,,,,,,,,,,,,,,,,,219.13,52.59,,102.99,24.72,,,,,0.05,4.53,7.3,0,0,0,,1.7,,,,,13.13,4.53,4.53,0,0,0,0,28.54,,28.54,0,0,0,0,no,no,no,no,no,no,no,no,no,yes,4.53,0.17,0.01,0.16,0.04,0,0.04,0.05,0.01,0.04,,,,,,,,,,,,,,,,,,,,,
North and Central America,VCT,Saint Vincent and the Grenadines,2010,0,0,100,0,28.54,0,39,28.35,0.19,0.1,0.1,0.09,,,,0.04,0,,,,,,,,,,168.56,0,,,,,4.8107024,0,,,,,,,,,,,,,,,,,,,,,219.13,52.59,,102.99,24.72,,,,,0.1,4.53,7.3,0,0,0,16.61,1.7,,,,,13.13,4.53,4.53,0,0,0,0,28.54,0,28.54,0,0,0,0,no,no,no,no,no,no,no,no,no,yes,4.53,0.17,0.03,0.14,0.04,0,0.04,0.05,0.01,0.04,,,,,,,,,,,,,,,,,,,,,
North and Central America,VCT,Saint Vincent and the Grenadines,2015,0,0,100,0,28.54,0,39,28.28,0.26,0.15,0.15,0.11,,,,0.04,0,,,,,,,,,,168.56,0,,,,,4.8107024,0,,,,,,,,,,,,,,,,,,,,,219.13,52.59,,102.99,24.72,,,,,0.15,4.53,7.3,0,0,0,16.56,1.7,,,,,13.13,4.53,4.53,0,0,0,0,28.54,0,28.54,0,0,0,0,no,no,no,no,no,no,no,no,no,yes,4.53,0.17,0.03,0.14,0.04,0,0.04,0.05,0.01,0.04,,,,,,,,,,,,,,,,,,,,,
North and Central America,VCT,Saint Vincent and the Grenadines,2020,0,0,100,0,28.54,0,39,28.24,0.3,0.17,0.17,0.13,,,,0.04,0,,,,,,,,,,168.56,0,,,,,4.8107024,0,,,,,,,,,,,,,,,,,,,,,219.13,52.59,,102.99,24.72,,,,,0.17,4.53,7.3,0,0,0,16.54,1.7,,,,,13.13,4.53,4.53,,,,,,,,,,,,no,no,no,no,no,no,no,no,no,yes,4.53,,,,,,,,,,,,,,,,,,,,,,,,,,,,,,
North and Central America,VGB,British Virgin Islands,1990,0,0,100,0,3.71,1.68,15,,,,,,,,,0.63,,,,,,,,,,,123,,,,,,0.45633,,,,,,,,,,,,,,,,,,,,,,210,59,,98.7,27.73,,,,,,,,,,,3.71,,,,,,,,,,,,,,3.71,,,,,,no,,,,,,,,,,,,,,,,,,,,,,,,,,,,,,,,,,,,,,,,
North and Central America,VGB,British Virgin Islands,2000,0,0,100,0,3.67,1.68,15,,,,,,,,,0.59,,,,,,,,,,,123,,,,,,0.45141,,,,,,,,,,,,,,,,,,,,,,210,59,,98.7,27.73,,,,,,,,,,,3.67,,,,,,,,,,,,,,3.67,,,,,,no,,,,,,,,,,,,,,,,,,,,,,,,,,,,,,,,,,,,,,,,
North and Central America,VGB,British Virgin Islands,2010,0,0,100,0,3.64,1.68,15,,,,,,,,,0.59,,,,,,,,,,,123,,,,,,0.44772,,,,,,,,,,,,,,,,,,,,,,210,59,,98.7,27.73,,,,,,,,,,,3.64,,,,,,,,,,,,,,3.64,,,,,,no,,,,,,,,,,,,,,,,,,,,,,,,,,,,,,,,,,,,,,,,
North and Central America,VGB,British Virgin Islands,2015,0,0,100,0,3.62,1.68,15,,,,,,,,,0.59,,,,,,,,,,,123,,,,,,0.44526,,,,,,,,,,,,,,,,,,,,,,210,59,,98.7,27.73,,,,,,,,,,,3.62,,,,,,,,,,,,,,3.62,,,,,,no,,,,,,,,,,,,,,,,,,,,,,,,,,,,,,,,,,,,,,,,
North and Central America,VGB,British Virgin Islands,2020,0,0,100,0,3.62,1.68,15,,,,,,,,,0.59,,,,,,,,,,,123,,,,,,0.44526,,,,,,,,,,,,,,,,,,,,,,210,59,,98.7,27.73,,,,,,,,,,,3.62,,,,,,,,,,,,,,,,,,,,no,,,,,,,,,,,,,,,,,,,,,,,,,,,,,,,,,,,,,,,,
"Europe, FOREST EUROPE",VAT,Holy See,1990,0,0,0,100,0,0,0,0,0,0,0,0,0,0,0,0,0,0,0,0,,0,,,,,,,0,0,0,0,0,0,,,,,,,,,,,,,,,,,,,,,0,0,0,0,0,0,0,0,,0,0,0,0,0,0,0,0,0,0,0,0,0,0,,0,0,0,0,0,0,0,0,0,0,0,no,no,no,no,no,no,no,no,no,no,,0,0,0,0,0,0,0,0,0,0,0,0,0,0,0,0,0,0,0,0,0,0,0,0,0,0,0,0,0,0
"Europe, FOREST EUROPE",VAT,Holy See,2000,0,0,0,100,0,0,0,0,0,0,0,0,0,0,0,0,0,0,0,0,,0,,,,,,,0,0,0,0,0,0,,,,,,,,,,,,,,,,,,,,,0,0,0,0,0,0,0,0,,0,0,0,0,0,0,0,0,0,0,0,0,0,0,,0,0,0,0,0,0,0,0,0,0,0,no,no,no,no,no,no,no,no,no,no,,0,0,0,0,0,0,0,0,0,0,0,0,0,0,0,0,0,0,0,0,0,0,0,0,0,0,0,0,0,0
"Europe, FOREST EUROPE",VAT,Holy See,2010,0,0,0,100,0,0,0,0,0,0,0,0,0,0,0,0,0,0,0,0,,0,,,,,,,0,0,0,0,0,0,,,,,,,,,,,,,,,,,,,,,0,0,0,0,0,0,0,0,,0,0,0,0,0,0,0,0,0,0,0,0,0,0,,0,0,0,0,0,0,0,0,0,0,0,no,no,no,no,no,no,no,no,no,no,,0,0,0,0,0,0,0,0,0,0,0,0,0,0,0,0,0,0,0,0,0,0,0,0,0,0,0,0,0,0
"Europe, FOREST EUROPE",VAT,Holy See,2015,0,0,0,100,0,0,0,0,0,0,0,0,0,0,0,0,0,0,0,0,,0,,,,,,,0,0,0,0,0,0,,,,,,,,,,,,,,,,,,,,,0,0,0,0,0,0,0,0,,0,0,0,0,0,0,0,0,0,0,0,0,0,0,,0,0,0,0,0,0,0,0,0,0,0,no,no,no,no,no,no,no,no,no,no,,0,0,0,0,0,0,0,0,0,0,0,0,0,0,0,0,0,0,0,0,0,0,0,0,0,0,0,0,0,0
"Europe, FOREST EUROPE",VAT,Holy See,2020,0,0,0,100,0,0,0,0,0,0,0,0,0,0,0,0,0,0,0,0,,0,,,,,,,0,0,0,0,0,0,,,,,,,,,,,,,,,,,,,,,0,0,0,0,0,0,0,0,,0,0,0,0,0,0,0,0,0,0,0,0,0,0,,,,,,,,,,,,,no,no,no,no,no,no,no,no,no,no,,,,,,,,,,,,,,,,,,,,,,,,,,,,,,,
Africa,ZAF,South Africa,1990,0,0,30,70,18142.09,49682.43,121309,14998.47,3143.62,1270,1270,1873.62,500,,,2,0,,,,,,38,117.5873674,235,38,51.79061508,,569.94186,369.65,298.45,71.19756,939.59,,24,35,24,24,35,24,24,21,24,0,704.59,939.59,,,,,,,,939.59,85.14,20.52,,40.01,9.64,,,,,1270,,500,11,,,16361.09,,,,,,225,,190,1232,394,838,0,586,16324.09,586,0,0,0,0,no,yes,yes,yes,yes,yes,yes,yes,yes,yes,1818,200,,,,,,,,,,,,,,,,,,,,,,,,,,,,,
Africa,ZAF,South Africa,2000,0,0,30,70,17778.09,49682.43,121309,14634.47,3143.62,1270,1270,1873.62,497,,,2,0,,,,,,38,117.5873674,235,38,52.07308547,,556.10986,369.65,298.45,71.19756,925.76,,24,35,24,24,35,24,24,21,24,0,690.76,925.76,,,,,,,,925.76,85.3,20.55,,40.09,9.66,,,,,1270,,497,11,,,16000.09,,,,,,225,,190,1215,433,782,0,638,15925.09,638,0,0,0,0,no,yes,yes,yes,yes,yes,yes,yes,yes,yes,1853,201,,,,,,,,,,,,,,,,,,,,,,,,,,,,,
Africa,ZAF,South Africa,2010,0,0,30,70,17414.09,49682.43,121309,14270.47,3143.62,1270,1270,1873.62,497,,,2,0,,,,,,38,117.5873674,235,38,52.36736459,,542.27786,369.65,298.45,71.19756,911.93,,24,35,24,24,35,24,24,21,24,0,676.93,911.93,,,,,,,,911.93,85.48,20.59,,40.17,9.68,,,,,1270,,493,11,,,15640.09,,,,,,225,,190,1335,443,892,0,459,15620.09,459,0,0,0,0,no,yes,yes,yes,yes,yes,yes,yes,yes,yes,1794,170,,,,,,,,,,,,,,,,,,,,,,,,,,,,,
Africa,ZAF,South Africa,2015,0,0,30,70,17232.09,49682.43,121309,14088.47,3143.62,1270,1270,1873.62,428,,,2,0,,,,,,38,117.5873674,235,38,52.51887612,,535.36186,369.65,298.45,71.19756,905.01,,24,35,24,24,35,24,24,21,24,0,670.01,905.01,,,,,,,,905.01,85.57,20.61,,40.22,9.69,,,,,1270,,428,11,,,15523.09,,,,,,225,,190,1331,447,844,0,457,15444.09,457,0,0,0,0,no,yes,yes,yes,yes,yes,yes,yes,yes,yes,1788,158,,,,,,,,,,,,,,,,,,,,,,,,,,,120,39,81
Africa,ZAF,South Africa,2020,0,0,30,70,17050.09,49682.43,121309,13906.47,3143.62,1270,1270,1873.62,428,,,2,0,,,,,,38,117.5873674,235,38,52.67420876,,528.44586,369.65,298.45,71.19756,898.1,,24,35,24,24,35,24,24,21,24,0,663.1,898.1,,,,,,,,898.1,85.66,20.63,,40.26,9.69,,,,,1270,,428,11,,,15341.09,,,,,,225,,190,,,,,,,,,,,,no,yes,yes,yes,yes,yes,yes,yes,yes,yes,,,,,,,,,,,,,,,,,,,,,,,,,,,,,,,
"International Tropical Timber Organization, South America",VEN,Venezuela (Bolivarian Republic of),1990,0,0,100,0,52026,7526,88205,51600.01,425.99,420.99,420.99,5,51600.01,,0.22,323,,22.3,,2.12,,,224.25,144.47,145,100,223.6,2,11571.30224,61.5427753,61.04355,0.5,11633.0136,15.052,,,,,,,,,,,,,,,,,,,,,209.18,49.7,,98.32,23.36,,,,,11687.59,20622.75,258.93,558.17,5230.95,13667.61,0,11687.59,25923.7,258.93,558.17,13667.61,51467.83,580.71,553.18,0,0,0,0,52026,0,52026,0,0,0,0,yes,yes,yes,yes,yes,yes,yes,yes,yes,yes,51467.83,,,,,,,,,,,,,,,,,,,,,,,,,,,,,,
"International Tropical Timber Organization, South America",VEN,Venezuela (Bolivarian Republic of),2000,0,0,100,0,49151,7421,88205,48411.44,739.56,663.68,663.68,75.88,48411.44,,0.22,260,,22.7,,2.94,,,224.25,140.38,145,100,222.99,2,10856.26542,103.8194328,96.2336,7.588,10960.18149,14.842,,,,,,,,,,,,,,,,,,,,,207.74,49.36,,97.64,23.2,,,,,14906.08,17991.12,10028.64,625.68,5274.88,324.6,0,14906.08,23266.01,10028.64,625.68,324.6,48525.32,12367.15,8060.05,0,0,0,0,49151,0,49151,0,0,0,0,yes,yes,yes,yes,yes,yes,yes,yes,yes,yes,48525.32,,,,,,,,,,,,,,,,,,,,,,,,,,,,,,
"International Tropical Timber Organization, South America",VEN,Venezuela (Bolivarian Republic of),2010,0,0,100,0,47505,7704,88205,46515.78,989.22,870.41,870.41,118.81,46515.78,,0.22,260,,23.1,,3.94,,,224.25,139.6,145,100,222.49,2,10431.16367,138.095112,126.20945,11.881,10569.38745,15.408,,,,,,,,,,,,,,,,,,,,,206.52,49.07,,97.06,23.06,,,,,14452.05,16723.79,10028.67,625.68,5274.88,399.93,,14452.05,21998.67,10028.64,625.68,399.93,46879.32,12367.15,8060.05,1083.31,0,144.31,939,46421.69,,46421.69,0,0,0,0,yes,yes,yes,yes,yes,yes,yes,yes,yes,yes,46879.32,15.48,5.72,9.75,3.86,1.43,2,7.2,0.86,6.63,3.35,2.86,0.49,1.06,0.57,0.49,,,,,,,,,,,,,,,
"International Tropical Timber Organization, South America",VEN,Venezuela (Bolivarian Republic of),2015,0,0,100,0,46683,7847,88205,45329.41,1353.59,1234.77,1234.77,118.82,45329.41,,0.22,217,,23.5,,3.94,6,,224.25,141.05,145,100,221.84,2,10165.12019,190.9238695,179.04165,11.882,10356.15672,15.694,,,,,,,,,,,,,,,,,,,,,204.8,48.66,,96.25,22.87,,,,,14452.05,15901.79,10028.67,625.68,5274.88,399.93,,14452.05,21998.67,10028.64,625.68,399.93,46057.32,12367.15,8060.05,1083.31,0,144.31,939,45599.69,,45599.69,0,0,0,0,yes,yes,yes,yes,yes,yes,yes,yes,yes,yes,46057.32,,,,,,,,,,,,,,,,,,,,,,,,,,,,,,
"International Tropical Timber Organization, South America",VEN,Venezuela (Bolivarian Republic of),2020,0,0,100,0,46230.9,7847,88205,44872.75,1358.15,1237.83,1237.83,120.32,44872.75,,0.5,202.84,,23.9,,5.94,8,,224.25,141.01,145,100,221.8,2,10062.71419,191.5127315,179.48535,12.032,10254.01362,15.694,,,,,,,,,,,,,,,,,,,,,204.72,48.64,,96.22,22.86,,,,,9596.08,20305.66,10028.67,625.68,5274.88,399.93,0,9596.08,25580.54,10028.64,625.68,399.93,45605.22,12367.15,8060.05,,,,,,,,,,,,yes,yes,yes,yes,yes,yes,yes,yes,yes,yes,45605.22,,,,,,,,,,,,,,,,,,,,,,,,,,,,,,
North and Central America,VIR,United States Virgin Islands,1990,0,0,0,100,24.54,0,35,24.54,0,0,0,0,,,,,,,,,,,11.00244499,0,,,11.00244499,,0.27,0,0,0,0.27,,0.04,0.03,0.04,0,0.02,0.02,0.01,0.01,0,0,0.04,0.21,0.04,0,0,0,0,0,0.04,0.25,27.01,5.75,0.48,13.5,2.87,0.24,6.22,,,,,,,,,24.54,,,,,,,,,19.07,,,,5.46,0.01,,,,,5.46,no,yes,no,yes,no,yes,no,yes,no,yes,,,,,,,,,,,,,,,,,,,,,,,,,,,,,,,
North and Central America,VIR,United States Virgin Islands,2000,0,0,0,100,20.47,0,35,20.47,0,0,0,0,,,,,,,,,,,13.1900342,0,,,13.1900342,,0.27,0,0,0,0.27,,0.04,0.03,0.04,0,0.02,0.02,0.01,0.01,0,0,0.04,0.21,0.04,0,0,0,0,0,0.04,0.25,27.01,5.75,0.48,13.5,2.87,0.24,6.22,,,,,,,,,20.47,,,,,,,,,15.91,,,,4.56,0,,,,,4.56,no,yes,no,yes,no,yes,no,yes,no,yes,,,,,,,,,,,,,,,,,,,,,,,,,,,,,,,
North and Central America,VIR,United States Virgin Islands,2010,0,0,0,100,18.43,0,35,18.43,0,0,0,0,,,,,,,,,,,23.33152469,0,,,23.33152469,,0.43,0,0,0,0.43,,0.06,0.04,0.05,0.01,0.02,0.02,0.02,0.03,0,0,0.07,0.32,0.07,0,0.01,0.01,0.01,0,0.1,0.42,40.13,10.03,2.55,20.07,5.01,1.27,17,,,,,,,,,18.43,,,,,,,,,14.32,,,,4.11,0,,,,,4.11,no,yes,no,yes,no,yes,no,yes,no,yes,,,,,,,,,,,,,,,,,,,,,,,,,,,,,,,
North and Central America,VIR,United States Virgin Islands,2015,0,0,0,100,19.16,0,35,19.16,0,0,0,0,,,,,,,,,,,32.88100209,0,,,32.88100209,,0.63,0,0,0,0.63,,0.07,0.05,0.05,0.04,0.03,0.03,0.03,0.03,0.02,0.01,0.09,0.45,0.11,0.03,0.02,0.01,0.01,0.01,0.19,0.64,42.19,12.09,4.61,21.1,6.04,2.31,17,,,,,,,,,19.16,,,,,,,,,14.76,,,,4.23,0.17,,,,,4.23,no,yes,no,yes,no,yes,no,yes,no,yes,,,,,,,,,,,,,,,,,,,,,,,,,,,,,,,
North and Central America,VIR,United States Virgin Islands,2020,0,0,0,100,19.91,0,35,19.91,0,0,0,0,,,,,,,,,,,39.67855349,0,,,39.67855349,,0.79,0,0,0,0.79,,0.08,0.07,0.05,0.06,0.04,0.03,0.03,0.03,0.03,0.01,0.12,0.55,0.14,0.03,0.02,0.01,0.01,0.01,0.22,0.77,52.5,22.4,14.92,26.25,11.2,7.46,17,,,,,,,,,19.91,,,,,,,,,,,,,,,,,,,,no,yes,no,yes,no,yes,no,yes,no,yes,,,,,,,,,,,,,,,,,,,,,,,,,,,,,,,
Africa,SWZ,Eswatini,1990,0,0,83,17,461.14,310.42,1720,297.37,163.77,163.77,,0,0.11,,,0,,,0.93,0.02,0.15,,18.3,100,100,0,47.32,11.7,5.441871,16.377,16.377,0,21.8211448,3.631914,,,,,,,,,,,,,,,,,,,,,78.14,22.14,,36.72,10.41,,,,,155.03,0.1,45.9,5.4,,,254.71,,,,,,0,,,155.03,2.8,152.09,0.14,0.39,305.72,0.39,0,0,0,0,yes,yes,no,yes,no,yes,no,yes,no,yes,158.36,,,,,0.85,0.72,0.95,0.1,0.85,0.53,0.45,0.08,0,0,0,,,,,,,,,,15,5,10,,,
Africa,SWZ,Eswatini,2000,0,0,83,17,473.28,310.42,1720,330.13,143.15,143.15,,0,0.12,,,0,,,1.05,0.02,0.23,,18.3,100,100,0,43.01,11.7,6.041379,14.315,14.315,0,20.3557728,3.631914,,,,,,,,,,,,,,,,,,,,,77.4,21.9,,36.38,10.29,,,,,150.21,0.1,67.3,6.2,,,249.47,,,,,,0,,,150.21,2.95,147.12,0.14,0.39,322.68,0.39,0,0,0,0,yes,yes,no,yes,no,yes,no,yes,no,yes,153.69,,,,1.16,0.23,0.93,1.21,0.22,0.99,0.58,0.48,0.1,0,0,0,,,1,,1,,,,,5,3,2,,,
Africa,SWZ,Eswatini,2010,0,0,83,17,485.43,310.42,1720,362.89,122.54,122.54,,0,0.3,,,0,,,1.1,0.12,0.27,,18.3,100,100,0,38.92,11.7,6.640887,12.254,12.254,0,18.8929356,3.631914,,,,,,,,,,,,,,,,,,,,,76.71,21.67,,36.05,10.18,,,,,131.5,0.21,68.2,7,,,278.52,,,,,,0,0.21,,131.5,3.2,128.06,0.24,0.39,353.54,0.39,0,0,0,0,yes,yes,no,yes,no,yes,no,yes,no,yes,135.33,,,,1.18,0.2,0.98,1.5,0.3,1.2,0.66,0.55,0.11,0,0,0,,,,,,2,,,,15,7,8,,,
Africa,SWZ,Eswatini,2015,0,0,83,17,491.5,310.42,1720,379.27,112.23,112.23,,0,0.45,,,0,,,1.1,0.13,0.34,,18.3,100,100,0,36.96,11.7,6.940641,11.223,11.223,0,18.16584,3.631914,,,,,,,,,,,,,,,,,,,,,76.37,21.55,,35.9,10.13,,,,,122.48,0.21,72.9,8.3,,,287.61,,,,,,16,0.21,,122.48,3.4,118.83,0.25,0.39,368.63,0.39,0,0,0,0,yes,yes,no,yes,no,yes,no,yes,no,yes,126.52,,,,1.43,0.33,1.1,1.7,0.35,1.35,0.9,0.78,0.12,0,0,0,,,,,,2,2,1,1,,,7,,,
Africa,SWZ,Eswatini,2020,0,0,83,17,497.56,310.42,1720,395.67,101.93,101.93,,0,1.2,,,0,,,1.4,0.14,0.36,,18.3,100,100,0,35.04,11.7,7.240761,10.193,10.193,0,17.4345024,3.631914,,,,,,,,,,,,,,,,,,,,,76.05,21.44,,35.74,10.08,,,,,137.5,0.25,80.1,8.5,,,271.21,,,,,,23,0.34,,,,,,,,,,,,,yes,yes,no,yes,no,yes,no,yes,no,yes,130.23,,,,,,,,,,,,,,,,,,,,,,,,,,,,,,
